114 ;260 ;
0.176271186441 ;0.169491525424 ;0.172881355932 ;0.159322033898 ;0.159322033898 ;0.155932203390 ;0.162711864407 ;0.159322033898 ;0.152542372881 ;0.152542372881 ;0.155932203390 ;0.162711864407 ;0.169491525424 ;0.169491525424 ;0.166101694915 ;0.162711864407 ;0.152542372881 ;0.166101694915 ;0.162711864407 ;0.159322033898 ;0.155932203390 ;0.152542372881 ;0.142372881356 ;0.152542372881 ;0.159322033898 ;0.166101694915 ;0.152542372881 ;0.142372881356 ;0.138983050847 ;0.149152542373 ;0.159322033898 ;0.155932203390 ;0.152542372881 ;0.145762711864 ;0.138983050847 ;0.142372881356 ;0.149152542373 ;0.152542372881 ;0.155932203390 ;0.155932203390 ;0.152542372881 ;0.159322033898 ;0.155932203390 ;0.166101694915 ;0.159322033898 ;0.159322033898 ;0.155932203390 ;0.155932203390 ;0.166101694915 ;0.172881355932 ;0.162711864407 ;0.155932203390 ;0.149152542373 ;0.155932203390 ;0.162711864407 ;0.166101694915 ;0.172881355932 ;0.179661016949 ;0.176271186441 ;0.176271186441 ;0.179661016949 ;0.193220338983 ;0.193220338983 ;0.189830508475 ;0.210169491525 ;0.213559322034 ;0.223728813559 ;0.227118644068 ;0.223728813559 ;0.216949152542 ;0.206779661017 ;0.213559322034 ;0.210169491525 ;0.210169491525 ;0.210169491525 ;0.206779661017 ;0.203389830508 ;0.200000000000 ;0.203389830508 ;0.213559322034 ;0.220338983051 ;0.223728813559 ;0.196610169492 ;0.169491525424 ;0.169491525424 ;0.159322033898 ;0.152542372881 ;0.138983050847 ;0.138983050847 ;0.142372881356 ;0.149152542373 ;0.145762711864 ;0.149152542373 ;0.142372881356 ;0.132203389831 ;0.128813559322 ;0.132203389831 ;0.132203389831 ;0.125423728814 ;0.128813559322 ;0.122033898305 ;0.138983050847 ;0.135593220339 ;0.138983050847 ;0.145762711864 ;0.128813559322 ;0.122033898305 ;0.132203389831 ;0.138983050847 ;0.142372881356 ;0.138983050847 ;0.125423728814 ;0.115254237288 ;0.118644067797 ;0.105084745763 ;0.074576271186 ;0.061016949153 ;0.040677966102 ;0.016949152542 ;0.000000000000 ;0.020338983051 ;0.081355932203 ;0.159322033898 ;0.254237288136 ;0.352542372881 ;0.522033898305 ;0.694915254237 ;0.850847457627 ;0.955932203390 ;1.000000000000 ;0.976271186441 ;0.874576271186 ;0.694915254237 ;0.474576271186 ;0.288135593220 ;0.179661016949 ;0.098305084746 ;0.057627118644 ;0.040677966102 ;0.054237288136 ;0.074576271186 ;0.098305084746 ;0.098305084746 ;0.101694915254 ;0.098305084746 ;0.105084745763 ;0.105084745763 ;0.105084745763 ;0.094915254237 ;0.101694915254 ;0.101694915254 ;0.101694915254 ;0.108474576271 ;0.094915254237 ;0.084745762712 ;0.084745762712 ;0.091525423729 ;0.094915254237 ;0.098305084746 ;0.088135593220 ;0.094915254237 ;0.101694915254 ;0.108474576271 ;0.098305084746 ;0.098305084746 ;0.088135593220 ;0.084745762712 ;0.084745762712 ;0.098305084746 ;0.098305084746 ;0.094915254237 ;0.088135593220 ;0.081355932203 ;0.091525423729 ;0.084745762712 ;0.088135593220 ;0.084745762712 ;0.081355932203 ;0.084745762712 ;0.091525423729 ;0.091525423729 ;0.094915254237 ;0.098305084746 ;0.088135593220 ;0.084745762712 ;0.098305084746 ;0.098305084746 ;0.101694915254 ;0.101694915254 ;0.084745762712 ;0.088135593220 ;0.094915254237 ;0.098305084746 ;0.108474576271 ;0.098305084746 ;0.094915254237 ;0.084745762712 ;0.091525423729 ;0.098305084746 ;0.098305084746 ;0.101694915254 ;0.088135593220 ;0.081355932203 ;0.081355932203 ;0.091525423729 ;0.094915254237 ;0.088135593220 ;0.081355932203 ;0.077966101695 ;0.077966101695 ;0.084745762712 ;0.081355932203 ;0.074576271186 ;0.077966101695 ;0.067796610169 ;0.071186440678 ;0.071186440678 ;0.077966101695 ;0.071186440678 ;0.057627118644 ;0.054237288136 ;0.057627118644 ;0.067796610169 ;0.061016949153 ;0.057627118644 ;0.054237288136 ;0.044067796610 ;0.050847457627 ;0.054237288136 ;0.057627118644 ;0.054237288136 ;0.044067796610 ;0.040677966102 ;0.050847457627 ;0.057627118644 ;0.061016949153 ;0.064406779661 ;0.067796610169 ;0.064406779661 ;0.084745762712 ;0.094915254237 ;0.111864406780 ;0.115254237288 ;0.118644067797 ;0.115254237288 ;0.132203389831 ;0.142372881356 ;0.149152542373 ;0.145762711864 ;0.138983050847 ;0.138983050847 ;0.145762711864 ;0.152542372881 ;0.159322033898 ;0.159322033898 ;0.145762711864 ;0.145762711864 ;0.149152542373 ;0.155932203390 ;0.155932203390 ;
0.167247386760 ;0.167247386760 ;0.163763066202 ;0.163763066202 ;0.167247386760 ;0.170731707317 ;0.170731707317 ;0.160278745645 ;0.163763066202 ;0.167247386760 ;0.167247386760 ;0.167247386760 ;0.170731707317 ;0.163763066202 ;0.167247386760 ;0.163763066202 ;0.167247386760 ;0.167247386760 ;0.170731707317 ;0.163763066202 ;0.149825783972 ;0.149825783972 ;0.167247386760 ;0.167247386760 ;0.163763066202 ;0.156794425087 ;0.146341463415 ;0.149825783972 ;0.153310104530 ;0.156794425087 ;0.149825783972 ;0.149825783972 ;0.149825783972 ;0.153310104530 ;0.160278745645 ;0.160278745645 ;0.156794425087 ;0.156794425087 ;0.149825783972 ;0.139372822300 ;0.156794425087 ;0.167247386760 ;0.163763066202 ;0.160278745645 ;0.160278745645 ;0.160278745645 ;0.163763066202 ;0.174216027875 ;0.174216027875 ;0.181184668990 ;0.177700348432 ;0.181184668990 ;0.195121951220 ;0.198606271777 ;0.202090592334 ;0.198606271777 ;0.205574912892 ;0.212543554007 ;0.219512195122 ;0.222996515679 ;0.229965156794 ;0.226480836237 ;0.229965156794 ;0.233449477352 ;0.254355400697 ;0.264808362369 ;0.257839721254 ;0.254355400697 ;0.243902439024 ;0.226480836237 ;0.233449477352 ;0.254355400697 ;0.250871080139 ;0.250871080139 ;0.243902439024 ;0.257839721254 ;0.282229965157 ;0.282229965157 ;0.261324041812 ;0.233449477352 ;0.212543554007 ;0.205574912892 ;0.202090592334 ;0.212543554007 ;0.198606271777 ;0.191637630662 ;0.177700348432 ;0.170731707317 ;0.170731707317 ;0.167247386760 ;0.156794425087 ;0.149825783972 ;0.146341463415 ;0.149825783972 ;0.156794425087 ;0.153310104530 ;0.153310104530 ;0.153310104530 ;0.146341463415 ;0.142857142857 ;0.156794425087 ;0.156794425087 ;0.146341463415 ;0.146341463415 ;0.139372822300 ;0.132404181185 ;0.149825783972 ;0.153310104530 ;0.139372822300 ;0.139372822300 ;0.132404181185 ;0.135888501742 ;0.142857142857 ;0.135888501742 ;0.118466898955 ;0.097560975610 ;0.066202090592 ;0.048780487805 ;0.041811846690 ;0.024390243902 ;0.000000000000 ;0.024390243902 ;0.076655052265 ;0.163763066202 ;0.278745644599 ;0.400696864111 ;0.554006968641 ;0.745644599303 ;0.885017421603 ;0.975609756098 ;1.000000000000 ;0.885017421603 ;0.641114982578 ;0.351916376307 ;0.118466898955 ;0.017421602787 ;0.020905923345 ;0.059233449477 ;0.094076655052 ;0.118466898955 ;0.108013937282 ;0.108013937282 ;0.114982578397 ;0.118466898955 ;0.118466898955 ;0.111498257840 ;0.104529616725 ;0.104529616725 ;0.118466898955 ;0.118466898955 ;0.121951219512 ;0.121951219512 ;0.111498257840 ;0.101045296167 ;0.108013937282 ;0.121951219512 ;0.108013937282 ;0.108013937282 ;0.111498257840 ;0.101045296167 ;0.111498257840 ;0.121951219512 ;0.111498257840 ;0.104529616725 ;0.108013937282 ;0.101045296167 ;0.108013937282 ;0.111498257840 ;0.104529616725 ;0.101045296167 ;0.104529616725 ;0.101045296167 ;0.108013937282 ;0.118466898955 ;0.108013937282 ;0.114982578397 ;0.111498257840 ;0.097560975610 ;0.104529616725 ;0.118466898955 ;0.121951219512 ;0.104529616725 ;0.104529616725 ;0.111498257840 ;0.111498257840 ;0.125435540070 ;0.111498257840 ;0.111498257840 ;0.108013937282 ;0.101045296167 ;0.114982578397 ;0.108013937282 ;0.114982578397 ;0.118466898955 ;0.101045296167 ;0.111498257840 ;0.121951219512 ;0.125435540070 ;0.114982578397 ;0.118466898955 ;0.118466898955 ;0.108013937282 ;0.114982578397 ;0.121951219512 ;0.125435540070 ;0.121951219512 ;0.118466898955 ;0.111498257840 ;0.114982578397 ;0.128919860627 ;0.128919860627 ;0.114982578397 ;0.114982578397 ;0.118466898955 ;0.118466898955 ;0.125435540070 ;0.121951219512 ;0.118466898955 ;0.111498257840 ;0.114982578397 ;0.118466898955 ;0.121951219512 ;0.128919860627 ;0.121951219512 ;0.118466898955 ;0.114982578397 ;0.118466898955 ;0.128919860627 ;0.125435540070 ;0.121951219512 ;0.121951219512 ;0.114982578397 ;0.125435540070 ;0.132404181185 ;0.125435540070 ;0.121951219512 ;0.135888501742 ;0.135888501742 ;0.142857142857 ;0.156794425087 ;0.156794425087 ;0.153310104530 ;0.156794425087 ;0.160278745645 ;0.177700348432 ;0.181184668990 ;0.181184668990 ;0.177700348432 ;0.181184668990 ;0.177700348432 ;0.184668989547 ;0.191637630662 ;0.188153310105 ;0.195121951220 ;0.177700348432 ;0.177700348432 ;0.191637630662 ;0.195121951220 ;0.184668989547 ;0.181184668990 ;
0.107734806630 ;0.110497237569 ;0.113259668508 ;0.124309392265 ;0.118784530387 ;0.113259668508 ;0.113259668508 ;0.118784530387 ;0.116022099448 ;0.116022099448 ;0.110497237569 ;0.104972375691 ;0.104972375691 ;0.099447513812 ;0.104972375691 ;0.116022099448 ;0.118784530387 ;0.110497237569 ;0.110497237569 ;0.110497237569 ;0.118784530387 ;0.121546961326 ;0.124309392265 ;0.116022099448 ;0.113259668508 ;0.107734806630 ;0.116022099448 ;0.129834254144 ;0.127071823204 ;0.118784530387 ;0.113259668508 ;0.118784530387 ;0.127071823204 ;0.127071823204 ;0.127071823204 ;0.118784530387 ;0.118784530387 ;0.107734806630 ;0.118784530387 ;0.118784530387 ;0.124309392265 ;0.121546961326 ;0.113259668508 ;0.110497237569 ;0.118784530387 ;0.124309392265 ;0.118784530387 ;0.127071823204 ;0.132596685083 ;0.129834254144 ;0.138121546961 ;0.149171270718 ;0.160220994475 ;0.162983425414 ;0.162983425414 ;0.157458563536 ;0.165745856354 ;0.171270718232 ;0.171270718232 ;0.171270718232 ;0.165745856354 ;0.174033149171 ;0.179558011050 ;0.179558011050 ;0.187845303867 ;0.185082872928 ;0.179558011050 ;0.174033149171 ;0.185082872928 ;0.179558011050 ;0.174033149171 ;0.171270718232 ;0.168508287293 ;0.171270718232 ;0.168508287293 ;0.171270718232 ;0.179558011050 ;0.174033149171 ;0.176795580110 ;0.187845303867 ;0.198895027624 ;0.187845303867 ;0.174033149171 ;0.157458563536 ;0.149171270718 ;0.140883977901 ;0.140883977901 ;0.140883977901 ;0.132596685083 ;0.132596685083 ;0.121546961326 ;0.118784530387 ;0.121546961326 ;0.129834254144 ;0.124309392265 ;0.121546961326 ;0.113259668508 ;0.104972375691 ;0.107734806630 ;0.110497237569 ;0.113259668508 ;0.104972375691 ;0.104972375691 ;0.110497237569 ;0.110497237569 ;0.116022099448 ;0.118784530387 ;0.107734806630 ;0.107734806630 ;0.107734806630 ;0.118784530387 ;0.118784530387 ;0.107734806630 ;0.091160220994 ;0.060773480663 ;0.044198895028 ;0.035911602210 ;0.033149171271 ;0.013812154696 ;0.000000000000 ;0.022099447514 ;0.093922651934 ;0.187845303867 ;0.290055248619 ;0.403314917127 ;0.541436464088 ;0.701657458564 ;0.839779005525 ;0.939226519337 ;1.000000000000 ;0.986187845304 ;0.883977900552 ;0.729281767956 ;0.538674033149 ;0.378453038674 ;0.245856353591 ;0.149171270718 ;0.082872928177 ;0.027624309392 ;0.000000000000 ;0.008287292818 ;0.027624309392 ;0.046961325967 ;0.071823204420 ;0.091160220994 ;0.099447513812 ;0.102209944751 ;0.102209944751 ;0.102209944751 ;0.099447513812 ;0.099447513812 ;0.093922651934 ;0.093922651934 ;0.096685082873 ;0.091160220994 ;0.088397790055 ;0.077348066298 ;0.082872928177 ;0.085635359116 ;0.088397790055 ;0.091160220994 ;0.082872928177 ;0.085635359116 ;0.077348066298 ;0.085635359116 ;0.093922651934 ;0.096685082873 ;0.093922651934 ;0.088397790055 ;0.082872928177 ;0.093922651934 ;0.096685082873 ;0.091160220994 ;0.085635359116 ;0.085635359116 ;0.085635359116 ;0.093922651934 ;0.093922651934 ;0.091160220994 ;0.093922651934 ;0.088397790055 ;0.082872928177 ;0.091160220994 ;0.093922651934 ;0.088397790055 ;0.088397790055 ;0.080110497238 ;0.082872928177 ;0.091160220994 ;0.093922651934 ;0.096685082873 ;0.096685082873 ;0.088397790055 ;0.088397790055 ;0.093922651934 ;0.099447513812 ;0.093922651934 ;0.093922651934 ;0.088397790055 ;0.085635359116 ;0.091160220994 ;0.099447513812 ;0.093922651934 ;0.088397790055 ;0.088397790055 ;0.080110497238 ;0.080110497238 ;0.093922651934 ;0.091160220994 ;0.077348066298 ;0.077348066298 ;0.080110497238 ;0.080110497238 ;0.085635359116 ;0.077348066298 ;0.082872928177 ;0.074585635359 ;0.074585635359 ;0.082872928177 ;0.082872928177 ;0.085635359116 ;0.082872928177 ;0.077348066298 ;0.077348066298 ;0.085635359116 ;0.085635359116 ;0.085635359116 ;0.085635359116 ;0.077348066298 ;0.080110497238 ;0.091160220994 ;0.093922651934 ;0.093922651934 ;0.091160220994 ;0.085635359116 ;0.085635359116 ;0.088397790055 ;0.099447513812 ;0.102209944751 ;0.102209944751 ;0.104972375691 ;0.107734806630 ;0.116022099448 ;0.129834254144 ;0.132596685083 ;0.138121546961 ;0.140883977901 ;0.143646408840 ;0.149171270718 ;0.160220994475 ;0.165745856354 ;0.157458563536 ;0.157458563536 ;0.157458563536 ;0.174033149171 ;0.174033149171 ;0.171270718232 ;0.165745856354 ;0.171270718232 ;0.162983425414 ;
0.054669703872 ;0.050113895216 ;0.061503416856 ;0.077448747153 ;0.086560364465 ;0.082004555809 ;0.066059225513 ;0.054669703872 ;0.059225512528 ;0.056947608200 ;0.068337129841 ;0.079726651481 ;0.091116173121 ;0.079726651481 ;0.075170842825 ;0.070615034169 ;0.066059225513 ;0.066059225513 ;0.063781321185 ;0.052391799544 ;0.059225512528 ;0.082004555809 ;0.095671981777 ;0.091116173121 ;0.082004555809 ;0.072892938497 ;0.077448747153 ;0.082004555809 ;0.086560364465 ;0.079726651481 ;0.075170842825 ;0.077448747153 ;0.082004555809 ;0.075170842825 ;0.072892938497 ;0.072892938497 ;0.072892938497 ;0.072892938497 ;0.068337129841 ;0.070615034169 ;0.082004555809 ;0.091116173121 ;0.088838268793 ;0.077448747153 ;0.066059225513 ;0.070615034169 ;0.077448747153 ;0.068337129841 ;0.056947608200 ;0.063781321185 ;0.086560364465 ;0.091116173121 ;0.075170842825 ;0.059225512528 ;0.059225512528 ;0.061503416856 ;0.072892938497 ;0.079726651481 ;0.072892938497 ;0.063781321185 ;0.066059225513 ;0.077448747153 ;0.097949886105 ;0.097949886105 ;0.097949886105 ;0.088838268793 ;0.072892938497 ;0.070615034169 ;0.082004555809 ;0.100227790433 ;0.111617312073 ;0.109339407745 ;0.107061503417 ;0.102505694761 ;0.109339407745 ;0.123006833713 ;0.141230068337 ;0.154897494305 ;0.154897494305 ;0.134396355353 ;0.116173120729 ;0.123006833713 ;0.120728929385 ;0.123006833713 ;0.118451025057 ;0.111617312073 ;0.111617312073 ;0.107061503417 ;0.111617312073 ;0.104783599089 ;0.097949886105 ;0.091116173121 ;0.091116173121 ;0.093394077449 ;0.091116173121 ;0.079726651481 ;0.082004555809 ;0.086560364465 ;0.093394077449 ;0.097949886105 ;0.091116173121 ;0.079726651481 ;0.072892938497 ;0.066059225513 ;0.059225512528 ;0.061503416856 ;0.070615034169 ;0.072892938497 ;0.070615034169 ;0.072892938497 ;0.082004555809 ;0.086560364465 ;0.088838268793 ;0.082004555809 ;0.086560364465 ;0.088838268793 ;0.088838268793 ;0.075170842825 ;0.054669703872 ;0.031890660592 ;0.027334851936 ;0.052391799544 ;0.084282460137 ;0.154897494305 ;0.277904328018 ;0.435079726651 ;0.605922551253 ;0.790432801822 ;0.945330296128 ;1.000000000000 ;0.922551252847 ;0.742596810934 ;0.533029612756 ;0.353075170843 ;0.273348519362 ;0.259681093394 ;0.227790432802 ;0.159453302961 ;0.111617312073 ;0.109339407745 ;0.107061503417 ;0.084282460137 ;0.066059225513 ;0.066059225513 ;0.059225512528 ;0.059225512528 ;0.066059225513 ;0.086560364465 ;0.097949886105 ;0.084282460137 ;0.050113895216 ;0.027334851936 ;0.022779043280 ;0.034168564920 ;0.061503416856 ;0.077448747153 ;0.079726651481 ;0.075170842825 ;0.061503416856 ;0.043280182232 ;0.045558086560 ;0.043280182232 ;0.059225512528 ;0.084282460137 ;0.097949886105 ;0.082004555809 ;0.054669703872 ;0.047835990888 ;0.050113895216 ;0.045558086560 ;0.052391799544 ;0.070615034169 ;0.079726651481 ;0.070615034169 ;0.059225512528 ;0.013667425968 ;0.000000000000 ;0.000000000000 ;0.041002277904 ;0.079726651481 ;0.095671981777 ;0.095671981777 ;0.086560364465 ;0.072892938497 ;0.050113895216 ;0.031890660592 ;0.043280182232 ;0.079726651481 ;0.100227790433 ;0.100227790433 ;0.097949886105 ;0.077448747153 ;0.061503416856 ;0.022779043280 ;0.015945330296 ;0.066059225513 ;0.116173120729 ;0.109339407745 ;0.070615034169 ;0.052391799544 ;0.084282460137 ;0.093394077449 ;0.097949886105 ;0.111617312073 ;0.148063781321 ;0.166287015945 ;0.150341685649 ;0.100227790433 ;0.066059225513 ;0.059225512528 ;0.082004555809 ;0.127562642369 ;0.157175398633 ;0.159453302961 ;0.150341685649 ;0.118451025057 ;0.093394077449 ;0.111617312073 ;0.148063781321 ;0.173120728929 ;0.179954441913 ;0.173120728929 ;0.154897494305 ;0.148063781321 ;0.177676537585 ;0.243735763098 ;0.298405466970 ;0.302961275626 ;0.261958997722 ;0.225512528474 ;0.202733485194 ;0.200455580866 ;0.184510250569 ;0.186788154897 ;0.264236902050 ;0.339407744875 ;0.334851936219 ;0.293849658314 ;0.252847380410 ;0.234624145786 ;0.230068337130 ;0.225512528474 ;0.234624145786 ;0.248291571754 ;0.255125284738 ;0.243735763098 ;0.220956719818 ;0.223234624146 ;0.243735763098 ;0.246013667426 ;0.225512528474 ;0.207289293850 ;0.209567198178 ;0.220956719818 ;0.243735763098 ;0.259681093394 ;0.243735763098 ;0.189066059226 ;0.148063781321 ;0.159453302961 ;
0.068306010929 ;0.062841530055 ;0.071038251366 ;0.079234972678 ;0.073770491803 ;0.068306010929 ;0.060109289617 ;0.057377049180 ;0.060109289617 ;0.073770491803 ;0.076502732240 ;0.071038251366 ;0.062841530055 ;0.062841530055 ;0.065573770492 ;0.071038251366 ;0.068306010929 ;0.071038251366 ;0.060109289617 ;0.057377049180 ;0.068306010929 ;0.076502732240 ;0.073770491803 ;0.071038251366 ;0.068306010929 ;0.060109289617 ;0.062841530055 ;0.068306010929 ;0.068306010929 ;0.071038251366 ;0.060109289617 ;0.054644808743 ;0.068306010929 ;0.073770491803 ;0.073770491803 ;0.068306010929 ;0.062841530055 ;0.057377049180 ;0.065573770492 ;0.071038251366 ;0.073770491803 ;0.073770491803 ;0.065573770492 ;0.062841530055 ;0.065573770492 ;0.076502732240 ;0.071038251366 ;0.068306010929 ;0.068306010929 ;0.065573770492 ;0.071038251366 ;0.073770491803 ;0.076502732240 ;0.073770491803 ;0.073770491803 ;0.076502732240 ;0.090163934426 ;0.090163934426 ;0.098360655738 ;0.101092896175 ;0.090163934426 ;0.095628415301 ;0.106557377049 ;0.101092896175 ;0.103825136612 ;0.095628415301 ;0.103825136612 ;0.112021857923 ;0.122950819672 ;0.142076502732 ;0.150273224044 ;0.158469945355 ;0.158469945355 ;0.147540983607 ;0.147540983607 ;0.144808743169 ;0.142076502732 ;0.136612021858 ;0.125683060109 ;0.122950819672 ;0.125683060109 ;0.131147540984 ;0.128415300546 ;0.125683060109 ;0.114754098361 ;0.112021857923 ;0.112021857923 ;0.112021857923 ;0.106557377049 ;0.092896174863 ;0.084699453552 ;0.076502732240 ;0.071038251366 ;0.071038251366 ;0.071038251366 ;0.062841530055 ;0.060109289617 ;0.062841530055 ;0.062841530055 ;0.068306010929 ;0.065573770492 ;0.057377049180 ;0.054644808743 ;0.046448087432 ;0.054644808743 ;0.051912568306 ;0.054644808743 ;0.051912568306 ;0.046448087432 ;0.046448087432 ;0.051912568306 ;0.051912568306 ;0.054644808743 ;0.054644808743 ;0.049180327869 ;0.040983606557 ;0.035519125683 ;0.024590163934 ;0.008196721311 ;0.000000000000 ;0.005464480874 ;0.054644808743 ;0.147540983607 ;0.278688524590 ;0.448087431694 ;0.633879781421 ;0.827868852459 ;0.964480874317 ;1.000000000000 ;0.909836065574 ;0.745901639344 ;0.576502732240 ;0.456284153005 ;0.396174863388 ;0.377049180328 ;0.341530054645 ;0.278688524590 ;0.232240437158 ;0.202185792350 ;0.172131147541 ;0.144808743169 ;0.120218579235 ;0.098360655738 ;0.073770491803 ;0.054644808743 ;0.040983606557 ;0.038251366120 ;0.043715846995 ;0.043715846995 ;0.027322404372 ;0.027322404372 ;0.019125683060 ;0.019125683060 ;0.032786885246 ;0.024590163934 ;0.027322404372 ;0.019125683060 ;0.016393442623 ;0.019125683060 ;0.024590163934 ;0.024590163934 ;0.021857923497 ;0.016393442623 ;0.010928961749 ;0.016393442623 ;0.019125683060 ;0.021857923497 ;0.024590163934 ;0.021857923497 ;0.013661202186 ;0.013661202186 ;0.024590163934 ;0.024590163934 ;0.016393442623 ;0.013661202186 ;0.010928961749 ;0.016393442623 ;0.016393442623 ;0.016393442623 ;0.016393442623 ;0.010928961749 ;0.005464480874 ;0.016393442623 ;0.021857923497 ;0.016393442623 ;0.016393442623 ;0.016393442623 ;0.010928961749 ;0.016393442623 ;0.021857923497 ;0.019125683060 ;0.024590163934 ;0.019125683060 ;0.016393442623 ;0.027322404372 ;0.030054644809 ;0.027322404372 ;0.027322404372 ;0.027322404372 ;0.021857923497 ;0.032786885246 ;0.035519125683 ;0.043715846995 ;0.040983606557 ;0.040983606557 ;0.040983606557 ;0.049180327869 ;0.049180327869 ;0.057377049180 ;0.065573770492 ;0.065573770492 ;0.062841530055 ;0.071038251366 ;0.081967213115 ;0.081967213115 ;0.087431693989 ;0.084699453552 ;0.090163934426 ;0.103825136612 ;0.112021857923 ;0.125683060109 ;0.128415300546 ;0.131147540984 ;0.131147540984 ;0.142076502732 ;0.155737704918 ;0.166666666667 ;0.172131147541 ;0.174863387978 ;0.180327868852 ;0.188524590164 ;0.196721311475 ;0.202185792350 ;0.204918032787 ;0.213114754098 ;0.210382513661 ;0.213114754098 ;0.224043715847 ;0.224043715847 ;0.224043715847 ;0.226775956284 ;0.224043715847 ;0.221311475410 ;0.218579234973 ;0.218579234973 ;0.213114754098 ;0.204918032787 ;0.196721311475 ;0.191256830601 ;0.185792349727 ;0.180327868852 ;0.166666666667 ;0.155737704918 ;0.147540983607 ;0.136612021858 ;0.131147540984 ;0.131147540984 ;0.122950819672 ;0.114754098361 ;0.109289617486 ;
0.088235294118 ;0.082887700535 ;0.074866310160 ;0.082887700535 ;0.085561497326 ;0.093582887701 ;0.088235294118 ;0.085561497326 ;0.082887700535 ;0.090909090909 ;0.088235294118 ;0.082887700535 ;0.074866310160 ;0.066844919786 ;0.066844919786 ;0.077540106952 ;0.080213903743 ;0.080213903743 ;0.077540106952 ;0.077540106952 ;0.072192513369 ;0.074866310160 ;0.082887700535 ;0.080213903743 ;0.074866310160 ;0.077540106952 ;0.072192513369 ;0.080213903743 ;0.082887700535 ;0.082887700535 ;0.080213903743 ;0.074866310160 ;0.074866310160 ;0.072192513369 ;0.074866310160 ;0.072192513369 ;0.069518716578 ;0.064171122995 ;0.069518716578 ;0.072192513369 ;0.077540106952 ;0.082887700535 ;0.080213903743 ;0.077540106952 ;0.072192513369 ;0.077540106952 ;0.080213903743 ;0.080213903743 ;0.082887700535 ;0.077540106952 ;0.066844919786 ;0.077540106952 ;0.080213903743 ;0.082887700535 ;0.080213903743 ;0.077540106952 ;0.077540106952 ;0.077540106952 ;0.088235294118 ;0.098930481283 ;0.096256684492 ;0.093582887701 ;0.098930481283 ;0.096256684492 ;0.101604278075 ;0.106951871658 ;0.112299465241 ;0.114973262032 ;0.096256684492 ;0.098930481283 ;0.106951871658 ;0.125668449198 ;0.133689839572 ;0.147058823529 ;0.152406417112 ;0.157754010695 ;0.160427807487 ;0.152406417112 ;0.136363636364 ;0.133689839572 ;0.117647058824 ;0.128342245989 ;0.133689839572 ;0.131016042781 ;0.122994652406 ;0.112299465241 ;0.112299465241 ;0.112299465241 ;0.112299465241 ;0.112299465241 ;0.098930481283 ;0.093582887701 ;0.082887700535 ;0.082887700535 ;0.080213903743 ;0.077540106952 ;0.074866310160 ;0.066844919786 ;0.061497326203 ;0.066844919786 ;0.066844919786 ;0.074866310160 ;0.069518716578 ;0.061497326203 ;0.053475935829 ;0.053475935829 ;0.056149732620 ;0.064171122995 ;0.066844919786 ;0.058823529412 ;0.058823529412 ;0.066844919786 ;0.064171122995 ;0.072192513369 ;0.064171122995 ;0.061497326203 ;0.056149732620 ;0.053475935829 ;0.034759358289 ;0.013368983957 ;0.000000000000 ;0.013368983957 ;0.058823529412 ;0.171122994652 ;0.326203208556 ;0.510695187166 ;0.729946524064 ;0.919786096257 ;1.000000000000 ;0.919786096257 ;0.743315508021 ;0.558823529412 ;0.441176470588 ;0.385026737968 ;0.360962566845 ;0.302139037433 ;0.237967914439 ;0.208556149733 ;0.181818181818 ;0.152406417112 ;0.117647058824 ;0.096256684492 ;0.082887700535 ;0.061497326203 ;0.048128342246 ;0.045454545455 ;0.042780748663 ;0.048128342246 ;0.053475935829 ;0.045454545455 ;0.042780748663 ;0.029411764706 ;0.032085561497 ;0.034759358289 ;0.037433155080 ;0.040106951872 ;0.034759358289 ;0.026737967914 ;0.024064171123 ;0.024064171123 ;0.032085561497 ;0.034759358289 ;0.037433155080 ;0.034759358289 ;0.032085561497 ;0.029411764706 ;0.034759358289 ;0.034759358289 ;0.032085561497 ;0.032085561497 ;0.024064171123 ;0.026737967914 ;0.032085561497 ;0.032085561497 ;0.029411764706 ;0.029411764706 ;0.021390374332 ;0.026737967914 ;0.037433155080 ;0.042780748663 ;0.034759358289 ;0.034759358289 ;0.032085561497 ;0.032085561497 ;0.032085561497 ;0.037433155080 ;0.037433155080 ;0.037433155080 ;0.034759358289 ;0.042780748663 ;0.048128342246 ;0.048128342246 ;0.048128342246 ;0.040106951872 ;0.032085561497 ;0.048128342246 ;0.050802139037 ;0.058823529412 ;0.050802139037 ;0.053475935829 ;0.050802139037 ;0.050802139037 ;0.061497326203 ;0.066844919786 ;0.064171122995 ;0.066844919786 ;0.066844919786 ;0.072192513369 ;0.082887700535 ;0.085561497326 ;0.085561497326 ;0.085561497326 ;0.090909090909 ;0.104278074866 ;0.112299465241 ;0.117647058824 ;0.117647058824 ;0.117647058824 ;0.120320855615 ;0.133689839572 ;0.147058823529 ;0.147058823529 ;0.152406417112 ;0.155080213904 ;0.152406417112 ;0.168449197861 ;0.173796791444 ;0.184491978610 ;0.189839572193 ;0.184491978610 ;0.192513368984 ;0.200534759358 ;0.211229946524 ;0.211229946524 ;0.213903743316 ;0.205882352941 ;0.208556149733 ;0.216577540107 ;0.211229946524 ;0.219251336898 ;0.216577540107 ;0.211229946524 ;0.197860962567 ;0.205882352941 ;0.205882352941 ;0.203208556150 ;0.197860962567 ;0.184491978610 ;0.171122994652 ;0.173796791444 ;0.171122994652 ;0.163101604278 ;0.152406417112 ;0.131016042781 ;0.122994652406 ;0.125668449198 ;0.125668449198 ;0.112299465241 ;0.106951871658 ;0.098930481283 ;
0.132911392405 ;0.126582278481 ;0.122362869198 ;0.122362869198 ;0.126582278481 ;0.132911392405 ;0.130801687764 ;0.124472573840 ;0.120253164557 ;0.122362869198 ;0.124472573840 ;0.128691983122 ;0.120253164557 ;0.118143459916 ;0.116033755274 ;0.113924050633 ;0.113924050633 ;0.113924050633 ;0.113924050633 ;0.113924050633 ;0.107594936709 ;0.107594936709 ;0.107594936709 ;0.109704641350 ;0.109704641350 ;0.103375527426 ;0.092827004219 ;0.092827004219 ;0.101265822785 ;0.103375527426 ;0.103375527426 ;0.097046413502 ;0.099156118143 ;0.099156118143 ;0.099156118143 ;0.101265822785 ;0.099156118143 ;0.094936708861 ;0.092827004219 ;0.090717299578 ;0.094936708861 ;0.099156118143 ;0.094936708861 ;0.088607594937 ;0.088607594937 ;0.088607594937 ;0.090717299578 ;0.101265822785 ;0.094936708861 ;0.090717299578 ;0.088607594937 ;0.092827004219 ;0.101265822785 ;0.107594936709 ;0.109704641350 ;0.113924050633 ;0.116033755274 ;0.120253164557 ;0.126582278481 ;0.128691983122 ;0.126582278481 ;0.128691983122 ;0.126582278481 ;0.132911392405 ;0.137130801688 ;0.145569620253 ;0.137130801688 ;0.139240506329 ;0.135021097046 ;0.137130801688 ;0.151898734177 ;0.145569620253 ;0.143459915612 ;0.132911392405 ;0.124472573840 ;0.120253164557 ;0.118143459916 ;0.126582278481 ;0.126582278481 ;0.126582278481 ;0.124472573840 ;0.124472573840 ;0.122362869198 ;0.120253164557 ;0.111814345992 ;0.105485232068 ;0.092827004219 ;0.094936708861 ;0.090717299578 ;0.086497890295 ;0.088607594937 ;0.082278481013 ;0.078059071730 ;0.071729957806 ;0.073839662447 ;0.080168776371 ;0.075949367089 ;0.069620253165 ;0.067510548523 ;0.071729957806 ;0.073839662447 ;0.073839662447 ;0.073839662447 ;0.071729957806 ;0.065400843882 ;0.069620253165 ;0.071729957806 ;0.078059071730 ;0.075949367089 ;0.073839662447 ;0.071729957806 ;0.069620253165 ;0.075949367089 ;0.073839662447 ;0.069620253165 ;0.056962025316 ;0.031645569620 ;0.002109704641 ;0.000000000000 ;0.012658227848 ;0.042194092827 ;0.071729957806 ;0.135021097046 ;0.253164556962 ;0.413502109705 ;0.573839662447 ;0.721518987342 ;0.858649789030 ;0.953586497890 ;1.000000000000 ;0.995780590717 ;0.894514767932 ;0.691983122363 ;0.440928270042 ;0.225738396624 ;0.086497890295 ;0.023206751055 ;0.010548523207 ;0.010548523207 ;0.025316455696 ;0.061181434599 ;0.094936708861 ;0.109704641350 ;0.103375527426 ;0.088607594937 ;0.086497890295 ;0.082278481013 ;0.082278481013 ;0.080168776371 ;0.073839662447 ;0.075949367089 ;0.067510548523 ;0.065400843882 ;0.059071729958 ;0.063291139241 ;0.065400843882 ;0.061181434599 ;0.056962025316 ;0.056962025316 ;0.054852320675 ;0.061181434599 ;0.059071729958 ;0.059071729958 ;0.054852320675 ;0.050632911392 ;0.050632911392 ;0.056962025316 ;0.061181434599 ;0.054852320675 ;0.061181434599 ;0.059071729958 ;0.061181434599 ;0.059071729958 ;0.063291139241 ;0.065400843882 ;0.063291139241 ;0.063291139241 ;0.067510548523 ;0.071729957806 ;0.078059071730 ;0.080168776371 ;0.073839662447 ;0.069620253165 ;0.063291139241 ;0.073839662447 ;0.080168776371 ;0.080168776371 ;0.078059071730 ;0.075949367089 ;0.078059071730 ;0.080168776371 ;0.090717299578 ;0.092827004219 ;0.092827004219 ;0.094936708861 ;0.099156118143 ;0.107594936709 ;0.118143459916 ;0.122362869198 ;0.122362869198 ;0.120253164557 ;0.126582278481 ;0.137130801688 ;0.147679324895 ;0.156118143460 ;0.160337552743 ;0.162447257384 ;0.170886075949 ;0.183544303797 ;0.189873417722 ;0.200421940928 ;0.200421940928 ;0.204641350211 ;0.210970464135 ;0.217299578059 ;0.225738396624 ;0.229957805907 ;0.232067510549 ;0.238396624473 ;0.236286919831 ;0.248945147679 ;0.253164556962 ;0.257383966245 ;0.257383966245 ;0.259493670886 ;0.261603375527 ;0.267932489451 ;0.276371308017 ;0.270042194093 ;0.265822784810 ;0.259493670886 ;0.255274261603 ;0.261603375527 ;0.263713080169 ;0.257383966245 ;0.246835443038 ;0.242616033755 ;0.238396624473 ;0.229957805907 ;0.221518987342 ;0.213080168776 ;0.202531645570 ;0.189873417722 ;0.181434599156 ;0.172995780591 ;0.170886075949 ;0.164556962025 ;0.156118143460 ;0.145569620253 ;0.141350210970 ;0.137130801688 ;0.143459915612 ;0.135021097046 ;0.128691983122 ;0.124472573840 ;0.120253164557 ;0.124472573840 ;0.130801687764 ;0.126582278481 ;0.120253164557 ;
0.031496062992 ;0.033464566929 ;0.035433070866 ;0.035433070866 ;0.041338582677 ;0.041338582677 ;0.039370078740 ;0.039370078740 ;0.035433070866 ;0.037401574803 ;0.043307086614 ;0.039370078740 ;0.041338582677 ;0.039370078740 ;0.037401574803 ;0.037401574803 ;0.047244094488 ;0.045275590551 ;0.037401574803 ;0.035433070866 ;0.035433070866 ;0.045275590551 ;0.045275590551 ;0.047244094488 ;0.043307086614 ;0.035433070866 ;0.043307086614 ;0.051181102362 ;0.053149606299 ;0.047244094488 ;0.041338582677 ;0.039370078740 ;0.037401574803 ;0.043307086614 ;0.057086614173 ;0.055118110236 ;0.053149606299 ;0.047244094488 ;0.043307086614 ;0.043307086614 ;0.049212598425 ;0.057086614173 ;0.055118110236 ;0.049212598425 ;0.037401574803 ;0.019685039370 ;0.011811023622 ;0.009842519685 ;0.021653543307 ;0.027559055118 ;0.023622047244 ;0.027559055118 ;0.033464566929 ;0.031496062992 ;0.033464566929 ;0.033464566929 ;0.039370078740 ;0.047244094488 ;0.051181102362 ;0.055118110236 ;0.064960629921 ;0.076771653543 ;0.072834645669 ;0.068897637795 ;0.061023622047 ;0.055118110236 ;0.064960629921 ;0.070866141732 ;0.072834645669 ;0.080708661417 ;0.080708661417 ;0.084645669291 ;0.096456692913 ;0.096456692913 ;0.094488188976 ;0.094488188976 ;0.098425196850 ;0.100393700787 ;0.098425196850 ;0.084645669291 ;0.062992125984 ;0.059055118110 ;0.070866141732 ;0.090551181102 ;0.092519685039 ;0.080708661417 ;0.070866141732 ;0.061023622047 ;0.066929133858 ;0.064960629921 ;0.047244094488 ;0.039370078740 ;0.041338582677 ;0.043307086614 ;0.047244094488 ;0.039370078740 ;0.033464566929 ;0.033464566929 ;0.035433070866 ;0.041338582677 ;0.045275590551 ;0.037401574803 ;0.031496062992 ;0.023622047244 ;0.025590551181 ;0.039370078740 ;0.051181102362 ;0.053149606299 ;0.045275590551 ;0.033464566929 ;0.031496062992 ;0.043307086614 ;0.051181102362 ;0.053149606299 ;0.035433070866 ;0.021653543307 ;0.003937007874 ;0.000000000000 ;0.009842519685 ;0.027559055118 ;0.055118110236 ;0.118110236220 ;0.218503937008 ;0.352362204724 ;0.486220472441 ;0.618110236220 ;0.757874015748 ;0.874015748031 ;0.956692913386 ;1.000000000000 ;0.980314960630 ;0.872047244094 ;0.720472440945 ;0.568897637795 ;0.407480314961 ;0.263779527559 ;0.155511811024 ;0.096456692913 ;0.100393700787 ;0.139763779528 ;0.169291338583 ;0.167322834646 ;0.153543307087 ;0.135826771654 ;0.122047244094 ;0.118110236220 ;0.122047244094 ;0.120078740157 ;0.118110236220 ;0.116141732283 ;0.114173228346 ;0.110236220472 ;0.108267716535 ;0.106299212598 ;0.108267716535 ;0.110236220472 ;0.106299212598 ;0.108267716535 ;0.110236220472 ;0.108267716535 ;0.106299212598 ;0.106299212598 ;0.110236220472 ;0.110236220472 ;0.112204724409 ;0.118110236220 ;0.124015748031 ;0.124015748031 ;0.116141732283 ;0.118110236220 ;0.116141732283 ;0.110236220472 ;0.100393700787 ;0.104330708661 ;0.120078740157 ;0.131889763780 ;0.125984251969 ;0.124015748031 ;0.124015748031 ;0.124015748031 ;0.116141732283 ;0.122047244094 ;0.129921259843 ;0.145669291339 ;0.161417322835 ;0.169291338583 ;0.165354330709 ;0.141732283465 ;0.127952755906 ;0.137795275591 ;0.155511811024 ;0.171259842520 ;0.179133858268 ;0.177165354331 ;0.169291338583 ;0.175196850394 ;0.185039370079 ;0.192913385827 ;0.202755905512 ;0.202755905512 ;0.212598425197 ;0.226377952756 ;0.242125984252 ;0.250000000000 ;0.244094488189 ;0.244094488189 ;0.246062992126 ;0.267716535433 ;0.285433070866 ;0.289370078740 ;0.289370078740 ;0.309055118110 ;0.330708661417 ;0.338582677165 ;0.334645669291 ;0.334645669291 ;0.340551181102 ;0.360236220472 ;0.372047244094 ;0.385826771654 ;0.395669291339 ;0.397637795276 ;0.395669291339 ;0.387795275591 ;0.385826771654 ;0.395669291339 ;0.403543307087 ;0.411417322835 ;0.413385826772 ;0.403543307087 ;0.397637795276 ;0.399606299213 ;0.403543307087 ;0.395669291339 ;0.383858267717 ;0.372047244094 ;0.370078740157 ;0.368110236220 ;0.364173228346 ;0.358267716535 ;0.360236220472 ;0.360236220472 ;0.348425196850 ;0.338582677165 ;0.326771653543 ;0.320866141732 ;0.316929133858 ;0.314960629921 ;0.316929133858 ;0.322834645669 ;0.328740157480 ;0.324803149606 ;0.318897637795 ;0.314960629921 ;0.309055118110 ;0.316929133858 ;0.330708661417 ;0.330708661417 ;0.326771653543 ;0.322834645669 ;
0.335423197492 ;0.319749216301 ;0.326018808777 ;0.326018808777 ;0.326018808777 ;0.313479623824 ;0.307210031348 ;0.304075235110 ;0.291536050157 ;0.294670846395 ;0.291536050157 ;0.282131661442 ;0.282131661442 ;0.272727272727 ;0.266457680251 ;0.272727272727 ;0.272727272727 ;0.266457680251 ;0.263322884013 ;0.257053291536 ;0.257053291536 ;0.263322884013 ;0.266457680251 ;0.266457680251 ;0.260188087774 ;0.257053291536 ;0.257053291536 ;0.260188087774 ;0.263322884013 ;0.260188087774 ;0.257053291536 ;0.253918495298 ;0.253918495298 ;0.266457680251 ;0.278996865204 ;0.275862068966 ;0.269592476489 ;0.260188087774 ;0.263322884013 ;0.269592476489 ;0.275862068966 ;0.269592476489 ;0.250783699060 ;0.244514106583 ;0.238244514107 ;0.241379310345 ;0.247648902821 ;0.244514106583 ;0.231974921630 ;0.231974921630 ;0.222570532915 ;0.222570532915 ;0.225705329154 ;0.216300940439 ;0.216300940439 ;0.203761755486 ;0.203761755486 ;0.206896551724 ;0.210031347962 ;0.203761755486 ;0.200626959248 ;0.197492163009 ;0.200626959248 ;0.206896551724 ;0.210031347962 ;0.197492163009 ;0.200626959248 ;0.188087774295 ;0.191222570533 ;0.191222570533 ;0.206896551724 ;0.197492163009 ;0.191222570533 ;0.184952978056 ;0.188087774295 ;0.194357366771 ;0.203761755486 ;0.194357366771 ;0.194357366771 ;0.181818181818 ;0.181818181818 ;0.184952978056 ;0.184952978056 ;0.181818181818 ;0.188087774295 ;0.178683385580 ;0.175548589342 ;0.181818181818 ;0.188087774295 ;0.175548589342 ;0.178683385580 ;0.172413793103 ;0.181818181818 ;0.178683385580 ;0.184952978056 ;0.188087774295 ;0.181818181818 ;0.184952978056 ;0.181818181818 ;0.178683385580 ;0.191222570533 ;0.188087774295 ;0.184952978056 ;0.175548589342 ;0.172413793103 ;0.181818181818 ;0.188087774295 ;0.191222570533 ;0.191222570533 ;0.188087774295 ;0.184952978056 ;0.191222570533 ;0.200626959248 ;0.184952978056 ;0.181818181818 ;0.200626959248 ;0.219435736677 ;0.257053291536 ;0.304075235110 ;0.341692789969 ;0.385579937304 ;0.429467084639 ;0.470219435737 ;0.532915360502 ;0.614420062696 ;0.714733542320 ;0.811912225705 ;0.899686520376 ;0.965517241379 ;1.000000000000 ;0.962382445141 ;0.868338557994 ;0.742946708464 ;0.608150470219 ;0.482758620690 ;0.376175548589 ;0.282131661442 ;0.219435736677 ;0.163009404389 ;0.094043887147 ;0.047021943574 ;0.037617554859 ;0.047021943574 ;0.034482758621 ;0.021943573668 ;0.021943573668 ;0.021943573668 ;0.031347962382 ;0.034482758621 ;0.034482758621 ;0.037617554859 ;0.034482758621 ;0.034482758621 ;0.040752351097 ;0.056426332288 ;0.053291536050 ;0.047021943574 ;0.047021943574 ;0.043887147335 ;0.037617554859 ;0.043887147335 ;0.047021943574 ;0.043887147335 ;0.037617554859 ;0.034482758621 ;0.043887147335 ;0.053291536050 ;0.047021943574 ;0.043887147335 ;0.040752351097 ;0.037617554859 ;0.040752351097 ;0.050156739812 ;0.037617554859 ;0.040752351097 ;0.037617554859 ;0.028213166144 ;0.040752351097 ;0.047021943574 ;0.047021943574 ;0.043887147335 ;0.037617554859 ;0.034482758621 ;0.037617554859 ;0.040752351097 ;0.034482758621 ;0.028213166144 ;0.028213166144 ;0.025078369906 ;0.031347962382 ;0.037617554859 ;0.034482758621 ;0.015673981191 ;0.015673981191 ;0.012539184953 ;0.012539184953 ;0.025078369906 ;0.018808777429 ;0.012539184953 ;0.006269592476 ;0.003134796238 ;0.015673981191 ;0.025078369906 ;0.015673981191 ;0.009404388715 ;0.000000000000 ;0.003134796238 ;0.006269592476 ;0.018808777429 ;0.009404388715 ;0.003134796238 ;0.003134796238 ;0.000000000000 ;0.009404388715 ;0.021943573668 ;0.009404388715 ;0.006269592476 ;0.003134796238 ;0.000000000000 ;0.012539184953 ;0.012539184953 ;0.006269592476 ;0.006269592476 ;0.003134796238 ;0.006269592476 ;0.015673981191 ;0.028213166144 ;0.025078369906 ;0.025078369906 ;0.018808777429 ;0.025078369906 ;0.034482758621 ;0.043887147335 ;0.047021943574 ;0.050156739812 ;0.047021943574 ;0.050156739812 ;0.059561128527 ;0.072100313480 ;0.072100313480 ;0.072100313480 ;0.075235109718 ;0.081504702194 ;0.078369905956 ;0.100313479624 ;0.097178683386 ;0.100313479624 ;0.100313479624 ;0.103448275862 ;0.115987460815 ;0.122257053292 ;0.134796238245 ;0.134796238245 ;0.131661442006 ;0.134796238245 ;0.147335423197 ;0.156739811912 ;0.163009404389 ;0.156739811912 ;0.159874608150 ;
0.129577464789 ;0.129577464789 ;0.123943661972 ;0.123943661972 ;0.126760563380 ;0.129577464789 ;0.121126760563 ;0.123943661972 ;0.126760563380 ;0.118309859155 ;0.123943661972 ;0.135211267606 ;0.135211267606 ;0.138028169014 ;0.118309859155 ;0.109859154930 ;0.112676056338 ;0.129577464789 ;0.140845070423 ;0.132394366197 ;0.129577464789 ;0.118309859155 ;0.126760563380 ;0.129577464789 ;0.138028169014 ;0.135211267606 ;0.126760563380 ;0.115492957746 ;0.118309859155 ;0.132394366197 ;0.138028169014 ;0.143661971831 ;0.140845070423 ;0.129577464789 ;0.135211267606 ;0.135211267606 ;0.135211267606 ;0.129577464789 ;0.135211267606 ;0.126760563380 ;0.129577464789 ;0.138028169014 ;0.135211267606 ;0.135211267606 ;0.129577464789 ;0.135211267606 ;0.135211267606 ;0.138028169014 ;0.140845070423 ;0.138028169014 ;0.135211267606 ;0.132394366197 ;0.138028169014 ;0.152112676056 ;0.166197183099 ;0.163380281690 ;0.174647887324 ;0.163380281690 ;0.185915492958 ;0.197183098592 ;0.205633802817 ;0.197183098592 ;0.191549295775 ;0.191549295775 ;0.208450704225 ;0.228169014085 ;0.242253521127 ;0.245070422535 ;0.242253521127 ;0.236619718310 ;0.250704225352 ;0.259154929577 ;0.267605633803 ;0.267605633803 ;0.256338028169 ;0.239436619718 ;0.239436619718 ;0.242253521127 ;0.239436619718 ;0.233802816901 ;0.219718309859 ;0.197183098592 ;0.171830985915 ;0.152112676056 ;0.129577464789 ;0.118309859155 ;0.115492957746 ;0.109859154930 ;0.112676056338 ;0.107042253521 ;0.121126760563 ;0.109859154930 ;0.109859154930 ;0.104225352113 ;0.109859154930 ;0.112676056338 ;0.121126760563 ;0.123943661972 ;0.118309859155 ;0.107042253521 ;0.107042253521 ;0.115492957746 ;0.129577464789 ;0.135211267606 ;0.135211267606 ;0.132394366197 ;0.135211267606 ;0.129577464789 ;0.140845070423 ;0.140845070423 ;0.135211267606 ;0.132394366197 ;0.129577464789 ;0.121126760563 ;0.129577464789 ;0.132394366197 ;0.132394366197 ;0.171830985915 ;0.228169014085 ;0.315492957746 ;0.402816901408 ;0.492957746479 ;0.580281690141 ;0.676056338028 ;0.774647887324 ;0.861971830986 ;0.921126760563 ;0.969014084507 ;1.000000000000 ;0.988732394366 ;0.940845070423 ;0.873239436620 ;0.825352112676 ;0.769014084507 ;0.698591549296 ;0.614084507042 ;0.529577464789 ;0.478873239437 ;0.445070422535 ;0.402816901408 ;0.352112676056 ;0.284507042254 ;0.242253521127 ;0.202816901408 ;0.174647887324 ;0.138028169014 ;0.098591549296 ;0.073239436620 ;0.056338028169 ;0.050704225352 ;0.039436619718 ;0.028169014085 ;0.014084507042 ;0.002816901408 ;0.000000000000 ;0.011267605634 ;0.016901408451 ;0.014084507042 ;0.011267605634 ;0.008450704225 ;0.014084507042 ;0.014084507042 ;0.025352112676 ;0.025352112676 ;0.025352112676 ;0.019718309859 ;0.025352112676 ;0.025352112676 ;0.028169014085 ;0.028169014085 ;0.030985915493 ;0.025352112676 ;0.030985915493 ;0.033802816901 ;0.030985915493 ;0.028169014085 ;0.028169014085 ;0.028169014085 ;0.030985915493 ;0.033802816901 ;0.033802816901 ;0.030985915493 ;0.028169014085 ;0.019718309859 ;0.028169014085 ;0.025352112676 ;0.033802816901 ;0.036619718310 ;0.030985915493 ;0.025352112676 ;0.022535211268 ;0.022535211268 ;0.033802816901 ;0.033802816901 ;0.022535211268 ;0.014084507042 ;0.016901408451 ;0.025352112676 ;0.028169014085 ;0.033802816901 ;0.030985915493 ;0.028169014085 ;0.036619718310 ;0.042253521127 ;0.047887323944 ;0.047887323944 ;0.053521126761 ;0.047887323944 ;0.050704225352 ;0.073239436620 ;0.081690140845 ;0.078873239437 ;0.090140845070 ;0.092957746479 ;0.104225352113 ;0.107042253521 ;0.126760563380 ;0.129577464789 ;0.138028169014 ;0.138028169014 ;0.143661971831 ;0.166197183099 ;0.174647887324 ;0.177464788732 ;0.183098591549 ;0.180281690141 ;0.188732394366 ;0.208450704225 ;0.214084507042 ;0.216901408451 ;0.216901408451 ;0.205633802817 ;0.216901408451 ;0.214084507042 ;0.216901408451 ;0.211267605634 ;0.200000000000 ;0.194366197183 ;0.191549295775 ;0.197183098592 ;0.205633802817 ;0.200000000000 ;0.194366197183 ;0.174647887324 ;0.183098591549 ;0.183098591549 ;0.183098591549 ;0.180281690141 ;0.169014084507 ;0.157746478873 ;0.160563380282 ;0.169014084507 ;0.174647887324 ;0.163380281690 ;0.154929577465 ;0.152112676056 ;0.154929577465 ;0.157746478873 ;0.166197183099 ;0.163380281690 ;
0.483375959079 ;0.457800511509 ;0.434782608696 ;0.427109974425 ;0.419437340153 ;0.409207161125 ;0.406649616368 ;0.404092071611 ;0.414322250639 ;0.432225063939 ;0.462915601023 ;0.475703324808 ;0.468030690537 ;0.452685421995 ;0.439897698210 ;0.421994884910 ;0.421994884910 ;0.409207161125 ;0.398976982097 ;0.383631713555 ;0.378516624041 ;0.381074168798 ;0.386189258312 ;0.383631713555 ;0.378516624041 ;0.365728900256 ;0.358056265985 ;0.363171355499 ;0.365728900256 ;0.368286445013 ;0.386189258312 ;0.411764705882 ;0.416879795396 ;0.421994884910 ;0.427109974425 ;0.439897698210 ;0.450127877238 ;0.465473145780 ;0.470588235294 ;0.475703324808 ;0.470588235294 ;0.462915601023 ;0.450127877238 ;0.429667519182 ;0.416879795396 ;0.409207161125 ;0.396419437340 ;0.393861892583 ;0.393861892583 ;0.381074168798 ;0.375959079284 ;0.373401534527 ;0.368286445013 ;0.360613810742 ;0.352941176471 ;0.350383631714 ;0.350383631714 ;0.363171355499 ;0.365728900256 ;0.363171355499 ;0.360613810742 ;0.360613810742 ;0.373401534527 ;0.396419437340 ;0.421994884910 ;0.447570332481 ;0.457800511509 ;0.460358056266 ;0.455242966752 ;0.460358056266 ;0.473145780051 ;0.483375959079 ;0.491048593350 ;0.480818414322 ;0.478260869565 ;0.465473145780 ;0.462915601023 ;0.473145780051 ;0.475703324808 ;0.465473145780 ;0.447570332481 ;0.427109974425 ;0.404092071611 ;0.368286445013 ;0.324808184143 ;0.286445012788 ;0.245524296675 ;0.219948849105 ;0.202046035806 ;0.186700767263 ;0.176470588235 ;0.163682864450 ;0.153452685422 ;0.145780051151 ;0.135549872123 ;0.130434782609 ;0.109974424552 ;0.086956521739 ;0.061381074169 ;0.053708439898 ;0.046035805627 ;0.038363171355 ;0.035805626598 ;0.028132992327 ;0.015345268542 ;0.012787723785 ;0.007672634271 ;0.000000000000 ;0.005115089514 ;0.007672634271 ;0.010230179028 ;0.010230179028 ;0.017902813299 ;0.020460358056 ;0.010230179028 ;0.005115089514 ;0.000000000000 ;0.010230179028 ;0.028132992327 ;0.079283887468 ;0.156010230179 ;0.248081841432 ;0.373401534527 ;0.516624040921 ;0.662404092072 ;0.787723785166 ;0.890025575448 ;0.969309462916 ;0.997442455243 ;1.000000000000 ;0.951406649616 ;0.843989769821 ;0.741687979540 ;0.695652173913 ;0.682864450128 ;0.675191815857 ;0.647058823529 ;0.603580562660 ;0.560102301790 ;0.539641943734 ;0.521739130435 ;0.498721227621 ;0.473145780051 ;0.462915601023 ;0.450127877238 ;0.447570332481 ;0.434782608696 ;0.439897698210 ;0.452685421995 ;0.478260869565 ;0.488491048593 ;0.488491048593 ;0.480818414322 ;0.470588235294 ;0.460358056266 ;0.450127877238 ;0.421994884910 ;0.398976982097 ;0.378516624041 ;0.381074168798 ;0.383631713555 ;0.393861892583 ;0.383631713555 ;0.378516624041 ;0.373401534527 ;0.386189258312 ;0.396419437340 ;0.386189258312 ;0.378516624041 ;0.358056265985 ;0.337595907928 ;0.324808184143 ;0.324808184143 ;0.322250639386 ;0.306905370844 ;0.286445012788 ;0.273657289003 ;0.263427109974 ;0.260869565217 ;0.263427109974 ;0.263427109974 ;0.250639386189 ;0.237851662404 ;0.230179028133 ;0.230179028133 ;0.225063938619 ;0.225063938619 ;0.227621483376 ;0.227621483376 ;0.222506393862 ;0.212276214834 ;0.209718670077 ;0.202046035806 ;0.194373401535 ;0.179028132992 ;0.176470588235 ;0.173913043478 ;0.176470588235 ;0.179028132992 ;0.173913043478 ;0.168797953964 ;0.161125319693 ;0.158567774936 ;0.161125319693 ;0.163682864450 ;0.171355498721 ;0.186700767263 ;0.196930946292 ;0.209718670077 ;0.222506393862 ;0.227621483376 ;0.225063938619 ;0.219948849105 ;0.227621483376 ;0.235294117647 ;0.255754475703 ;0.273657289003 ;0.286445012788 ;0.304347826087 ;0.329923273657 ;0.350383631714 ;0.363171355499 ;0.355498721228 ;0.355498721228 ;0.342710997442 ;0.347826086957 ;0.347826086957 ;0.347826086957 ;0.340153452685 ;0.322250639386 ;0.306905370844 ;0.299232736573 ;0.291560102302 ;0.283887468031 ;0.273657289003 ;0.258312020460 ;0.240409207161 ;0.225063938619 ;0.217391304348 ;0.219948849105 ;0.214833759591 ;0.202046035806 ;0.173913043478 ;0.161125319693 ;0.156010230179 ;0.161125319693 ;0.171355498721 ;0.176470588235 ;0.158567774936 ;0.156010230179 ;0.163682864450 ;0.166240409207 ;0.163682864450 ;0.158567774936 ;0.161125319693 ;0.179028132992 ;0.181585677749 ;0.163682864450 ;0.143222506394 ;0.138107416880 ;
0.500000000000 ;0.508152173913 ;0.513586956522 ;0.505434782609 ;0.500000000000 ;0.505434782609 ;0.510869565217 ;0.521739130435 ;0.527173913043 ;0.538043478261 ;0.546195652174 ;0.567934782609 ;0.570652173913 ;0.546195652174 ;0.486413043478 ;0.426630434783 ;0.394021739130 ;0.391304347826 ;0.394021739130 ;0.391304347826 ;0.388586956522 ;0.375000000000 ;0.361413043478 ;0.350543478261 ;0.342391304348 ;0.326086956522 ;0.309782608696 ;0.288043478261 ;0.271739130435 ;0.263586956522 ;0.269021739130 ;0.285326086957 ;0.285326086957 ;0.288043478261 ;0.279891304348 ;0.285326086957 ;0.293478260870 ;0.285326086957 ;0.277173913043 ;0.290760869565 ;0.293478260870 ;0.296195652174 ;0.296195652174 ;0.293478260870 ;0.293478260870 ;0.279891304348 ;0.269021739130 ;0.263586956522 ;0.258152173913 ;0.250000000000 ;0.247282608696 ;0.244565217391 ;0.252717391304 ;0.260869565217 ;0.271739130435 ;0.274456521739 ;0.274456521739 ;0.269021739130 ;0.271739130435 ;0.288043478261 ;0.301630434783 ;0.312500000000 ;0.307065217391 ;0.298913043478 ;0.293478260870 ;0.290760869565 ;0.298913043478 ;0.298913043478 ;0.290760869565 ;0.274456521739 ;0.269021739130 ;0.266304347826 ;0.266304347826 ;0.279891304348 ;0.285326086957 ;0.290760869565 ;0.296195652174 ;0.282608695652 ;0.258152173913 ;0.239130434783 ;0.211956521739 ;0.192934782609 ;0.168478260870 ;0.133152173913 ;0.108695652174 ;0.078804347826 ;0.054347826087 ;0.046195652174 ;0.046195652174 ;0.059782608696 ;0.070652173913 ;0.065217391304 ;0.057065217391 ;0.038043478261 ;0.024456521739 ;0.019021739130 ;0.000000000000 ;0.002717391304 ;0.005434782609 ;0.013586956522 ;0.016304347826 ;0.027173913043 ;0.027173913043 ;0.032608695652 ;0.029891304348 ;0.024456521739 ;0.019021739130 ;0.019021739130 ;0.024456521739 ;0.029891304348 ;0.032608695652 ;0.035326086957 ;0.046195652174 ;0.067934782609 ;0.086956521739 ;0.097826086957 ;0.100543478261 ;0.114130434783 ;0.141304347826 ;0.198369565217 ;0.279891304348 ;0.361413043478 ;0.451086956522 ;0.551630434783 ;0.663043478261 ;0.777173913043 ;0.875000000000 ;0.940217391304 ;0.983695652174 ;1.000000000000 ;0.978260869565 ;0.896739130435 ;0.782608695652 ;0.676630434783 ;0.614130434783 ;0.551630434783 ;0.497282608696 ;0.410326086957 ;0.317934782609 ;0.228260869565 ;0.187500000000 ;0.163043478261 ;0.130434782609 ;0.092391304348 ;0.073369565217 ;0.059782608696 ;0.054347826087 ;0.048913043478 ;0.051630434783 ;0.057065217391 ;0.057065217391 ;0.065217391304 ;0.048913043478 ;0.038043478261 ;0.024456521739 ;0.029891304348 ;0.035326086957 ;0.046195652174 ;0.048913043478 ;0.032608695652 ;0.024456521739 ;0.032608695652 ;0.040760869565 ;0.054347826087 ;0.057065217391 ;0.048913043478 ;0.043478260870 ;0.057065217391 ;0.076086956522 ;0.097826086957 ;0.114130434783 ;0.119565217391 ;0.108695652174 ;0.103260869565 ;0.111413043478 ;0.119565217391 ;0.092391304348 ;0.084239130435 ;0.067934782609 ;0.070652173913 ;0.067934782609 ;0.089673913043 ;0.089673913043 ;0.097826086957 ;0.086956521739 ;0.078804347826 ;0.070652173913 ;0.067934782609 ;0.076086956522 ;0.081521739130 ;0.086956521739 ;0.084239130435 ;0.095108695652 ;0.092391304348 ;0.095108695652 ;0.084239130435 ;0.086956521739 ;0.081521739130 ;0.081521739130 ;0.089673913043 ;0.092391304348 ;0.089673913043 ;0.092391304348 ;0.095108695652 ;0.100543478261 ;0.119565217391 ;0.133152173913 ;0.149456521739 ;0.149456521739 ;0.154891304348 ;0.154891304348 ;0.173913043478 ;0.184782608696 ;0.201086956522 ;0.214673913043 ;0.247282608696 ;0.285326086957 ;0.323369565217 ;0.350543478261 ;0.361413043478 ;0.377717391304 ;0.399456521739 ;0.410326086957 ;0.410326086957 ;0.388586956522 ;0.366847826087 ;0.345108695652 ;0.323369565217 ;0.296195652174 ;0.269021739130 ;0.233695652174 ;0.184782608696 ;0.160326086957 ;0.152173913043 ;0.157608695652 ;0.157608695652 ;0.154891304348 ;0.146739130435 ;0.141304347826 ;0.149456521739 ;0.154891304348 ;0.160326086957 ;0.163043478261 ;0.160326086957 ;0.154891304348 ;0.171195652174 ;0.179347826087 ;0.201086956522 ;0.220108695652 ;0.239130434783 ;0.239130434783 ;0.241847826087 ;0.241847826087 ;0.263586956522 ;0.285326086957 ;0.288043478261 ;0.271739130435 ;0.260869565217 ;0.250000000000 ;0.236413043478 ;
0.087301587302 ;0.075396825397 ;0.075396825397 ;0.071428571429 ;0.079365079365 ;0.083333333333 ;0.071428571429 ;0.083333333333 ;0.063492063492 ;0.047619047619 ;0.063492063492 ;0.075396825397 ;0.063492063492 ;0.059523809524 ;0.039682539683 ;0.039682539683 ;0.063492063492 ;0.071428571429 ;0.063492063492 ;0.055555555556 ;0.039682539683 ;0.035714285714 ;0.043650793651 ;0.059523809524 ;0.055555555556 ;0.039682539683 ;0.039682539683 ;0.035714285714 ;0.047619047619 ;0.055555555556 ;0.043650793651 ;0.039682539683 ;0.035714285714 ;0.031746031746 ;0.035714285714 ;0.055555555556 ;0.051587301587 ;0.047619047619 ;0.027777777778 ;0.027777777778 ;0.027777777778 ;0.035714285714 ;0.031746031746 ;0.035714285714 ;0.019841269841 ;0.019841269841 ;0.027777777778 ;0.035714285714 ;0.035714285714 ;0.031746031746 ;0.023809523810 ;0.031746031746 ;0.027777777778 ;0.039682539683 ;0.035714285714 ;0.019841269841 ;0.007936507937 ;0.007936507937 ;0.011904761905 ;0.023809523810 ;0.019841269841 ;0.007936507937 ;0.000000000000 ;0.007936507937 ;0.015873015873 ;0.035714285714 ;0.031746031746 ;0.019841269841 ;0.015873015873 ;0.023809523810 ;0.031746031746 ;0.043650793651 ;0.039682539683 ;0.039682539683 ;0.031746031746 ;0.035714285714 ;0.047619047619 ;0.067460317460 ;0.067460317460 ;0.075396825397 ;0.075396825397 ;0.071428571429 ;0.075396825397 ;0.095238095238 ;0.107142857143 ;0.111111111111 ;0.111111111111 ;0.134920634921 ;0.158730158730 ;0.182539682540 ;0.194444444444 ;0.182539682540 ;0.158730158730 ;0.154761904762 ;0.162698412698 ;0.154761904762 ;0.134920634921 ;0.126984126984 ;0.111111111111 ;0.099206349206 ;0.103174603175 ;0.103174603175 ;0.095238095238 ;0.075396825397 ;0.055555555556 ;0.059523809524 ;0.063492063492 ;0.063492063492 ;0.075396825397 ;0.067460317460 ;0.059523809524 ;0.059523809524 ;0.079365079365 ;0.091269841270 ;0.099206349206 ;0.099206349206 ;0.103174603175 ;0.095238095238 ;0.107142857143 ;0.138888888889 ;0.158730158730 ;0.174603174603 ;0.250000000000 ;0.357142857143 ;0.515873015873 ;0.686507936508 ;0.837301587302 ;0.936507936508 ;0.988095238095 ;1.000000000000 ;1.000000000000 ;0.956349206349 ;0.865079365079 ;0.718253968254 ;0.519841269841 ;0.333333333333 ;0.174603174603 ;0.138888888889 ;0.123015873016 ;0.111111111111 ;0.079365079365 ;0.071428571429 ;0.071428571429 ;0.087301587302 ;0.079365079365 ;0.063492063492 ;0.043650793651 ;0.043650793651 ;0.047619047619 ;0.051587301587 ;0.047619047619 ;0.027777777778 ;0.023809523810 ;0.011904761905 ;0.027777777778 ;0.031746031746 ;0.027777777778 ;0.023809523810 ;0.015873015873 ;0.003968253968 ;0.031746031746 ;0.023809523810 ;0.023809523810 ;0.019841269841 ;0.023809523810 ;0.031746031746 ;0.031746031746 ;0.039682539683 ;0.027777777778 ;0.023809523810 ;0.011904761905 ;0.003968253968 ;0.019841269841 ;0.039682539683 ;0.035714285714 ;0.035714285714 ;0.019841269841 ;0.027777777778 ;0.039682539683 ;0.043650793651 ;0.051587301587 ;0.047619047619 ;0.039682539683 ;0.043650793651 ;0.051587301587 ;0.071428571429 ;0.075396825397 ;0.063492063492 ;0.043650793651 ;0.059523809524 ;0.079365079365 ;0.095238095238 ;0.099206349206 ;0.099206349206 ;0.087301587302 ;0.083333333333 ;0.107142857143 ;0.119047619048 ;0.123015873016 ;0.126984126984 ;0.119047619048 ;0.123015873016 ;0.142857142857 ;0.146825396825 ;0.146825396825 ;0.154761904762 ;0.154761904762 ;0.170634920635 ;0.186507936508 ;0.202380952381 ;0.202380952381 ;0.206349206349 ;0.202380952381 ;0.218253968254 ;0.218253968254 ;0.250000000000 ;0.257936507937 ;0.257936507937 ;0.253968253968 ;0.261904761905 ;0.269841269841 ;0.301587301587 ;0.305555555556 ;0.297619047619 ;0.289682539683 ;0.297619047619 ;0.313492063492 ;0.325396825397 ;0.325396825397 ;0.333333333333 ;0.317460317460 ;0.313492063492 ;0.313492063492 ;0.333333333333 ;0.321428571429 ;0.329365079365 ;0.309523809524 ;0.305555555556 ;0.305555555556 ;0.317460317460 ;0.309523809524 ;0.301587301587 ;0.281746031746 ;0.273809523810 ;0.261904761905 ;0.257936507937 ;0.253968253968 ;0.246031746032 ;0.230158730159 ;0.222222222222 ;0.222222222222 ;0.214285714286 ;0.210317460317 ;0.190476190476 ;0.166666666667 ;0.162698412698 ;0.170634920635 ;0.154761904762 ;0.158730158730 ;0.142857142857 ;
0.030405405405 ;0.023648648649 ;0.027027027027 ;0.030405405405 ;0.043918918919 ;0.033783783784 ;0.027027027027 ;0.013513513514 ;0.020270270270 ;0.030405405405 ;0.033783783784 ;0.030405405405 ;0.027027027027 ;0.027027027027 ;0.030405405405 ;0.040540540541 ;0.047297297297 ;0.050675675676 ;0.033783783784 ;0.027027027027 ;0.037162162162 ;0.043918918919 ;0.047297297297 ;0.033783783784 ;0.030405405405 ;0.027027027027 ;0.037162162162 ;0.040540540541 ;0.047297297297 ;0.040540540541 ;0.030405405405 ;0.027027027027 ;0.043918918919 ;0.050675675676 ;0.054054054054 ;0.040540540541 ;0.027027027027 ;0.030405405405 ;0.033783783784 ;0.037162162162 ;0.043918918919 ;0.043918918919 ;0.033783783784 ;0.023648648649 ;0.027027027027 ;0.043918918919 ;0.054054054054 ;0.040540540541 ;0.030405405405 ;0.037162162162 ;0.033783783784 ;0.057432432432 ;0.057432432432 ;0.050675675676 ;0.043918918919 ;0.033783783784 ;0.040540540541 ;0.050675675676 ;0.054054054054 ;0.043918918919 ;0.040540540541 ;0.040540540541 ;0.040540540541 ;0.043918918919 ;0.060810810811 ;0.060810810811 ;0.050675675676 ;0.047297297297 ;0.054054054054 ;0.064189189189 ;0.074324324324 ;0.074324324324 ;0.060810810811 ;0.057432432432 ;0.064189189189 ;0.081081081081 ;0.091216216216 ;0.101351351351 ;0.091216216216 ;0.108108108108 ;0.114864864865 ;0.128378378378 ;0.135135135135 ;0.141891891892 ;0.141891891892 ;0.155405405405 ;0.182432432432 ;0.202702702703 ;0.219594594595 ;0.212837837838 ;0.202702702703 ;0.195945945946 ;0.199324324324 ;0.202702702703 ;0.206081081081 ;0.209459459459 ;0.192567567568 ;0.168918918919 ;0.158783783784 ;0.155405405405 ;0.148648648649 ;0.138513513514 ;0.128378378378 ;0.111486486486 ;0.104729729730 ;0.104729729730 ;0.101351351351 ;0.101351351351 ;0.091216216216 ;0.087837837838 ;0.091216216216 ;0.094594594595 ;0.111486486486 ;0.101351351351 ;0.091216216216 ;0.084459459459 ;0.097972972973 ;0.114864864865 ;0.121621621622 ;0.121621621622 ;0.125000000000 ;0.155405405405 ;0.222972972973 ;0.327702702703 ;0.479729729730 ;0.631756756757 ;0.777027027027 ;0.881756756757 ;0.966216216216 ;1.000000000000 ;1.000000000000 ;0.942567567568 ;0.831081081081 ;0.672297297297 ;0.472972972973 ;0.283783783784 ;0.135135135135 ;0.060810810811 ;0.057432432432 ;0.057432432432 ;0.054054054054 ;0.043918918919 ;0.054054054054 ;0.057432432432 ;0.043918918919 ;0.040540540541 ;0.037162162162 ;0.043918918919 ;0.043918918919 ;0.030405405405 ;0.016891891892 ;0.003378378378 ;0.010135135135 ;0.020270270270 ;0.023648648649 ;0.010135135135 ;0.003378378378 ;0.000000000000 ;0.003378378378 ;0.010135135135 ;0.013513513514 ;0.013513513514 ;0.000000000000 ;0.003378378378 ;0.003378378378 ;0.020270270270 ;0.023648648649 ;0.010135135135 ;0.006756756757 ;0.003378378378 ;0.010135135135 ;0.010135135135 ;0.013513513514 ;0.016891891892 ;0.006756756757 ;0.003378378378 ;0.010135135135 ;0.020270270270 ;0.033783783784 ;0.027027027027 ;0.023648648649 ;0.016891891892 ;0.020270270270 ;0.033783783784 ;0.043918918919 ;0.037162162162 ;0.040540540541 ;0.033783783784 ;0.047297297297 ;0.047297297297 ;0.050675675676 ;0.057432432432 ;0.054054054054 ;0.043918918919 ;0.054054054054 ;0.064189189189 ;0.070945945946 ;0.081081081081 ;0.077702702703 ;0.081081081081 ;0.094594594595 ;0.104729729730 ;0.118243243243 ;0.125000000000 ;0.114864864865 ;0.125000000000 ;0.131756756757 ;0.152027027027 ;0.162162162162 ;0.165540540541 ;0.172297297297 ;0.168918918919 ;0.185810810811 ;0.199324324324 ;0.209459459459 ;0.233108108108 ;0.233108108108 ;0.246621621622 ;0.256756756757 ;0.273648648649 ;0.277027027027 ;0.287162162162 ;0.283783783784 ;0.304054054054 ;0.327702702703 ;0.341216216216 ;0.358108108108 ;0.358108108108 ;0.361486486486 ;0.364864864865 ;0.378378378378 ;0.398648648649 ;0.398648648649 ;0.405405405405 ;0.391891891892 ;0.391891891892 ;0.415540540541 ;0.412162162162 ;0.415540540541 ;0.418918918919 ;0.402027027027 ;0.391891891892 ;0.395270270270 ;0.408783783784 ;0.405405405405 ;0.398648648649 ;0.385135135135 ;0.371621621622 ;0.375000000000 ;0.364864864865 ;0.358108108108 ;0.347972972973 ;0.327702702703 ;0.320945945946 ;0.310810810811 ;0.304054054054 ;0.304054054054 ;0.280405405405 ;0.277027027027 ;0.263513513514 ;
0.301948051948 ;0.305194805195 ;0.295454545455 ;0.301948051948 ;0.298701298701 ;0.308441558442 ;0.308441558442 ;0.305194805195 ;0.298701298701 ;0.301948051948 ;0.314935064935 ;0.311688311688 ;0.311688311688 ;0.301948051948 ;0.305194805195 ;0.301948051948 ;0.314935064935 ;0.321428571429 ;0.321428571429 ;0.308441558442 ;0.301948051948 ;0.305194805195 ;0.308441558442 ;0.324675324675 ;0.318181818182 ;0.311688311688 ;0.298701298701 ;0.301948051948 ;0.311688311688 ;0.314935064935 ;0.318181818182 ;0.308441558442 ;0.298701298701 ;0.301948051948 ;0.301948051948 ;0.311688311688 ;0.324675324675 ;0.331168831169 ;0.318181818182 ;0.324675324675 ;0.324675324675 ;0.334415584416 ;0.334415584416 ;0.331168831169 ;0.344155844156 ;0.350649350649 ;0.360389610390 ;0.366883116883 ;0.370129870130 ;0.370129870130 ;0.366883116883 ;0.373376623377 ;0.389610389610 ;0.405844155844 ;0.428571428571 ;0.431818181818 ;0.435064935065 ;0.438311688312 ;0.451298701299 ;0.464285714286 ;0.464285714286 ;0.480519480519 ;0.483766233766 ;0.496753246753 ;0.506493506494 ;0.490259740260 ;0.470779220779 ;0.448051948052 ;0.412337662338 ;0.389610389610 ;0.366883116883 ;0.347402597403 ;0.321428571429 ;0.298701298701 ;0.292207792208 ;0.298701298701 ;0.314935064935 ;0.305194805195 ;0.301948051948 ;0.311688311688 ;0.314935064935 ;0.314935064935 ;0.318181818182 ;0.321428571429 ;0.318181818182 ;0.331168831169 ;0.324675324675 ;0.321428571429 ;0.324675324675 ;0.318181818182 ;0.314935064935 ;0.314935064935 ;0.314935064935 ;0.318181818182 ;0.314935064935 ;0.314935064935 ;0.311688311688 ;0.314935064935 ;0.311688311688 ;0.318181818182 ;0.324675324675 ;0.321428571429 ;0.321428571429 ;0.314935064935 ;0.308441558442 ;0.314935064935 ;0.321428571429 ;0.321428571429 ;0.314935064935 ;0.311688311688 ;0.298701298701 ;0.311688311688 ;0.334415584416 ;0.366883116883 ;0.412337662338 ;0.480519480519 ;0.564935064935 ;0.678571428571 ;0.772727272727 ;0.805194805195 ;0.775974025974 ;0.766233766234 ;0.792207792208 ;0.837662337662 ;0.876623376623 ;0.902597402597 ;0.928571428571 ;0.938311688312 ;0.951298701299 ;0.983766233766 ;1.000000000000 ;1.000000000000 ;0.954545454545 ;0.883116883117 ;0.766233766234 ;0.655844155844 ;0.548701298701 ;0.448051948052 ;0.331168831169 ;0.194805194805 ;0.090909090909 ;0.029220779221 ;0.000000000000 ;0.006493506494 ;0.038961038961 ;0.081168831169 ;0.103896103896 ;0.110389610390 ;0.123376623377 ;0.139610389610 ;0.159090909091 ;0.172077922078 ;0.178571428571 ;0.178571428571 ;0.194805194805 ;0.211038961039 ;0.217532467532 ;0.224025974026 ;0.217532467532 ;0.207792207792 ;0.198051948052 ;0.204545454545 ;0.214285714286 ;0.207792207792 ;0.185064935065 ;0.188311688312 ;0.201298701299 ;0.220779220779 ;0.240259740260 ;0.237012987013 ;0.220779220779 ;0.211038961039 ;0.217532467532 ;0.214285714286 ;0.207792207792 ;0.211038961039 ;0.198051948052 ;0.201298701299 ;0.214285714286 ;0.214285714286 ;0.207792207792 ;0.207792207792 ;0.204545454545 ;0.207792207792 ;0.201298701299 ;0.207792207792 ;0.214285714286 ;0.211038961039 ;0.201298701299 ;0.204545454545 ;0.220779220779 ;0.220779220779 ;0.220779220779 ;0.214285714286 ;0.198051948052 ;0.198051948052 ;0.201298701299 ;0.211038961039 ;0.214285714286 ;0.207792207792 ;0.211038961039 ;0.217532467532 ;0.220779220779 ;0.220779220779 ;0.220779220779 ;0.224025974026 ;0.224025974026 ;0.230519480519 ;0.230519480519 ;0.237012987013 ;0.237012987013 ;0.237012987013 ;0.250000000000 ;0.250000000000 ;0.262987012987 ;0.256493506494 ;0.256493506494 ;0.246753246753 ;0.230519480519 ;0.237012987013 ;0.253246753247 ;0.285714285714 ;0.305194805195 ;0.298701298701 ;0.282467532468 ;0.275974025974 ;0.285714285714 ;0.295454545455 ;0.308441558442 ;0.295454545455 ;0.279220779221 ;0.288961038961 ;0.295454545455 ;0.311688311688 ;0.314935064935 ;0.305194805195 ;0.298701298701 ;0.311688311688 ;0.324675324675 ;0.340909090909 ;0.347402597403 ;0.350649350649 ;0.340909090909 ;0.350649350649 ;0.350649350649 ;0.350649350649 ;0.350649350649 ;0.344155844156 ;0.334415584416 ;0.324675324675 ;0.340909090909 ;0.350649350649 ;0.347402597403 ;0.350649350649 ;0.344155844156 ;0.353896103896 ;0.350649350649 ;0.357142857143 ;0.357142857143 ;0.347402597403 ;
0.671698113208 ;0.592452830189 ;0.539622641509 ;0.516981132075 ;0.479245283019 ;0.445283018868 ;0.433962264151 ;0.445283018868 ;0.460377358491 ;0.467924528302 ;0.490566037736 ;0.520754716981 ;0.535849056604 ;0.535849056604 ;0.539622641509 ;0.547169811321 ;0.547169811321 ;0.547169811321 ;0.550943396226 ;0.550943396226 ;0.543396226415 ;0.547169811321 ;0.535849056604 ;0.539622641509 ;0.558490566038 ;0.573584905660 ;0.584905660377 ;0.573584905660 ;0.577358490566 ;0.588679245283 ;0.600000000000 ;0.603773584906 ;0.611320754717 ;0.615094339623 ;0.630188679245 ;0.652830188679 ;0.675471698113 ;0.683018867925 ;0.686792452830 ;0.675471698113 ;0.671698113208 ;0.683018867925 ;0.683018867925 ;0.694339622642 ;0.698113207547 ;0.701886792453 ;0.709433962264 ;0.716981132075 ;0.716981132075 ;0.686792452830 ;0.641509433962 ;0.600000000000 ;0.566037735849 ;0.532075471698 ;0.539622641509 ;0.532075471698 ;0.501886792453 ;0.467924528302 ;0.445283018868 ;0.460377358491 ;0.460377358491 ;0.452830188679 ;0.475471698113 ;0.539622641509 ;0.584905660377 ;0.588679245283 ;0.532075471698 ;0.445283018868 ;0.369811320755 ;0.350943396226 ;0.373584905660 ;0.411320754717 ;0.445283018868 ;0.449056603774 ;0.437735849057 ;0.437735849057 ;0.445283018868 ;0.449056603774 ;0.452830188679 ;0.449056603774 ;0.441509433962 ;0.449056603774 ;0.452830188679 ;0.464150943396 ;0.483018867925 ;0.475471698113 ;0.471698113208 ;0.452830188679 ;0.441509433962 ;0.433962264151 ;0.422641509434 ;0.407547169811 ;0.403773584906 ;0.415094339623 ;0.418867924528 ;0.433962264151 ;0.460377358491 ;0.483018867925 ;0.513207547170 ;0.554716981132 ;0.611320754717 ;0.705660377358 ;0.822641509434 ;0.894339622642 ;0.909433962264 ;0.852830188679 ;0.826415094340 ;0.845283018868 ;0.890566037736 ;0.920754716981 ;0.935849056604 ;0.932075471698 ;0.939622641509 ;0.932075471698 ;0.958490566038 ;0.992452830189 ;1.000000000000 ;1.000000000000 ;0.962264150943 ;0.886792452830 ;0.777358490566 ;0.660377358491 ;0.573584905660 ;0.483018867925 ;0.362264150943 ;0.230188679245 ;0.120754716981 ;0.037735849057 ;0.000000000000 ;0.003773584906 ;0.026415094340 ;0.060377358491 ;0.090566037736 ;0.105660377358 ;0.132075471698 ;0.147169811321 ;0.162264150943 ;0.181132075472 ;0.211320754717 ;0.222641509434 ;0.233962264151 ;0.241509433962 ;0.245283018868 ;0.256603773585 ;0.264150943396 ;0.252830188679 ;0.241509433962 ;0.233962264151 ;0.226415094340 ;0.226415094340 ;0.237735849057 ;0.241509433962 ;0.241509433962 ;0.237735849057 ;0.237735849057 ;0.245283018868 ;0.249056603774 ;0.237735849057 ;0.226415094340 ;0.233962264151 ;0.237735849057 ;0.237735849057 ;0.233962264151 ;0.230188679245 ;0.230188679245 ;0.230188679245 ;0.233962264151 ;0.233962264151 ;0.241509433962 ;0.233962264151 ;0.226415094340 ;0.218867924528 ;0.226415094340 ;0.237735849057 ;0.245283018868 ;0.233962264151 ;0.233962264151 ;0.233962264151 ;0.226415094340 ;0.218867924528 ;0.226415094340 ;0.226415094340 ;0.218867924528 ;0.215094339623 ;0.218867924528 ;0.230188679245 ;0.237735849057 ;0.230188679245 ;0.222641509434 ;0.211320754717 ;0.203773584906 ;0.218867924528 ;0.230188679245 ;0.233962264151 ;0.226415094340 ;0.222641509434 ;0.222641509434 ;0.233962264151 ;0.233962264151 ;0.226415094340 ;0.207547169811 ;0.215094339623 ;0.211320754717 ;0.237735849057 ;0.237735849057 ;0.237735849057 ;0.230188679245 ;0.230188679245 ;0.237735849057 ;0.249056603774 ;0.256603773585 ;0.249056603774 ;0.241509433962 ;0.230188679245 ;0.245283018868 ;0.309433962264 ;0.400000000000 ;0.403773584906 ;0.320754716981 ;0.241509433962 ;0.203773584906 ;0.226415094340 ;0.260377358491 ;0.286792452830 ;0.279245283019 ;0.294339622642 ;0.294339622642 ;0.298113207547 ;0.309433962264 ;0.309433962264 ;0.305660377358 ;0.316981132075 ;0.316981132075 ;0.324528301887 ;0.339622641509 ;0.354716981132 ;0.358490566038 ;0.343396226415 ;0.324528301887 ;0.324528301887 ;0.335849056604 ;0.350943396226 ;0.339622641509 ;0.328301886792 ;0.313207547170 ;0.328301886792 ;0.339622641509 ;0.339622641509 ;0.339622641509 ;0.339622641509 ;0.328301886792 ;0.324528301887 ;0.320754716981 ;0.316981132075 ;0.320754716981 ;0.313207547170 ;0.313207547170 ;0.316981132075 ;0.324528301887 ;0.320754716981 ;
0.345833333333 ;0.341666666667 ;0.350000000000 ;0.354166666667 ;0.354166666667 ;0.362500000000 ;0.358333333333 ;0.350000000000 ;0.337500000000 ;0.337500000000 ;0.333333333333 ;0.325000000000 ;0.325000000000 ;0.312500000000 ;0.320833333333 ;0.329166666667 ;0.329166666667 ;0.329166666667 ;0.329166666667 ;0.333333333333 ;0.325000000000 ;0.308333333333 ;0.308333333333 ;0.308333333333 ;0.308333333333 ;0.312500000000 ;0.308333333333 ;0.308333333333 ;0.312500000000 ;0.312500000000 ;0.312500000000 ;0.312500000000 ;0.312500000000 ;0.312500000000 ;0.304166666667 ;0.304166666667 ;0.304166666667 ;0.304166666667 ;0.304166666667 ;0.316666666667 ;0.312500000000 ;0.329166666667 ;0.325000000000 ;0.325000000000 ;0.316666666667 ;0.312500000000 ;0.304166666667 ;0.300000000000 ;0.291666666667 ;0.300000000000 ;0.304166666667 ;0.304166666667 ;0.316666666667 ;0.312500000000 ;0.312500000000 ;0.316666666667 ;0.312500000000 ;0.312500000000 ;0.312500000000 ;0.312500000000 ;0.320833333333 ;0.312500000000 ;0.320833333333 ;0.337500000000 ;0.350000000000 ;0.350000000000 ;0.362500000000 ;0.362500000000 ;0.366666666667 ;0.366666666667 ;0.366666666667 ;0.370833333333 ;0.370833333333 ;0.375000000000 ;0.375000000000 ;0.375000000000 ;0.387500000000 ;0.400000000000 ;0.412500000000 ;0.408333333333 ;0.420833333333 ;0.408333333333 ;0.395833333333 ;0.366666666667 ;0.354166666667 ;0.350000000000 ;0.337500000000 ;0.341666666667 ;0.341666666667 ;0.345833333333 ;0.333333333333 ;0.320833333333 ;0.312500000000 ;0.287500000000 ;0.275000000000 ;0.258333333333 ;0.250000000000 ;0.254166666667 ;0.258333333333 ;0.258333333333 ;0.262500000000 ;0.258333333333 ;0.279166666667 ;0.275000000000 ;0.270833333333 ;0.266666666667 ;0.270833333333 ;0.266666666667 ;0.266666666667 ;0.250000000000 ;0.258333333333 ;0.270833333333 ;0.270833333333 ;0.279166666667 ;0.295833333333 ;0.300000000000 ;0.291666666667 ;0.275000000000 ;0.275000000000 ;0.275000000000 ;0.308333333333 ;0.337500000000 ;0.395833333333 ;0.475000000000 ;0.558333333333 ;0.666666666667 ;0.787500000000 ;0.879166666667 ;0.962500000000 ;1.000000000000 ;0.970833333333 ;0.883333333333 ;0.766666666667 ;0.645833333333 ;0.537500000000 ;0.408333333333 ;0.258333333333 ;0.129166666667 ;0.037500000000 ;0.000000000000 ;0.012500000000 ;0.041666666667 ;0.066666666667 ;0.070833333333 ;0.083333333333 ;0.083333333333 ;0.120833333333 ;0.137500000000 ;0.150000000000 ;0.187500000000 ;0.212500000000 ;0.216666666667 ;0.216666666667 ;0.212500000000 ;0.216666666667 ;0.200000000000 ;0.179166666667 ;0.179166666667 ;0.183333333333 ;0.187500000000 ;0.187500000000 ;0.204166666667 ;0.208333333333 ;0.195833333333 ;0.200000000000 ;0.179166666667 ;0.187500000000 ;0.179166666667 ;0.179166666667 ;0.175000000000 ;0.187500000000 ;0.187500000000 ;0.195833333333 ;0.204166666667 ;0.208333333333 ;0.195833333333 ;0.191666666667 ;0.179166666667 ;0.179166666667 ;0.162500000000 ;0.154166666667 ;0.162500000000 ;0.158333333333 ;0.162500000000 ;0.162500000000 ;0.179166666667 ;0.175000000000 ;0.166666666667 ;0.170833333333 ;0.166666666667 ;0.158333333333 ;0.154166666667 ;0.150000000000 ;0.145833333333 ;0.133333333333 ;0.145833333333 ;0.141666666667 ;0.150000000000 ;0.158333333333 ;0.154166666667 ;0.150000000000 ;0.133333333333 ;0.137500000000 ;0.129166666667 ;0.120833333333 ;0.125000000000 ;0.125000000000 ;0.137500000000 ;0.133333333333 ;0.141666666667 ;0.137500000000 ;0.150000000000 ;0.150000000000 ;0.150000000000 ;0.145833333333 ;0.133333333333 ;0.141666666667 ;0.150000000000 ;0.154166666667 ;0.162500000000 ;0.179166666667 ;0.187500000000 ;0.200000000000 ;0.204166666667 ;0.220833333333 ;0.241666666667 ;0.237500000000 ;0.245833333333 ;0.258333333333 ;0.283333333333 ;0.304166666667 ;0.329166666667 ;0.358333333333 ;0.379166666667 ;0.391666666667 ;0.395833333333 ;0.408333333333 ;0.416666666667 ;0.425000000000 ;0.425000000000 ;0.437500000000 ;0.441666666667 ;0.441666666667 ;0.441666666667 ;0.454166666667 ;0.454166666667 ;0.466666666667 ;0.458333333333 ;0.458333333333 ;0.441666666667 ;0.445833333333 ;0.445833333333 ;0.441666666667 ;0.429166666667 ;0.433333333333 ;0.429166666667 ;0.429166666667 ;0.437500000000 ;0.437500000000 ;0.433333333333 ;
0.487562189055 ;0.487562189055 ;0.482587064677 ;0.477611940299 ;0.487562189055 ;0.497512437811 ;0.477611940299 ;0.487562189055 ;0.482587064677 ;0.487562189055 ;0.472636815920 ;0.472636815920 ;0.472636815920 ;0.472636815920 ;0.477611940299 ;0.472636815920 ;0.462686567164 ;0.462686567164 ;0.447761194030 ;0.442786069652 ;0.437810945274 ;0.432835820896 ;0.427860696517 ;0.427860696517 ;0.437810945274 ;0.442786069652 ;0.437810945274 ;0.432835820896 ;0.427860696517 ;0.417910447761 ;0.422885572139 ;0.432835820896 ;0.432835820896 ;0.417910447761 ;0.422885572139 ;0.427860696517 ;0.412935323383 ;0.412935323383 ;0.417910447761 ;0.417910447761 ;0.422885572139 ;0.442786069652 ;0.437810945274 ;0.447761194030 ;0.437810945274 ;0.427860696517 ;0.422885572139 ;0.422885572139 ;0.417910447761 ;0.417910447761 ;0.432835820896 ;0.442786069652 ;0.452736318408 ;0.462686567164 ;0.457711442786 ;0.447761194030 ;0.442786069652 ;0.447761194030 ;0.447761194030 ;0.432835820896 ;0.417910447761 ;0.427860696517 ;0.437810945274 ;0.432835820896 ;0.467661691542 ;0.487562189055 ;0.502487562189 ;0.497512437811 ;0.497512437811 ;0.497512437811 ;0.502487562189 ;0.502487562189 ;0.507462686567 ;0.492537313433 ;0.512437810945 ;0.527363184080 ;0.537313432836 ;0.542288557214 ;0.527363184080 ;0.512437810945 ;0.502487562189 ;0.487562189055 ;0.472636815920 ;0.467661691542 ;0.462686567164 ;0.452736318408 ;0.457711442786 ;0.447761194030 ;0.442786069652 ;0.447761194030 ;0.427860696517 ;0.417910447761 ;0.402985074627 ;0.398009950249 ;0.398009950249 ;0.383084577114 ;0.353233830846 ;0.343283582090 ;0.348258706468 ;0.368159203980 ;0.373134328358 ;0.383084577114 ;0.378109452736 ;0.373134328358 ;0.363184079602 ;0.358208955224 ;0.348258706468 ;0.348258706468 ;0.353233830846 ;0.358208955224 ;0.373134328358 ;0.388059701493 ;0.383084577114 ;0.378109452736 ;0.388059701493 ;0.368159203980 ;0.378109452736 ;0.383084577114 ;0.393034825871 ;0.388059701493 ;0.398009950249 ;0.422885572139 ;0.467661691542 ;0.502487562189 ;0.567164179104 ;0.661691542289 ;0.766169154229 ;0.860696517413 ;0.950248756219 ;1.000000000000 ;0.985074626866 ;0.910447761194 ;0.776119402985 ;0.656716417910 ;0.532338308458 ;0.422885572139 ;0.268656716418 ;0.124378109453 ;0.019900497512 ;0.000000000000 ;0.024875621891 ;0.079601990050 ;0.129353233831 ;0.159203980100 ;0.154228855721 ;0.164179104478 ;0.174129353234 ;0.208955223881 ;0.228855721393 ;0.258706467662 ;0.263681592040 ;0.268656716418 ;0.268656716418 ;0.273631840796 ;0.278606965174 ;0.278606965174 ;0.278606965174 ;0.278606965174 ;0.263681592040 ;0.263681592040 ;0.273631840796 ;0.268656716418 ;0.268656716418 ;0.268656716418 ;0.268656716418 ;0.273631840796 ;0.258706467662 ;0.253731343284 ;0.258706467662 ;0.268656716418 ;0.268656716418 ;0.283582089552 ;0.293532338308 ;0.298507462687 ;0.293532338308 ;0.273631840796 ;0.268656716418 ;0.268656716418 ;0.273631840796 ;0.273631840796 ;0.278606965174 ;0.278606965174 ;0.263681592040 ;0.243781094527 ;0.238805970149 ;0.253731343284 ;0.243781094527 ;0.243781094527 ;0.253731343284 ;0.258706467662 ;0.258706467662 ;0.253731343284 ;0.238805970149 ;0.218905472637 ;0.223880597015 ;0.228855721393 ;0.228855721393 ;0.248756218905 ;0.248756218905 ;0.243781094527 ;0.223880597015 ;0.213930348259 ;0.203980099502 ;0.189054726368 ;0.184079601990 ;0.199004975124 ;0.203980099502 ;0.203980099502 ;0.223880597015 ;0.223880597015 ;0.218905472637 ;0.213930348259 ;0.208955223881 ;0.213930348259 ;0.208955223881 ;0.208955223881 ;0.208955223881 ;0.223880597015 ;0.243781094527 ;0.258706467662 ;0.253731343284 ;0.243781094527 ;0.233830845771 ;0.213930348259 ;0.218905472637 ;0.223880597015 ;0.223880597015 ;0.248756218905 ;0.253731343284 ;0.268656716418 ;0.273631840796 ;0.288557213930 ;0.308457711443 ;0.318407960199 ;0.318407960199 ;0.338308457711 ;0.343283582090 ;0.363184079602 ;0.373134328358 ;0.383084577114 ;0.398009950249 ;0.412935323383 ;0.442786069652 ;0.457711442786 ;0.482587064677 ;0.507462686567 ;0.507462686567 ;0.487562189055 ;0.487562189055 ;0.472636815920 ;0.467661691542 ;0.457711442786 ;0.472636815920 ;0.497512437811 ;0.507462686567 ;0.522388059701 ;0.527363184080 ;0.532338308458 ;0.527363184080 ;0.512437810945 ;
0.463709677419 ;0.471774193548 ;0.467741935484 ;0.479838709677 ;0.475806451613 ;0.479838709677 ;0.471774193548 ;0.459677419355 ;0.463709677419 ;0.459677419355 ;0.451612903226 ;0.447580645161 ;0.447580645161 ;0.451612903226 ;0.443548387097 ;0.443548387097 ;0.443548387097 ;0.447580645161 ;0.439516129032 ;0.435483870968 ;0.423387096774 ;0.419354838710 ;0.419354838710 ;0.419354838710 ;0.419354838710 ;0.415322580645 ;0.415322580645 ;0.423387096774 ;0.443548387097 ;0.443548387097 ;0.439516129032 ;0.431451612903 ;0.431451612903 ;0.423387096774 ;0.407258064516 ;0.407258064516 ;0.415322580645 ;0.419354838710 ;0.423387096774 ;0.427419354839 ;0.439516129032 ;0.431451612903 ;0.427419354839 ;0.431451612903 ;0.427419354839 ;0.415322580645 ;0.411290322581 ;0.415322580645 ;0.423387096774 ;0.423387096774 ;0.427419354839 ;0.435483870968 ;0.423387096774 ;0.435483870968 ;0.423387096774 ;0.423387096774 ;0.427419354839 ;0.423387096774 ;0.427419354839 ;0.423387096774 ;0.431451612903 ;0.439516129032 ;0.451612903226 ;0.459677419355 ;0.475806451613 ;0.487903225806 ;0.487903225806 ;0.500000000000 ;0.491935483871 ;0.487903225806 ;0.475806451613 ;0.483870967742 ;0.483870967742 ;0.491935483871 ;0.508064516129 ;0.512096774194 ;0.520161290323 ;0.528225806452 ;0.516129032258 ;0.500000000000 ;0.475806451613 ;0.463709677419 ;0.451612903226 ;0.443548387097 ;0.439516129032 ;0.447580645161 ;0.435483870968 ;0.435483870968 ;0.423387096774 ;0.423387096774 ;0.407258064516 ;0.395161290323 ;0.383064516129 ;0.375000000000 ;0.370967741935 ;0.362903225806 ;0.362903225806 ;0.366935483871 ;0.370967741935 ;0.379032258065 ;0.383064516129 ;0.395161290323 ;0.387096774194 ;0.375000000000 ;0.366935483871 ;0.379032258065 ;0.375000000000 ;0.370967741935 ;0.362903225806 ;0.362903225806 ;0.370967741935 ;0.383064516129 ;0.383064516129 ;0.395161290323 ;0.399193548387 ;0.395161290323 ;0.387096774194 ;0.379032258065 ;0.370967741935 ;0.379032258065 ;0.407258064516 ;0.435483870968 ;0.491935483871 ;0.560483870968 ;0.625000000000 ;0.713709677419 ;0.794354838710 ;0.883064516129 ;0.955645161290 ;1.000000000000 ;0.983870967742 ;0.951612903226 ;0.862903225806 ;0.754032258065 ;0.649193548387 ;0.568548387097 ;0.463709677419 ;0.338709677419 ;0.197580645161 ;0.072580645161 ;0.008064516129 ;0.000000000000 ;0.044354838710 ;0.088709677419 ;0.133064516129 ;0.177419354839 ;0.221774193548 ;0.250000000000 ;0.274193548387 ;0.290322580645 ;0.286290322581 ;0.290322580645 ;0.298387096774 ;0.290322580645 ;0.298387096774 ;0.302419354839 ;0.298387096774 ;0.294354838710 ;0.302419354839 ;0.302419354839 ;0.298387096774 ;0.302419354839 ;0.286290322581 ;0.294354838710 ;0.294354838710 ;0.294354838710 ;0.290322580645 ;0.278225806452 ;0.286290322581 ;0.290322580645 ;0.286290322581 ;0.294354838710 ;0.298387096774 ;0.306451612903 ;0.294354838710 ;0.298387096774 ;0.298387096774 ;0.282258064516 ;0.282258064516 ;0.282258064516 ;0.278225806452 ;0.278225806452 ;0.290322580645 ;0.282258064516 ;0.290322580645 ;0.298387096774 ;0.274193548387 ;0.266129032258 ;0.266129032258 ;0.266129032258 ;0.258064516129 ;0.250000000000 ;0.250000000000 ;0.245967741935 ;0.254032258065 ;0.258064516129 ;0.274193548387 ;0.274193548387 ;0.270161290323 ;0.254032258065 ;0.258064516129 ;0.250000000000 ;0.237903225806 ;0.245967741935 ;0.241935483871 ;0.241935483871 ;0.241935483871 ;0.241935483871 ;0.241935483871 ;0.241935483871 ;0.237903225806 ;0.233870967742 ;0.229838709677 ;0.221774193548 ;0.225806451613 ;0.209677419355 ;0.209677419355 ;0.213709677419 ;0.217741935484 ;0.233870967742 ;0.245967741935 ;0.241935483871 ;0.254032258065 ;0.250000000000 ;0.250000000000 ;0.254032258065 ;0.250000000000 ;0.254032258065 ;0.254032258065 ;0.266129032258 ;0.274193548387 ;0.286290322581 ;0.294354838710 ;0.322580645161 ;0.330645161290 ;0.322580645161 ;0.338709677419 ;0.342741935484 ;0.346774193548 ;0.358870967742 ;0.366935483871 ;0.383064516129 ;0.407258064516 ;0.423387096774 ;0.443548387097 ;0.463709677419 ;0.467741935484 ;0.479838709677 ;0.475806451613 ;0.483870967742 ;0.487903225806 ;0.495967741935 ;0.495967741935 ;0.500000000000 ;0.504032258065 ;0.516129032258 ;0.512096774194 ;0.528225806452 ;0.524193548387 ;0.512096774194 ;
0.095419847328 ;0.091603053435 ;0.083969465649 ;0.085877862595 ;0.091603053435 ;0.093511450382 ;0.093511450382 ;0.087786259542 ;0.083969465649 ;0.080152671756 ;0.083969465649 ;0.093511450382 ;0.091603053435 ;0.083969465649 ;0.080152671756 ;0.083969465649 ;0.089694656489 ;0.095419847328 ;0.093511450382 ;0.089694656489 ;0.080152671756 ;0.082061068702 ;0.087786259542 ;0.093511450382 ;0.089694656489 ;0.087786259542 ;0.087786259542 ;0.083969465649 ;0.085877862595 ;0.083969465649 ;0.089694656489 ;0.085877862595 ;0.082061068702 ;0.080152671756 ;0.083969465649 ;0.091603053435 ;0.087786259542 ;0.082061068702 ;0.080152671756 ;0.080152671756 ;0.087786259542 ;0.093511450382 ;0.091603053435 ;0.087786259542 ;0.083969465649 ;0.082061068702 ;0.087786259542 ;0.089694656489 ;0.089694656489 ;0.085877862595 ;0.080152671756 ;0.082061068702 ;0.087786259542 ;0.089694656489 ;0.091603053435 ;0.087786259542 ;0.083969465649 ;0.083969465649 ;0.087786259542 ;0.097328244275 ;0.097328244275 ;0.089694656489 ;0.080152671756 ;0.089694656489 ;0.099236641221 ;0.110687022901 ;0.114503816794 ;0.112595419847 ;0.106870229008 ;0.103053435115 ;0.108778625954 ;0.122137404580 ;0.129770992366 ;0.125954198473 ;0.120229007634 ;0.133587786260 ;0.133587786260 ;0.139312977099 ;0.137404580153 ;0.127862595420 ;0.114503816794 ;0.112595419847 ;0.118320610687 ;0.124045801527 ;0.118320610687 ;0.112595419847 ;0.103053435115 ;0.097328244275 ;0.097328244275 ;0.097328244275 ;0.101145038168 ;0.091603053435 ;0.087786259542 ;0.083969465649 ;0.091603053435 ;0.097328244275 ;0.099236641221 ;0.095419847328 ;0.089694656489 ;0.091603053435 ;0.097328244275 ;0.099236641221 ;0.101145038168 ;0.097328244275 ;0.097328244275 ;0.099236641221 ;0.103053435115 ;0.108778625954 ;0.108778625954 ;0.097328244275 ;0.101145038168 ;0.106870229008 ;0.114503816794 ;0.118320610687 ;0.112595419847 ;0.104961832061 ;0.089694656489 ;0.078244274809 ;0.070610687023 ;0.074427480916 ;0.072519083969 ;0.076335877863 ;0.114503816794 ;0.192748091603 ;0.316793893130 ;0.479007633588 ;0.654580152672 ;0.807251908397 ;0.919847328244 ;0.986641221374 ;1.000000000000 ;0.929389312977 ;0.761450381679 ;0.517175572519 ;0.272900763359 ;0.051526717557 ;0.000000000000 ;0.026717557252 ;0.055343511450 ;0.049618320611 ;0.040076335878 ;0.043893129771 ;0.049618320611 ;0.064885496183 ;0.070610687023 ;0.082061068702 ;0.097328244275 ;0.116412213740 ;0.131679389313 ;0.143129770992 ;0.133587786260 ;0.131679389313 ;0.125954198473 ;0.127862595420 ;0.131679389313 ;0.137404580153 ;0.133587786260 ;0.133587786260 ;0.129770992366 ;0.133587786260 ;0.139312977099 ;0.146946564885 ;0.146946564885 ;0.137404580153 ;0.139312977099 ;0.141221374046 ;0.146946564885 ;0.148854961832 ;0.148854961832 ;0.145038167939 ;0.143129770992 ;0.146946564885 ;0.150763358779 ;0.154580152672 ;0.150763358779 ;0.152671755725 ;0.148854961832 ;0.150763358779 ;0.158396946565 ;0.164122137405 ;0.166030534351 ;0.162213740458 ;0.154580152672 ;0.158396946565 ;0.164122137405 ;0.169847328244 ;0.167938931298 ;0.169847328244 ;0.166030534351 ;0.171755725191 ;0.175572519084 ;0.183206106870 ;0.181297709924 ;0.173664122137 ;0.169847328244 ;0.171755725191 ;0.181297709924 ;0.188931297710 ;0.187022900763 ;0.188931297710 ;0.185114503817 ;0.192748091603 ;0.200381679389 ;0.208015267176 ;0.211832061069 ;0.209923664122 ;0.209923664122 ;0.213740458015 ;0.219465648855 ;0.230916030534 ;0.229007633588 ;0.232824427481 ;0.234732824427 ;0.242366412214 ;0.244274809160 ;0.257633587786 ;0.263358778626 ;0.267175572519 ;0.274809160305 ;0.278625954198 ;0.291984732824 ;0.301526717557 ;0.303435114504 ;0.309160305344 ;0.312977099237 ;0.324427480916 ;0.337786259542 ;0.351145038168 ;0.358778625954 ;0.366412213740 ;0.370229007634 ;0.381679389313 ;0.396946564885 ;0.414122137405 ;0.423664122137 ;0.429389312977 ;0.429389312977 ;0.442748091603 ;0.458015267176 ;0.473282442748 ;0.480916030534 ;0.486641221374 ;0.492366412214 ;0.500000000000 ;0.517175572519 ;0.528625954198 ;0.538167938931 ;0.538167938931 ;0.541984732824 ;0.545801526718 ;0.551526717557 ;0.553435114504 ;0.543893129771 ;0.528625954198 ;0.511450381679 ;0.492366412214 ;0.477099236641 ;0.459923664122 ;0.433206106870 ;0.400763358779 ;
0.074889867841 ;0.081497797357 ;0.074889867841 ;0.072687224670 ;0.070484581498 ;0.070484581498 ;0.081497797357 ;0.081497797357 ;0.070484581498 ;0.074889867841 ;0.072687224670 ;0.074889867841 ;0.079295154185 ;0.079295154185 ;0.079295154185 ;0.072687224670 ;0.072687224670 ;0.066079295154 ;0.074889867841 ;0.083700440529 ;0.081497797357 ;0.074889867841 ;0.072687224670 ;0.070484581498 ;0.077092511013 ;0.083700440529 ;0.081497797357 ;0.074889867841 ;0.068281938326 ;0.068281938326 ;0.079295154185 ;0.083700440529 ;0.083700440529 ;0.079295154185 ;0.074889867841 ;0.074889867841 ;0.077092511013 ;0.079295154185 ;0.079295154185 ;0.081497797357 ;0.074889867841 ;0.077092511013 ;0.085903083700 ;0.090308370044 ;0.088105726872 ;0.079295154185 ;0.079295154185 ;0.077092511013 ;0.081497797357 ;0.088105726872 ;0.088105726872 ;0.085903083700 ;0.079295154185 ;0.081497797357 ;0.085903083700 ;0.088105726872 ;0.088105726872 ;0.085903083700 ;0.079295154185 ;0.081497797357 ;0.088105726872 ;0.094713656388 ;0.096916299559 ;0.085903083700 ;0.079295154185 ;0.092511013216 ;0.096916299559 ;0.107929515419 ;0.107929515419 ;0.110132158590 ;0.105726872247 ;0.105726872247 ;0.107929515419 ;0.118942731278 ;0.121145374449 ;0.118942731278 ;0.116740088106 ;0.116740088106 ;0.118942731278 ;0.121145374449 ;0.121145374449 ;0.103524229075 ;0.107929515419 ;0.116740088106 ;0.121145374449 ;0.121145374449 ;0.116740088106 ;0.107929515419 ;0.092511013216 ;0.096916299559 ;0.094713656388 ;0.103524229075 ;0.094713656388 ;0.090308370044 ;0.088105726872 ;0.090308370044 ;0.096916299559 ;0.099118942731 ;0.099118942731 ;0.099118942731 ;0.099118942731 ;0.094713656388 ;0.105726872247 ;0.107929515419 ;0.107929515419 ;0.099118942731 ;0.096916299559 ;0.099118942731 ;0.107929515419 ;0.116740088106 ;0.112334801762 ;0.114537444934 ;0.110132158590 ;0.110132158590 ;0.116740088106 ;0.116740088106 ;0.110132158590 ;0.088105726872 ;0.072687224670 ;0.070484581498 ;0.079295154185 ;0.094713656388 ;0.134361233480 ;0.187224669604 ;0.286343612335 ;0.444933920705 ;0.623348017621 ;0.773127753304 ;0.892070484581 ;0.977973568282 ;1.000000000000 ;0.951541850220 ;0.817180616740 ;0.559471365639 ;0.277533039648 ;0.059471365639 ;0.000000000000 ;0.024229074890 ;0.061674008811 ;0.063876651982 ;0.057268722467 ;0.046255506608 ;0.041850220264 ;0.059471365639 ;0.081497797357 ;0.101321585903 ;0.114537444934 ;0.127753303965 ;0.127753303965 ;0.129955947137 ;0.134361233480 ;0.143171806167 ;0.140969162996 ;0.136563876652 ;0.134361233480 ;0.136563876652 ;0.147577092511 ;0.151982378855 ;0.151982378855 ;0.151982378855 ;0.140969162996 ;0.143171806167 ;0.147577092511 ;0.156387665198 ;0.158590308370 ;0.158590308370 ;0.149779735683 ;0.158590308370 ;0.158590308370 ;0.165198237885 ;0.162995594714 ;0.162995594714 ;0.162995594714 ;0.165198237885 ;0.169603524229 ;0.178414096916 ;0.174008810573 ;0.174008810573 ;0.165198237885 ;0.169603524229 ;0.176211453744 ;0.182819383260 ;0.182819383260 ;0.180616740088 ;0.176211453744 ;0.178414096916 ;0.185022026432 ;0.191629955947 ;0.198237885463 ;0.187224669604 ;0.185022026432 ;0.193832599119 ;0.202643171806 ;0.207048458150 ;0.211453744493 ;0.204845814978 ;0.202643171806 ;0.207048458150 ;0.213656387665 ;0.213656387665 ;0.224669603524 ;0.224669603524 ;0.220264317181 ;0.226872246696 ;0.231277533040 ;0.244493392070 ;0.246696035242 ;0.251101321586 ;0.251101321586 ;0.255506607930 ;0.273127753304 ;0.281938325991 ;0.284140969163 ;0.281938325991 ;0.286343612335 ;0.295154185022 ;0.308370044053 ;0.314977973568 ;0.319383259912 ;0.328193832599 ;0.332599118943 ;0.341409691630 ;0.354625550661 ;0.372246696035 ;0.385462555066 ;0.389867841410 ;0.392070484581 ;0.400881057269 ;0.420704845815 ;0.438325991189 ;0.449339207048 ;0.449339207048 ;0.455947136564 ;0.469162995595 ;0.486784140969 ;0.497797356828 ;0.515418502203 ;0.511013215859 ;0.519823788546 ;0.533039647577 ;0.539647577093 ;0.557268722467 ;0.559471365639 ;0.561674008811 ;0.555066079295 ;0.555066079295 ;0.559471365639 ;0.561674008811 ;0.548458149780 ;0.524229074890 ;0.497797356828 ;0.475770925110 ;0.460352422907 ;0.444933920705 ;0.414096916300 ;0.383259911894 ;0.352422907489 ;0.332599118943 ;0.306167400881 ;0.286343612335 ;
0.658536585366 ;0.646341463415 ;0.646341463415 ;0.615853658537 ;0.628048780488 ;0.628048780488 ;0.658536585366 ;0.634146341463 ;0.615853658537 ;0.615853658537 ;0.628048780488 ;0.664634146341 ;0.664634146341 ;0.628048780488 ;0.615853658537 ;0.621951219512 ;0.646341463415 ;0.658536585366 ;0.664634146341 ;0.652439024390 ;0.634146341463 ;0.609756097561 ;0.646341463415 ;0.652439024390 ;0.658536585366 ;0.628048780488 ;0.609756097561 ;0.615853658537 ;0.634146341463 ;0.664634146341 ;0.628048780488 ;0.621951219512 ;0.591463414634 ;0.621951219512 ;0.634146341463 ;0.652439024390 ;0.628048780488 ;0.628048780488 ;0.628048780488 ;0.640243902439 ;0.682926829268 ;0.695121951220 ;0.695121951220 ;0.676829268293 ;0.682926829268 ;0.689024390244 ;0.682926829268 ;0.713414634146 ;0.701219512195 ;0.689024390244 ;0.707317073171 ;0.707317073171 ;0.737804878049 ;0.762195121951 ;0.743902439024 ;0.701219512195 ;0.676829268293 ;0.695121951220 ;0.670731707317 ;0.689024390244 ;0.682926829268 ;0.664634146341 ;0.646341463415 ;0.646341463415 ;0.658536585366 ;0.682926829268 ;0.689024390244 ;0.670731707317 ;0.634146341463 ;0.640243902439 ;0.676829268293 ;0.695121951220 ;0.676829268293 ;0.670731707317 ;0.646341463415 ;0.664634146341 ;0.676829268293 ;0.676829268293 ;0.658536585366 ;0.628048780488 ;0.591463414634 ;0.597560975610 ;0.609756097561 ;0.621951219512 ;0.621951219512 ;0.609756097561 ;0.591463414634 ;0.591463414634 ;0.603658536585 ;0.615853658537 ;0.615853658537 ;0.597560975610 ;0.597560975610 ;0.603658536585 ;0.609756097561 ;0.628048780488 ;0.615853658537 ;0.591463414634 ;0.585365853659 ;0.573170731707 ;0.591463414634 ;0.603658536585 ;0.615853658537 ;0.591463414634 ;0.567073170732 ;0.579268292683 ;0.567073170732 ;0.591463414634 ;0.603658536585 ;0.585365853659 ;0.585365853659 ;0.603658536585 ;0.615853658537 ;0.640243902439 ;0.634146341463 ;0.646341463415 ;0.652439024390 ;0.670731707317 ;0.713414634146 ;0.719512195122 ;0.658536585366 ;0.560975609756 ;0.451219512195 ;0.414634146341 ;0.371951219512 ;0.304878048780 ;0.189024390244 ;0.073170731707 ;0.000000000000 ;0.012195121951 ;0.097560975610 ;0.213414634146 ;0.353658536585 ;0.481707317073 ;0.591463414634 ;0.682926829268 ;0.664634146341 ;0.530487804878 ;0.280487804878 ;0.091463414634 ;0.006097560976 ;0.030487804878 ;0.091463414634 ;0.195121951220 ;0.317073170732 ;0.426829268293 ;0.530487804878 ;0.609756097561 ;0.621951219512 ;0.658536585366 ;0.652439024390 ;0.658536585366 ;0.640243902439 ;0.640243902439 ;0.652439024390 ;0.670731707317 ;0.695121951220 ;0.695121951220 ;0.689024390244 ;0.701219512195 ;0.682926829268 ;0.725609756098 ;0.713414634146 ;0.701219512195 ;0.701219512195 ;0.707317073171 ;0.737804878049 ;0.756097560976 ;0.756097560976 ;0.731707317073 ;0.719512195122 ;0.737804878049 ;0.750000000000 ;0.798780487805 ;0.804878048780 ;0.786585365854 ;0.762195121951 ;0.756097560976 ;0.768292682927 ;0.762195121951 ;0.762195121951 ;0.762195121951 ;0.762195121951 ;0.756097560976 ;0.780487804878 ;0.780487804878 ;0.774390243902 ;0.768292682927 ;0.750000000000 ;0.768292682927 ;0.786585365854 ;0.804878048780 ;0.817073170732 ;0.817073170732 ;0.798780487805 ;0.804878048780 ;0.823170731707 ;0.835365853659 ;0.829268292683 ;0.810975609756 ;0.804878048780 ;0.810975609756 ;0.835365853659 ;0.859756097561 ;0.853658536585 ;0.841463414634 ;0.817073170732 ;0.817073170732 ;0.835365853659 ;0.865853658537 ;0.859756097561 ;0.841463414634 ;0.817073170732 ;0.835365853659 ;0.865853658537 ;0.865853658537 ;0.884146341463 ;0.878048780488 ;0.878048780488 ;0.871951219512 ;0.884146341463 ;0.914634146341 ;0.920731707317 ;0.920731707317 ;0.890243902439 ;0.920731707317 ;0.926829268293 ;0.963414634146 ;0.969512195122 ;0.957317073171 ;0.945121951220 ;0.945121951220 ;0.969512195122 ;0.981707317073 ;0.981707317073 ;0.969512195122 ;0.963414634146 ;0.963414634146 ;0.957317073171 ;1.000000000000 ;0.993902439024 ;0.993902439024 ;0.975609756098 ;0.963414634146 ;0.975609756098 ;1.000000000000 ;0.987804878049 ;0.981707317073 ;0.957317073171 ;0.963414634146 ;0.969512195122 ;0.975609756098 ;0.963414634146 ;0.939024390244 ;0.914634146341 ;0.914634146341 ;0.926829268293 ;0.932926829268 ;0.939024390244 ;0.914634146341 ;
0.554054054054 ;0.554054054054 ;0.547297297297 ;0.547297297297 ;0.540540540541 ;0.527027027027 ;0.540540540541 ;0.540540540541 ;0.540540540541 ;0.540540540541 ;0.513513513514 ;0.506756756757 ;0.520270270270 ;0.520270270270 ;0.540540540541 ;0.533783783784 ;0.513513513514 ;0.520270270270 ;0.513513513514 ;0.533783783784 ;0.527027027027 ;0.527027027027 ;0.513513513514 ;0.506756756757 ;0.527027027027 ;0.520270270270 ;0.547297297297 ;0.554054054054 ;0.500000000000 ;0.520270270270 ;0.520270270270 ;0.533783783784 ;0.527027027027 ;0.527027027027 ;0.520270270270 ;0.513513513514 ;0.540540540541 ;0.554054054054 ;0.554054054054 ;0.574324324324 ;0.527027027027 ;0.533783783784 ;0.540540540541 ;0.567567567568 ;0.614864864865 ;0.594594594595 ;0.594594594595 ;0.567567567568 ;0.587837837838 ;0.587837837838 ;0.601351351351 ;0.601351351351 ;0.594594594595 ;0.594594594595 ;0.601351351351 ;0.621621621622 ;0.635135135135 ;0.608108108108 ;0.594594594595 ;0.608108108108 ;0.608108108108 ;0.594594594595 ;0.614864864865 ;0.567567567568 ;0.554054054054 ;0.547297297297 ;0.560810810811 ;0.581081081081 ;0.581081081081 ;0.574324324324 ;0.540540540541 ;0.540540540541 ;0.581081081081 ;0.587837837838 ;0.614864864865 ;0.608108108108 ;0.567567567568 ;0.547297297297 ;0.547297297297 ;0.554054054054 ;0.547297297297 ;0.520270270270 ;0.493243243243 ;0.486486486486 ;0.500000000000 ;0.513513513514 ;0.527027027027 ;0.513513513514 ;0.493243243243 ;0.486486486486 ;0.506756756757 ;0.520270270270 ;0.527027027027 ;0.520270270270 ;0.486486486486 ;0.486486486486 ;0.493243243243 ;0.506756756757 ;0.486486486486 ;0.466216216216 ;0.472972972973 ;0.459459459459 ;0.493243243243 ;0.500000000000 ;0.520270270270 ;0.493243243243 ;0.472972972973 ;0.472972972973 ;0.486486486486 ;0.506756756757 ;0.520270270270 ;0.520270270270 ;0.506756756757 ;0.527027027027 ;0.567567567568 ;0.608108108108 ;0.668918918919 ;0.682432432432 ;0.709459459459 ;0.675675675676 ;0.614864864865 ;0.581081081081 ;0.547297297297 ;0.533783783784 ;0.486486486486 ;0.412162162162 ;0.344594594595 ;0.277027027027 ;0.263513513514 ;0.270270270270 ;0.331081081081 ;0.445945945946 ;0.641891891892 ;0.858108108108 ;0.945945945946 ;0.878378378378 ;0.635135135135 ;0.283783783784 ;0.054054054054 ;0.000000000000 ;0.027027027027 ;0.087837837838 ;0.162162162162 ;0.277027027027 ;0.391891891892 ;0.506756756757 ;0.560810810811 ;0.527027027027 ;0.506756756757 ;0.540540540541 ;0.567567567568 ;0.567567567568 ;0.574324324324 ;0.560810810811 ;0.547297297297 ;0.540540540541 ;0.554054054054 ;0.594594594595 ;0.601351351351 ;0.614864864865 ;0.594594594595 ;0.581081081081 ;0.587837837838 ;0.621621621622 ;0.641891891892 ;0.635135135135 ;0.621621621622 ;0.614864864865 ;0.621621621622 ;0.641891891892 ;0.635135135135 ;0.608108108108 ;0.641891891892 ;0.628378378378 ;0.648648648649 ;0.675675675676 ;0.662162162162 ;0.662162162162 ;0.648648648649 ;0.628378378378 ;0.648648648649 ;0.655405405405 ;0.682432432432 ;0.662162162162 ;0.641891891892 ;0.641891891892 ;0.648648648649 ;0.668918918919 ;0.682432432432 ;0.682432432432 ;0.648648648649 ;0.662162162162 ;0.682432432432 ;0.695945945946 ;0.689189189189 ;0.675675675676 ;0.662162162162 ;0.655405405405 ;0.662162162162 ;0.709459459459 ;0.722972972973 ;0.709459459459 ;0.675675675676 ;0.668918918919 ;0.702702702703 ;0.736486486486 ;0.722972972973 ;0.716216216216 ;0.722972972973 ;0.729729729730 ;0.736486486486 ;0.756756756757 ;0.756756756757 ;0.770270270270 ;0.750000000000 ;0.750000000000 ;0.763513513514 ;0.790540540541 ;0.831081081081 ;0.844594594595 ;0.824324324324 ;0.824324324324 ;0.831081081081 ;0.858108108108 ;0.871621621622 ;0.878378378378 ;0.864864864865 ;0.871621621622 ;0.871621621622 ;0.905405405405 ;0.939189189189 ;0.932432432432 ;0.912162162162 ;0.932432432432 ;0.939189189189 ;0.972972972973 ;0.993243243243 ;0.986486486486 ;0.979729729730 ;0.952702702703 ;0.979729729730 ;1.000000000000 ;0.986486486486 ;0.959459459459 ;0.925675675676 ;0.905405405405 ;0.898648648649 ;0.912162162162 ;0.905405405405 ;0.871621621622 ;0.817567567568 ;0.797297297297 ;0.790540540541 ;0.790540540541 ;0.777027027027 ;0.750000000000 ;0.729729729730 ;0.709459459459 ;0.709459459459 ;0.709459459459 ;
0.220000000000 ;0.213333333333 ;0.218333333333 ;0.218333333333 ;0.216666666667 ;0.208333333333 ;0.208333333333 ;0.206666666667 ;0.211666666667 ;0.210000000000 ;0.211666666667 ;0.215000000000 ;0.216666666667 ;0.216666666667 ;0.216666666667 ;0.216666666667 ;0.213333333333 ;0.210000000000 ;0.208333333333 ;0.206666666667 ;0.210000000000 ;0.208333333333 ;0.208333333333 ;0.208333333333 ;0.215000000000 ;0.216666666667 ;0.215000000000 ;0.213333333333 ;0.211666666667 ;0.211666666667 ;0.208333333333 ;0.206666666667 ;0.205000000000 ;0.211666666667 ;0.213333333333 ;0.211666666667 ;0.216666666667 ;0.216666666667 ;0.220000000000 ;0.218333333333 ;0.215000000000 ;0.213333333333 ;0.210000000000 ;0.210000000000 ;0.211666666667 ;0.213333333333 ;0.216666666667 ;0.215000000000 ;0.216666666667 ;0.216666666667 ;0.220000000000 ;0.218333333333 ;0.218333333333 ;0.218333333333 ;0.221666666667 ;0.225000000000 ;0.230000000000 ;0.235000000000 ;0.240000000000 ;0.245000000000 ;0.250000000000 ;0.255000000000 ;0.255000000000 ;0.253333333333 ;0.255000000000 ;0.255000000000 ;0.253333333333 ;0.256666666667 ;0.263333333333 ;0.261666666667 ;0.260000000000 ;0.260000000000 ;0.263333333333 ;0.258333333333 ;0.258333333333 ;0.258333333333 ;0.256666666667 ;0.251666666667 ;0.250000000000 ;0.248333333333 ;0.243333333333 ;0.238333333333 ;0.233333333333 ;0.228333333333 ;0.228333333333 ;0.233333333333 ;0.225000000000 ;0.221666666667 ;0.223333333333 ;0.218333333333 ;0.220000000000 ;0.216666666667 ;0.218333333333 ;0.216666666667 ;0.223333333333 ;0.223333333333 ;0.225000000000 ;0.225000000000 ;0.225000000000 ;0.221666666667 ;0.218333333333 ;0.223333333333 ;0.220000000000 ;0.221666666667 ;0.220000000000 ;0.226666666667 ;0.226666666667 ;0.226666666667 ;0.233333333333 ;0.231666666667 ;0.235000000000 ;0.238333333333 ;0.236666666667 ;0.236666666667 ;0.236666666667 ;0.243333333333 ;0.246666666667 ;0.246666666667 ;0.255000000000 ;0.263333333333 ;0.276666666667 ;0.303333333333 ;0.336666666667 ;0.395000000000 ;0.468333333333 ;0.568333333333 ;0.685000000000 ;0.806666666667 ;0.913333333333 ;0.985000000000 ;1.000000000000 ;0.950000000000 ;0.825000000000 ;0.643333333333 ;0.430000000000 ;0.228333333333 ;0.078333333333 ;0.000000000000 ;0.001666666667 ;0.051666666667 ;0.126666666667 ;0.200000000000 ;0.255000000000 ;0.288333333333 ;0.301666666667 ;0.298333333333 ;0.288333333333 ;0.271666666667 ;0.265000000000 ;0.251666666667 ;0.256666666667 ;0.256666666667 ;0.260000000000 ;0.261666666667 ;0.271666666667 ;0.273333333333 ;0.276666666667 ;0.271666666667 ;0.271666666667 ;0.273333333333 ;0.270000000000 ;0.268333333333 ;0.265000000000 ;0.266666666667 ;0.268333333333 ;0.271666666667 ;0.273333333333 ;0.271666666667 ;0.278333333333 ;0.280000000000 ;0.278333333333 ;0.276666666667 ;0.276666666667 ;0.276666666667 ;0.276666666667 ;0.271666666667 ;0.273333333333 ;0.273333333333 ;0.278333333333 ;0.276666666667 ;0.280000000000 ;0.283333333333 ;0.278333333333 ;0.280000000000 ;0.275000000000 ;0.275000000000 ;0.275000000000 ;0.276666666667 ;0.276666666667 ;0.280000000000 ;0.278333333333 ;0.280000000000 ;0.283333333333 ;0.286666666667 ;0.283333333333 ;0.281666666667 ;0.283333333333 ;0.278333333333 ;0.278333333333 ;0.281666666667 ;0.285000000000 ;0.286666666667 ;0.288333333333 ;0.286666666667 ;0.290000000000 ;0.290000000000 ;0.290000000000 ;0.286666666667 ;0.286666666667 ;0.286666666667 ;0.285000000000 ;0.288333333333 ;0.288333333333 ;0.290000000000 ;0.295000000000 ;0.295000000000 ;0.301666666667 ;0.303333333333 ;0.303333333333 ;0.303333333333 ;0.296666666667 ;0.293333333333 ;0.293333333333 ;0.296666666667 ;0.298333333333 ;0.300000000000 ;0.308333333333 ;0.311666666667 ;0.315000000000 ;0.316666666667 ;0.318333333333 ;0.316666666667 ;0.315000000000 ;0.316666666667 ;0.313333333333 ;0.316666666667 ;0.316666666667 ;0.320000000000 ;0.323333333333 ;0.326666666667 ;0.330000000000 ;0.335000000000 ;0.331666666667 ;0.331666666667 ;0.330000000000 ;0.330000000000 ;0.328333333333 ;0.321666666667 ;0.323333333333 ;0.328333333333 ;0.331666666667 ;0.330000000000 ;0.333333333333 ;0.333333333333 ;0.335000000000 ;0.336666666667 ;0.335000000000 ;0.333333333333 ;0.333333333333 ;0.331666666667 ;
0.290880503145 ;0.294025157233 ;0.295597484277 ;0.297169811321 ;0.303459119497 ;0.301886792453 ;0.306603773585 ;0.306603773585 ;0.303459119497 ;0.301886792453 ;0.301886792453 ;0.303459119497 ;0.308176100629 ;0.303459119497 ;0.311320754717 ;0.308176100629 ;0.311320754717 ;0.309748427673 ;0.312893081761 ;0.312893081761 ;0.309748427673 ;0.308176100629 ;0.309748427673 ;0.309748427673 ;0.305031446541 ;0.309748427673 ;0.311320754717 ;0.312893081761 ;0.314465408805 ;0.311320754717 ;0.311320754717 ;0.306603773585 ;0.305031446541 ;0.303459119497 ;0.298742138365 ;0.300314465409 ;0.298742138365 ;0.301886792453 ;0.305031446541 ;0.305031446541 ;0.301886792453 ;0.305031446541 ;0.300314465409 ;0.297169811321 ;0.292452830189 ;0.290880503145 ;0.290880503145 ;0.290880503145 ;0.292452830189 ;0.294025157233 ;0.297169811321 ;0.301886792453 ;0.303459119497 ;0.301886792453 ;0.303459119497 ;0.311320754717 ;0.309748427673 ;0.311320754717 ;0.309748427673 ;0.311320754717 ;0.319182389937 ;0.319182389937 ;0.327044025157 ;0.336477987421 ;0.341194968553 ;0.338050314465 ;0.334905660377 ;0.327044025157 ;0.322327044025 ;0.322327044025 ;0.317610062893 ;0.320754716981 ;0.322327044025 ;0.325471698113 ;0.323899371069 ;0.323899371069 ;0.320754716981 ;0.311320754717 ;0.305031446541 ;0.295597484277 ;0.287735849057 ;0.279874213836 ;0.270440251572 ;0.270440251572 ;0.267295597484 ;0.267295597484 ;0.270440251572 ;0.272012578616 ;0.272012578616 ;0.273584905660 ;0.268867924528 ;0.265723270440 ;0.265723270440 ;0.261006289308 ;0.257861635220 ;0.254716981132 ;0.259433962264 ;0.261006289308 ;0.261006289308 ;0.264150943396 ;0.264150943396 ;0.264150943396 ;0.265723270440 ;0.262578616352 ;0.261006289308 ;0.254716981132 ;0.256289308176 ;0.259433962264 ;0.259433962264 ;0.264150943396 ;0.265723270440 ;0.265723270440 ;0.270440251572 ;0.272012578616 ;0.275157232704 ;0.273584905660 ;0.275157232704 ;0.275157232704 ;0.276729559748 ;0.279874213836 ;0.287735849057 ;0.303459119497 ;0.327044025157 ;0.369496855346 ;0.426100628931 ;0.507861635220 ;0.613207547170 ;0.734276729560 ;0.853773584906 ;0.951257861635 ;1.000000000000 ;0.990566037736 ;0.905660377358 ;0.738993710692 ;0.537735849057 ;0.336477987421 ;0.135220125786 ;0.007861635220 ;0.000000000000 ;0.055031446541 ;0.144654088050 ;0.224842767296 ;0.281446540881 ;0.312893081761 ;0.320754716981 ;0.320754716981 ;0.311320754717 ;0.303459119497 ;0.298742138365 ;0.294025157233 ;0.292452830189 ;0.292452830189 ;0.290880503145 ;0.289308176101 ;0.289308176101 ;0.289308176101 ;0.290880503145 ;0.290880503145 ;0.289308176101 ;0.292452830189 ;0.298742138365 ;0.295597484277 ;0.295597484277 ;0.295597484277 ;0.294025157233 ;0.294025157233 ;0.290880503145 ;0.290880503145 ;0.289308176101 ;0.292452830189 ;0.294025157233 ;0.295597484277 ;0.297169811321 ;0.298742138365 ;0.300314465409 ;0.298742138365 ;0.300314465409 ;0.294025157233 ;0.290880503145 ;0.290880503145 ;0.294025157233 ;0.297169811321 ;0.297169811321 ;0.297169811321 ;0.301886792453 ;0.301886792453 ;0.301886792453 ;0.300314465409 ;0.298742138365 ;0.297169811321 ;0.297169811321 ;0.298742138365 ;0.295597484277 ;0.298742138365 ;0.301886792453 ;0.303459119497 ;0.309748427673 ;0.306603773585 ;0.309748427673 ;0.305031446541 ;0.306603773585 ;0.305031446541 ;0.303459119497 ;0.305031446541 ;0.305031446541 ;0.309748427673 ;0.308176100629 ;0.308176100629 ;0.309748427673 ;0.309748427673 ;0.314465408805 ;0.309748427673 ;0.306603773585 ;0.306603773585 ;0.311320754717 ;0.311320754717 ;0.311320754717 ;0.317610062893 ;0.317610062893 ;0.322327044025 ;0.327044025157 ;0.327044025157 ;0.327044025157 ;0.325471698113 ;0.325471698113 ;0.327044025157 ;0.328616352201 ;0.330188679245 ;0.330188679245 ;0.333333333333 ;0.336477987421 ;0.338050314465 ;0.344339622642 ;0.341194968553 ;0.342767295597 ;0.347484276730 ;0.344339622642 ;0.344339622642 ;0.342767295597 ;0.341194968553 ;0.344339622642 ;0.349056603774 ;0.349056603774 ;0.352201257862 ;0.355345911950 ;0.355345911950 ;0.356918238994 ;0.353773584906 ;0.353773584906 ;0.350628930818 ;0.352201257862 ;0.352201257862 ;0.350628930818 ;0.350628930818 ;0.349056603774 ;0.355345911950 ;0.355345911950 ;0.352201257862 ;0.345911949686 ;0.344339622642 ;
0.246753246753 ;0.250000000000 ;0.254870129870 ;0.253246753247 ;0.254870129870 ;0.256493506494 ;0.253246753247 ;0.251623376623 ;0.243506493506 ;0.245129870130 ;0.250000000000 ;0.246753246753 ;0.250000000000 ;0.248376623377 ;0.250000000000 ;0.254870129870 ;0.256493506494 ;0.253246753247 ;0.250000000000 ;0.250000000000 ;0.250000000000 ;0.240259740260 ;0.241883116883 ;0.251623376623 ;0.246753246753 ;0.250000000000 ;0.253246753247 ;0.256493506494 ;0.253246753247 ;0.254870129870 ;0.250000000000 ;0.248376623377 ;0.250000000000 ;0.243506493506 ;0.245129870130 ;0.240259740260 ;0.250000000000 ;0.248376623377 ;0.253246753247 ;0.254870129870 ;0.254870129870 ;0.256493506494 ;0.253246753247 ;0.251623376623 ;0.251623376623 ;0.250000000000 ;0.253246753247 ;0.251623376623 ;0.258116883117 ;0.261363636364 ;0.266233766234 ;0.271103896104 ;0.275974025974 ;0.275974025974 ;0.277597402597 ;0.279220779221 ;0.279220779221 ;0.279220779221 ;0.287337662338 ;0.292207792208 ;0.300324675325 ;0.306818181818 ;0.305194805195 ;0.306818181818 ;0.301948051948 ;0.298701298701 ;0.295454545455 ;0.298701298701 ;0.297077922078 ;0.297077922078 ;0.300324675325 ;0.295454545455 ;0.300324675325 ;0.298701298701 ;0.292207792208 ;0.287337662338 ;0.279220779221 ;0.267857142857 ;0.261363636364 ;0.258116883117 ;0.251623376623 ;0.246753246753 ;0.246753246753 ;0.250000000000 ;0.251623376623 ;0.250000000000 ;0.254870129870 ;0.256493506494 ;0.256493506494 ;0.253246753247 ;0.250000000000 ;0.248376623377 ;0.245129870130 ;0.238636363636 ;0.241883116883 ;0.243506493506 ;0.248376623377 ;0.246753246753 ;0.246753246753 ;0.248376623377 ;0.243506493506 ;0.243506493506 ;0.245129870130 ;0.246753246753 ;0.243506493506 ;0.243506493506 ;0.245129870130 ;0.245129870130 ;0.246753246753 ;0.251623376623 ;0.253246753247 ;0.258116883117 ;0.258116883117 ;0.256493506494 ;0.256493506494 ;0.259740259740 ;0.261363636364 ;0.262987012987 ;0.261363636364 ;0.266233766234 ;0.272727272727 ;0.285714285714 ;0.311688311688 ;0.355519480519 ;0.410714285714 ;0.496753246753 ;0.600649350649 ;0.722402597403 ;0.845779220779 ;0.946428571429 ;1.000000000000 ;0.983766233766 ;0.904220779221 ;0.746753246753 ;0.543831168831 ;0.336038961039 ;0.149350649351 ;0.037337662338 ;0.000000000000 ;0.027597402597 ;0.095779220779 ;0.172077922078 ;0.241883116883 ;0.292207792208 ;0.316558441558 ;0.323051948052 ;0.316558441558 ;0.306818181818 ;0.298701298701 ;0.287337662338 ;0.277597402597 ;0.277597402597 ;0.277597402597 ;0.275974025974 ;0.282467532468 ;0.284090909091 ;0.290584415584 ;0.285714285714 ;0.290584415584 ;0.288961038961 ;0.288961038961 ;0.293831168831 ;0.293831168831 ;0.292207792208 ;0.290584415584 ;0.290584415584 ;0.285714285714 ;0.282467532468 ;0.288961038961 ;0.288961038961 ;0.292207792208 ;0.300324675325 ;0.300324675325 ;0.300324675325 ;0.297077922078 ;0.295454545455 ;0.293831168831 ;0.290584415584 ;0.290584415584 ;0.290584415584 ;0.293831168831 ;0.292207792208 ;0.297077922078 ;0.298701298701 ;0.297077922078 ;0.297077922078 ;0.297077922078 ;0.295454545455 ;0.295454545455 ;0.290584415584 ;0.293831168831 ;0.297077922078 ;0.297077922078 ;0.298701298701 ;0.300324675325 ;0.303571428571 ;0.301948051948 ;0.303571428571 ;0.301948051948 ;0.300324675325 ;0.300324675325 ;0.298701298701 ;0.301948051948 ;0.300324675325 ;0.305194805195 ;0.303571428571 ;0.306818181818 ;0.305194805195 ;0.310064935065 ;0.313311688312 ;0.310064935065 ;0.311688311688 ;0.310064935065 ;0.306818181818 ;0.308441558442 ;0.310064935065 ;0.311688311688 ;0.314935064935 ;0.316558441558 ;0.318181818182 ;0.321428571429 ;0.321428571429 ;0.321428571429 ;0.316558441558 ;0.321428571429 ;0.324675324675 ;0.326298701299 ;0.327922077922 ;0.331168831169 ;0.337662337662 ;0.339285714286 ;0.337662337662 ;0.345779220779 ;0.347402597403 ;0.347402597403 ;0.347402597403 ;0.352272727273 ;0.350649350649 ;0.355519480519 ;0.355519480519 ;0.360389610390 ;0.360389610390 ;0.363636363636 ;0.366883116883 ;0.370129870130 ;0.371753246753 ;0.368506493506 ;0.366883116883 ;0.363636363636 ;0.365259740260 ;0.365259740260 ;0.366883116883 ;0.368506493506 ;0.366883116883 ;0.368506493506 ;0.371753246753 ;0.366883116883 ;0.365259740260 ;0.360389610390 ;0.352272727273 ;
0.157582938389 ;0.154028436019 ;0.154028436019 ;0.154028436019 ;0.150473933649 ;0.152843601896 ;0.154028436019 ;0.157582938389 ;0.156398104265 ;0.155213270142 ;0.152843601896 ;0.154028436019 ;0.155213270142 ;0.154028436019 ;0.154028436019 ;0.150473933649 ;0.148104265403 ;0.145734597156 ;0.144549763033 ;0.143364928910 ;0.144549763033 ;0.149289099526 ;0.148104265403 ;0.146919431280 ;0.144549763033 ;0.145734597156 ;0.143364928910 ;0.142180094787 ;0.140995260664 ;0.140995260664 ;0.142180094787 ;0.143364928910 ;0.143364928910 ;0.149289099526 ;0.144549763033 ;0.143364928910 ;0.139810426540 ;0.138625592417 ;0.139810426540 ;0.140995260664 ;0.137440758294 ;0.136255924171 ;0.137440758294 ;0.133886255924 ;0.140995260664 ;0.143364928910 ;0.139810426540 ;0.142180094787 ;0.139810426540 ;0.140995260664 ;0.135071090047 ;0.136255924171 ;0.133886255924 ;0.133886255924 ;0.132701421801 ;0.138625592417 ;0.138625592417 ;0.140995260664 ;0.143364928910 ;0.140995260664 ;0.139810426540 ;0.142180094787 ;0.140995260664 ;0.143364928910 ;0.148104265403 ;0.155213270142 ;0.159952606635 ;0.159952606635 ;0.164691943128 ;0.161137440758 ;0.162322274882 ;0.161137440758 ;0.159952606635 ;0.159952606635 ;0.159952606635 ;0.161137440758 ;0.161137440758 ;0.167061611374 ;0.174170616114 ;0.175355450237 ;0.182464454976 ;0.187203791469 ;0.186018957346 ;0.184834123223 ;0.177725118483 ;0.168246445498 ;0.165876777251 ;0.163507109005 ;0.158767772512 ;0.158767772512 ;0.161137440758 ;0.164691943128 ;0.167061611374 ;0.167061611374 ;0.165876777251 ;0.157582938389 ;0.149289099526 ;0.140995260664 ;0.135071090047 ;0.130331753555 ;0.126777251185 ;0.129146919431 ;0.130331753555 ;0.135071090047 ;0.137440758294 ;0.140995260664 ;0.138625592417 ;0.139810426540 ;0.135071090047 ;0.135071090047 ;0.133886255924 ;0.133886255924 ;0.135071090047 ;0.135071090047 ;0.139810426540 ;0.138625592417 ;0.142180094787 ;0.150473933649 ;0.159952606635 ;0.178909952607 ;0.212085308057 ;0.257109004739 ;0.328199052133 ;0.412322274882 ;0.505924170616 ;0.612559241706 ;0.721563981043 ;0.828199052133 ;0.914691943128 ;0.975118483412 ;1.000000000000 ;0.976303317536 ;0.896919431280 ;0.758293838863 ;0.606635071090 ;0.454976303318 ;0.303317535545 ;0.151658767773 ;0.000000000000 ;0.001184834123 ;0.055687203791 ;0.122037914692 ;0.172985781991 ;0.201421800948 ;0.204976303318 ;0.193127962085 ;0.172985781991 ;0.154028436019 ;0.140995260664 ;0.133886255924 ;0.137440758294 ;0.139810426540 ;0.148104265403 ;0.150473933649 ;0.151658767773 ;0.150473933649 ;0.145734597156 ;0.143364928910 ;0.142180094787 ;0.142180094787 ;0.143364928910 ;0.146919431280 ;0.146919431280 ;0.154028436019 ;0.156398104265 ;0.161137440758 ;0.157582938389 ;0.159952606635 ;0.161137440758 ;0.159952606635 ;0.158767772512 ;0.159952606635 ;0.158767772512 ;0.161137440758 ;0.164691943128 ;0.169431279621 ;0.181279620853 ;0.183649289100 ;0.186018957346 ;0.188388625592 ;0.188388625592 ;0.187203791469 ;0.187203791469 ;0.187203791469 ;0.188388625592 ;0.190758293839 ;0.194312796209 ;0.197867298578 ;0.202606635071 ;0.212085308057 ;0.213270142180 ;0.214454976303 ;0.220379146919 ;0.221563981043 ;0.221563981043 ;0.227488151659 ;0.233412322275 ;0.239336492891 ;0.247630331754 ;0.252369668246 ;0.259478672986 ;0.267772511848 ;0.272511848341 ;0.273696682464 ;0.278436018957 ;0.281990521327 ;0.285545023697 ;0.289099526066 ;0.295023696682 ;0.299763033175 ;0.302132701422 ;0.308056872038 ;0.312796208531 ;0.319905213270 ;0.323459715640 ;0.323459715640 ;0.318720379147 ;0.318720379147 ;0.313981042654 ;0.310426540284 ;0.306872037915 ;0.303317535545 ;0.300947867299 ;0.296208530806 ;0.290284360190 ;0.286729857820 ;0.281990521327 ;0.268957345972 ;0.252369668246 ;0.241706161137 ;0.238151658768 ;0.231042654028 ;0.222748815166 ;0.216824644550 ;0.210900473934 ;0.202606635071 ;0.201421800948 ;0.197867298578 ;0.191943127962 ;0.187203791469 ;0.183649289100 ;0.178909952607 ;0.174170616114 ;0.171800947867 ;0.171800947867 ;0.167061611374 ;0.172985781991 ;0.177725118483 ;0.177725118483 ;0.178909952607 ;0.178909952607 ;0.172985781991 ;0.170616113744 ;0.168246445498 ;0.167061611374 ;0.165876777251 ;0.172985781991 ;0.168246445498 ;0.174170616114 ;0.177725118483 ;
0.249669749009 ;0.247027741083 ;0.244385733157 ;0.245706737120 ;0.247027741083 ;0.244385733157 ;0.245706737120 ;0.245706737120 ;0.247027741083 ;0.244385733157 ;0.237780713342 ;0.239101717305 ;0.240422721268 ;0.237780713342 ;0.235138705416 ;0.233817701453 ;0.235138705416 ;0.233817701453 ;0.236459709379 ;0.236459709379 ;0.236459709379 ;0.241743725231 ;0.233817701453 ;0.229854689564 ;0.224570673712 ;0.221928665786 ;0.223249669749 ;0.219286657860 ;0.217965653897 ;0.219286657860 ;0.217965653897 ;0.217965653897 ;0.217965653897 ;0.217965653897 ;0.221928665786 ;0.217965653897 ;0.216644649934 ;0.215323645971 ;0.214002642008 ;0.212681638045 ;0.207397622193 ;0.212681638045 ;0.212681638045 ;0.212681638045 ;0.212681638045 ;0.215323645971 ;0.212681638045 ;0.211360634082 ;0.208718626156 ;0.206076618230 ;0.206076618230 ;0.206076618230 ;0.199471598415 ;0.202113606341 ;0.204755614267 ;0.206076618230 ;0.210039630119 ;0.210039630119 ;0.206076618230 ;0.207397622193 ;0.206076618230 ;0.208718626156 ;0.210039630119 ;0.214002642008 ;0.215323645971 ;0.219286657860 ;0.223249669749 ;0.225891677675 ;0.232496697490 ;0.228533685601 ;0.227212681638 ;0.223249669749 ;0.221928665786 ;0.223249669749 ;0.223249669749 ;0.225891677675 ;0.231175693527 ;0.233817701453 ;0.240422721268 ;0.241743725231 ;0.241743725231 ;0.241743725231 ;0.237780713342 ;0.235138705416 ;0.229854689564 ;0.225891677675 ;0.219286657860 ;0.216644649934 ;0.212681638045 ;0.214002642008 ;0.212681638045 ;0.210039630119 ;0.204755614267 ;0.203434610304 ;0.199471598415 ;0.190224570674 ;0.180977542933 ;0.175693527081 ;0.167767503303 ;0.167767503303 ;0.167767503303 ;0.170409511229 ;0.173051519155 ;0.173051519155 ;0.174372523118 ;0.177014531044 ;0.175693527081 ;0.174372523118 ;0.169088507266 ;0.161162483487 ;0.161162483487 ;0.155878467635 ;0.157199471598 ;0.161162483487 ;0.165125495376 ;0.170409511229 ;0.175693527081 ;0.186261558785 ;0.199471598415 ;0.225891677675 ;0.264200792602 ;0.321003963012 ;0.389696169089 ;0.466314398943 ;0.548216644650 ;0.636723910172 ;0.729194187583 ;0.815059445178 ;0.896961690885 ;0.963011889036 ;1.000000000000 ;0.993394980185 ;0.922060766182 ;0.776750330251 ;0.607661822985 ;0.438573315720 ;0.269484808454 ;0.100396301189 ;0.000000000000 ;0.035667107001 ;0.107001321004 ;0.167767503303 ;0.210039630119 ;0.219286657860 ;0.207397622193 ;0.186261558785 ;0.166446499339 ;0.149273447820 ;0.145310435931 ;0.143989431968 ;0.146631439894 ;0.147952443857 ;0.154557463672 ;0.154557463672 ;0.151915455746 ;0.149273447820 ;0.145310435931 ;0.150594451783 ;0.147952443857 ;0.149273447820 ;0.150594451783 ;0.150594451783 ;0.155878467635 ;0.157199471598 ;0.165125495376 ;0.169088507266 ;0.171730515192 ;0.170409511229 ;0.167767503303 ;0.162483487450 ;0.157199471598 ;0.159841479524 ;0.158520475561 ;0.161162483487 ;0.166446499339 ;0.173051519155 ;0.178335535007 ;0.184940554822 ;0.187582562748 ;0.184940554822 ;0.186261558785 ;0.184940554822 ;0.186261558785 ;0.180977542933 ;0.184940554822 ;0.184940554822 ;0.188903566711 ;0.200792602378 ;0.203434610304 ;0.212681638045 ;0.214002642008 ;0.215323645971 ;0.217965653897 ;0.220607661823 ;0.228533685601 ;0.233817701453 ;0.231175693527 ;0.240422721268 ;0.245706737120 ;0.256274768824 ;0.254953764861 ;0.258916776750 ;0.262879788639 ;0.268163804491 ;0.270805812417 ;0.272126816380 ;0.272126816380 ;0.269484808454 ;0.270805812417 ;0.269484808454 ;0.274768824306 ;0.277410832232 ;0.278731836196 ;0.280052840159 ;0.280052840159 ;0.277410832232 ;0.270805812417 ;0.264200792602 ;0.262879788639 ;0.254953764861 ;0.249669749009 ;0.245706737120 ;0.241743725231 ;0.236459709379 ;0.233817701453 ;0.233817701453 ;0.229854689564 ;0.224570673712 ;0.219286657860 ;0.215323645971 ;0.203434610304 ;0.196829590489 ;0.191545574637 ;0.186261558785 ;0.184940554822 ;0.182298546896 ;0.186261558785 ;0.184940554822 ;0.182298546896 ;0.179656538970 ;0.175693527081 ;0.171730515192 ;0.167767503303 ;0.166446499339 ;0.170409511229 ;0.170409511229 ;0.170409511229 ;0.173051519155 ;0.166446499339 ;0.169088507266 ;0.171730515192 ;0.162483487450 ;0.161162483487 ;0.165125495376 ;0.165125495376 ;0.165125495376 ;0.166446499339 ;0.167767503303 ;0.173051519155 ;0.171730515192 ;
0.385927505330 ;0.385927505330 ;0.379530916844 ;0.383795309168 ;0.379530916844 ;0.379530916844 ;0.373134328358 ;0.366737739872 ;0.364605543710 ;0.364605543710 ;0.360341151386 ;0.368869936034 ;0.373134328358 ;0.377398720682 ;0.373134328358 ;0.368869936034 ;0.356076759062 ;0.356076759062 ;0.351812366738 ;0.349680170576 ;0.351812366738 ;0.351812366738 ;0.349680170576 ;0.356076759062 ;0.347547974414 ;0.349680170576 ;0.347547974414 ;0.343283582090 ;0.336886993603 ;0.336886993603 ;0.334754797441 ;0.339019189765 ;0.332622601279 ;0.332622601279 ;0.339019189765 ;0.336886993603 ;0.345415778252 ;0.345415778252 ;0.351812366738 ;0.341151385928 ;0.341151385928 ;0.339019189765 ;0.334754797441 ;0.326226012793 ;0.321961620469 ;0.311300639659 ;0.317697228145 ;0.324093816631 ;0.330490405117 ;0.339019189765 ;0.341151385928 ;0.336886993603 ;0.334754797441 ;0.328358208955 ;0.328358208955 ;0.330490405117 ;0.328358208955 ;0.330490405117 ;0.321961620469 ;0.332622601279 ;0.339019189765 ;0.347547974414 ;0.353944562900 ;0.349680170576 ;0.358208955224 ;0.353944562900 ;0.358208955224 ;0.360341151386 ;0.368869936034 ;0.368869936034 ;0.371002132196 ;0.368869936034 ;0.377398720682 ;0.383795309168 ;0.396588486141 ;0.394456289979 ;0.402985074627 ;0.402985074627 ;0.405117270789 ;0.407249466951 ;0.400852878465 ;0.394456289979 ;0.405117270789 ;0.405117270789 ;0.402985074627 ;0.405117270789 ;0.398720682303 ;0.392324093817 ;0.390191897655 ;0.375266524520 ;0.364605543710 ;0.364605543710 ;0.353944562900 ;0.353944562900 ;0.339019189765 ;0.332622601279 ;0.319829424307 ;0.313432835821 ;0.309168443497 ;0.300639658849 ;0.300639658849 ;0.292110874200 ;0.279317697228 ;0.279317697228 ;0.287846481876 ;0.287846481876 ;0.285714285714 ;0.289978678038 ;0.296375266525 ;0.298507462687 ;0.294243070362 ;0.302771855011 ;0.298507462687 ;0.298507462687 ;0.296375266525 ;0.285714285714 ;0.285714285714 ;0.287846481876 ;0.296375266525 ;0.302771855011 ;0.324093816631 ;0.364605543710 ;0.415778251599 ;0.473347547974 ;0.541577825160 ;0.607675906183 ;0.682302771855 ;0.765458422175 ;0.846481876333 ;0.923240938166 ;0.976545842217 ;1.000000000000 ;0.982942430704 ;0.880597014925 ;0.703624733475 ;0.479744136461 ;0.266524520256 ;0.091684434968 ;0.000000000000 ;0.004264392324 ;0.059701492537 ;0.147121535181 ;0.230277185501 ;0.283582089552 ;0.309168443497 ;0.317697228145 ;0.326226012793 ;0.315565031983 ;0.307036247335 ;0.294243070362 ;0.292110874200 ;0.281449893390 ;0.285714285714 ;0.277185501066 ;0.272921108742 ;0.287846481876 ;0.289978678038 ;0.296375266525 ;0.302771855011 ;0.307036247335 ;0.302771855011 ;0.298507462687 ;0.296375266525 ;0.302771855011 ;0.309168443497 ;0.309168443497 ;0.311300639659 ;0.313432835821 ;0.317697228145 ;0.324093816631 ;0.326226012793 ;0.319829424307 ;0.321961620469 ;0.313432835821 ;0.324093816631 ;0.319829424307 ;0.319829424307 ;0.317697228145 ;0.319829424307 ;0.319829424307 ;0.332622601279 ;0.343283582090 ;0.345415778252 ;0.353944562900 ;0.345415778252 ;0.353944562900 ;0.351812366738 ;0.345415778252 ;0.345415778252 ;0.347547974414 ;0.347547974414 ;0.353944562900 ;0.362473347548 ;0.371002132196 ;0.375266524520 ;0.381663113006 ;0.377398720682 ;0.385927505330 ;0.383795309168 ;0.381663113006 ;0.381663113006 ;0.379530916844 ;0.383795309168 ;0.394456289979 ;0.409381663113 ;0.417910447761 ;0.417910447761 ;0.413646055437 ;0.411513859275 ;0.405117270789 ;0.409381663113 ;0.405117270789 ;0.398720682303 ;0.392324093817 ;0.385927505330 ;0.390191897655 ;0.390191897655 ;0.398720682303 ;0.405117270789 ;0.409381663113 ;0.400852878465 ;0.394456289979 ;0.381663113006 ;0.373134328358 ;0.368869936034 ;0.364605543710 ;0.360341151386 ;0.368869936034 ;0.368869936034 ;0.364605543710 ;0.364605543710 ;0.349680170576 ;0.345415778252 ;0.339019189765 ;0.339019189765 ;0.339019189765 ;0.336886993603 ;0.328358208955 ;0.319829424307 ;0.319829424307 ;0.317697228145 ;0.317697228145 ;0.319829424307 ;0.313432835821 ;0.313432835821 ;0.309168443497 ;0.307036247335 ;0.298507462687 ;0.294243070362 ;0.292110874200 ;0.294243070362 ;0.302771855011 ;0.296375266525 ;0.298507462687 ;0.304904051173 ;0.307036247335 ;0.300639658849 ;0.302771855011 ;0.296375266525 ;0.296375266525 ;
0.480597014925 ;0.477611940299 ;0.477611940299 ;0.480597014925 ;0.465671641791 ;0.471641791045 ;0.468656716418 ;0.462686567164 ;0.462686567164 ;0.459701492537 ;0.468656716418 ;0.474626865672 ;0.483582089552 ;0.477611940299 ;0.486567164179 ;0.483582089552 ;0.477611940299 ;0.468656716418 ;0.465671641791 ;0.468656716418 ;0.462686567164 ;0.465671641791 ;0.474626865672 ;0.477611940299 ;0.483582089552 ;0.486567164179 ;0.477611940299 ;0.465671641791 ;0.471641791045 ;0.462686567164 ;0.471641791045 ;0.459701492537 ;0.453731343284 ;0.468656716418 ;0.477611940299 ;0.480597014925 ;0.486567164179 ;0.483582089552 ;0.483582089552 ;0.480597014925 ;0.477611940299 ;0.471641791045 ;0.471641791045 ;0.474626865672 ;0.477611940299 ;0.483582089552 ;0.483582089552 ;0.486567164179 ;0.495522388060 ;0.507462686567 ;0.507462686567 ;0.510447761194 ;0.516417910448 ;0.525373134328 ;0.519402985075 ;0.519402985075 ;0.525373134328 ;0.531343283582 ;0.534328358209 ;0.525373134328 ;0.552238805970 ;0.567164179104 ;0.582089552239 ;0.591044776119 ;0.594029850746 ;0.588059701493 ;0.579104477612 ;0.579104477612 ;0.576119402985 ;0.576119402985 ;0.564179104478 ;0.570149253731 ;0.567164179104 ;0.561194029851 ;0.558208955224 ;0.552238805970 ;0.546268656716 ;0.534328358209 ;0.516417910448 ;0.495522388060 ;0.492537313433 ;0.483582089552 ;0.489552238806 ;0.489552238806 ;0.495522388060 ;0.486567164179 ;0.489552238806 ;0.486567164179 ;0.483582089552 ;0.474626865672 ;0.465671641791 ;0.459701492537 ;0.453731343284 ;0.453731343284 ;0.453731343284 ;0.462686567164 ;0.465671641791 ;0.468656716418 ;0.474626865672 ;0.465671641791 ;0.459701492537 ;0.468656716418 ;0.462686567164 ;0.459701492537 ;0.459701492537 ;0.465671641791 ;0.462686567164 ;0.474626865672 ;0.480597014925 ;0.483582089552 ;0.486567164179 ;0.486567164179 ;0.489552238806 ;0.516417910448 ;0.537313432836 ;0.585074626866 ;0.638805970149 ;0.710447761194 ;0.802985074627 ;0.886567164179 ;0.961194029851 ;1.000000000000 ;0.973134328358 ;0.892537313433 ;0.761194029851 ;0.600000000000 ;0.432835820896 ;0.274626865672 ;0.134328358209 ;0.035820895522 ;0.000000000000 ;0.023880597015 ;0.077611940299 ;0.158208955224 ;0.223880597015 ;0.280597014925 ;0.322388059701 ;0.364179104478 ;0.391044776119 ;0.423880597015 ;0.450746268657 ;0.489552238806 ;0.498507462687 ;0.507462686567 ;0.516417910448 ;0.513432835821 ;0.501492537313 ;0.507462686567 ;0.507462686567 ;0.501492537313 ;0.498507462687 ;0.510447761194 ;0.516417910448 ;0.522388059701 ;0.531343283582 ;0.543283582090 ;0.546268656716 ;0.558208955224 ;0.546268656716 ;0.543283582090 ;0.537313432836 ;0.546268656716 ;0.546268656716 ;0.540298507463 ;0.543283582090 ;0.552238805970 ;0.555223880597 ;0.555223880597 ;0.561194029851 ;0.573134328358 ;0.573134328358 ;0.570149253731 ;0.552238805970 ;0.558208955224 ;0.555223880597 ;0.558208955224 ;0.561194029851 ;0.567164179104 ;0.573134328358 ;0.582089552239 ;0.585074626866 ;0.582089552239 ;0.591044776119 ;0.588059701493 ;0.588059701493 ;0.591044776119 ;0.597014925373 ;0.585074626866 ;0.591044776119 ;0.602985074627 ;0.605970149254 ;0.614925373134 ;0.611940298507 ;0.620895522388 ;0.626865671642 ;0.620895522388 ;0.620895522388 ;0.632835820896 ;0.632835820896 ;0.626865671642 ;0.632835820896 ;0.638805970149 ;0.653731343284 ;0.662686567164 ;0.674626865672 ;0.680597014925 ;0.689552238806 ;0.689552238806 ;0.692537313433 ;0.704477611940 ;0.704477611940 ;0.719402985075 ;0.725373134328 ;0.734328358209 ;0.749253731343 ;0.776119402985 ;0.788059701493 ;0.800000000000 ;0.802985074627 ;0.805970149254 ;0.811940298507 ;0.826865671642 ;0.829850746269 ;0.829850746269 ;0.838805970149 ;0.847761194030 ;0.868656716418 ;0.877611940299 ;0.886567164179 ;0.895522388060 ;0.892537313433 ;0.889552238806 ;0.883582089552 ;0.874626865672 ;0.877611940299 ;0.871641791045 ;0.874626865672 ;0.880597014925 ;0.874626865672 ;0.871641791045 ;0.871641791045 ;0.856716417910 ;0.844776119403 ;0.826865671642 ;0.811940298507 ;0.800000000000 ;0.770149253731 ;0.758208955224 ;0.743283582090 ;0.728358208955 ;0.716417910448 ;0.698507462687 ;0.701492537313 ;0.686567164179 ;0.668656716418 ;0.650746268657 ;0.635820895522 ;0.623880597015 ;0.605970149254 ;0.585074626866 ;
0.435424354244 ;0.439114391144 ;0.439114391144 ;0.428044280443 ;0.420664206642 ;0.413284132841 ;0.413284132841 ;0.428044280443 ;0.428044280443 ;0.431734317343 ;0.431734317343 ;0.439114391144 ;0.442804428044 ;0.446494464945 ;0.442804428044 ;0.435424354244 ;0.428044280443 ;0.435424354244 ;0.431734317343 ;0.431734317343 ;0.428044280443 ;0.435424354244 ;0.439114391144 ;0.442804428044 ;0.457564575646 ;0.453874538745 ;0.464944649446 ;0.461254612546 ;0.461254612546 ;0.457564575646 ;0.446494464945 ;0.439114391144 ;0.450184501845 ;0.450184501845 ;0.446494464945 ;0.453874538745 ;0.453874538745 ;0.457564575646 ;0.457564575646 ;0.464944649446 ;0.446494464945 ;0.450184501845 ;0.446494464945 ;0.446494464945 ;0.450184501845 ;0.446494464945 ;0.461254612546 ;0.453874538745 ;0.472324723247 ;0.476014760148 ;0.479704797048 ;0.479704797048 ;0.483394833948 ;0.479704797048 ;0.479704797048 ;0.483394833948 ;0.490774907749 ;0.490774907749 ;0.509225092251 ;0.512915129151 ;0.523985239852 ;0.535055350554 ;0.546125461255 ;0.560885608856 ;0.564575645756 ;0.560885608856 ;0.575645756458 ;0.571955719557 ;0.575645756458 ;0.564575645756 ;0.571955719557 ;0.549815498155 ;0.553505535055 ;0.560885608856 ;0.553505535055 ;0.538745387454 ;0.527675276753 ;0.512915129151 ;0.494464944649 ;0.490774907749 ;0.476014760148 ;0.472324723247 ;0.476014760148 ;0.468634686347 ;0.472324723247 ;0.472324723247 ;0.472324723247 ;0.450184501845 ;0.461254612546 ;0.457564575646 ;0.450184501845 ;0.439114391144 ;0.435424354244 ;0.435424354244 ;0.439114391144 ;0.431734317343 ;0.450184501845 ;0.464944649446 ;0.461254612546 ;0.453874538745 ;0.450184501845 ;0.457564575646 ;0.446494464945 ;0.446494464945 ;0.442804428044 ;0.446494464945 ;0.450184501845 ;0.450184501845 ;0.461254612546 ;0.483394833948 ;0.472324723247 ;0.479704797048 ;0.490774907749 ;0.494464944649 ;0.542435424354 ;0.605166051661 ;0.671586715867 ;0.767527675277 ;0.856088560886 ;0.948339483395 ;1.000000000000 ;0.992619926199 ;0.937269372694 ;0.826568265683 ;0.686346863469 ;0.512915129151 ;0.324723247232 ;0.158671586716 ;0.044280442804 ;0.000000000000 ;0.014760147601 ;0.088560885609 ;0.177121771218 ;0.247232472325 ;0.291512915129 ;0.335793357934 ;0.365313653137 ;0.394833948339 ;0.420664206642 ;0.442804428044 ;0.487084870849 ;0.498154981550 ;0.494464944649 ;0.505535055351 ;0.512915129151 ;0.520295202952 ;0.516605166052 ;0.520295202952 ;0.512915129151 ;0.512915129151 ;0.512915129151 ;0.509225092251 ;0.516605166052 ;0.520295202952 ;0.527675276753 ;0.535055350554 ;0.546125461255 ;0.560885608856 ;0.553505535055 ;0.557195571956 ;0.542435424354 ;0.542435424354 ;0.546125461255 ;0.546125461255 ;0.531365313653 ;0.549815498155 ;0.546125461255 ;0.546125461255 ;0.568265682657 ;0.571955719557 ;0.568265682657 ;0.564575645756 ;0.564575645756 ;0.560885608856 ;0.549815498155 ;0.560885608856 ;0.560885608856 ;0.575645756458 ;0.583025830258 ;0.586715867159 ;0.590405904059 ;0.594095940959 ;0.590405904059 ;0.590405904059 ;0.594095940959 ;0.597785977860 ;0.583025830258 ;0.583025830258 ;0.586715867159 ;0.597785977860 ;0.612546125461 ;0.630996309963 ;0.623616236162 ;0.638376383764 ;0.656826568266 ;0.653136531365 ;0.656826568266 ;0.649446494465 ;0.664206642066 ;0.664206642066 ;0.667896678967 ;0.675276752768 ;0.693726937269 ;0.719557195572 ;0.730627306273 ;0.741697416974 ;0.752767527675 ;0.763837638376 ;0.774907749077 ;0.782287822878 ;0.793357933579 ;0.800738007380 ;0.819188191882 ;0.830258302583 ;0.852398523985 ;0.867158671587 ;0.892988929889 ;0.881918819188 ;0.900369003690 ;0.922509225092 ;0.918819188192 ;0.918819188192 ;0.922509225092 ;0.926199261993 ;0.933579335793 ;0.940959409594 ;0.940959409594 ;0.952029520295 ;0.966789667897 ;0.977859778598 ;0.985239852399 ;0.981549815498 ;0.966789667897 ;0.963099630996 ;0.948339483395 ;0.929889298893 ;0.922509225092 ;0.918819188192 ;0.900369003690 ;0.892988929889 ;0.892988929889 ;0.867158671587 ;0.845018450185 ;0.826568265683 ;0.793357933579 ;0.778597785978 ;0.745387453875 ;0.726937269373 ;0.708487084871 ;0.697416974170 ;0.682656826568 ;0.678966789668 ;0.667896678967 ;0.649446494465 ;0.634686346863 ;0.619926199262 ;0.594095940959 ;0.586715867159 ;0.568265682657 ;0.560885608856 ;
0.102669404517 ;0.102669404517 ;0.102669404517 ;0.100616016427 ;0.090349075975 ;0.088295687885 ;0.090349075975 ;0.088295687885 ;0.090349075975 ;0.092402464066 ;0.092402464066 ;0.096509240246 ;0.098562628337 ;0.100616016427 ;0.098562628337 ;0.096509240246 ;0.090349075975 ;0.084188911704 ;0.078028747433 ;0.078028747433 ;0.080082135524 ;0.080082135524 ;0.086242299795 ;0.088295687885 ;0.092402464066 ;0.090349075975 ;0.088295687885 ;0.090349075975 ;0.082135523614 ;0.082135523614 ;0.080082135524 ;0.080082135524 ;0.082135523614 ;0.078028747433 ;0.084188911704 ;0.084188911704 ;0.088295687885 ;0.086242299795 ;0.084188911704 ;0.088295687885 ;0.084188911704 ;0.071868583162 ;0.071868583162 ;0.078028747433 ;0.078028747433 ;0.075975359343 ;0.078028747433 ;0.082135523614 ;0.088295687885 ;0.088295687885 ;0.090349075975 ;0.092402464066 ;0.094455852156 ;0.084188911704 ;0.082135523614 ;0.078028747433 ;0.094455852156 ;0.110882956879 ;0.112936344969 ;0.121149897331 ;0.137577002053 ;0.143737166324 ;0.143737166324 ;0.151950718686 ;0.147843942505 ;0.164271047228 ;0.160164271047 ;0.176591375770 ;0.190965092402 ;0.201232032854 ;0.232032854209 ;0.229979466119 ;0.234086242300 ;0.232032854209 ;0.227926078029 ;0.221765913758 ;0.217659137577 ;0.217659137577 ;0.209445585216 ;0.201232032854 ;0.195071868583 ;0.178644763860 ;0.158110882957 ;0.137577002053 ;0.121149897331 ;0.096509240246 ;0.086242299795 ;0.080082135524 ;0.080082135524 ;0.069815195072 ;0.067761806982 ;0.067761806982 ;0.067761806982 ;0.069815195072 ;0.073921971253 ;0.069815195072 ;0.073921971253 ;0.084188911704 ;0.073921971253 ;0.067761806982 ;0.065708418891 ;0.069815195072 ;0.057494866530 ;0.063655030801 ;0.055441478439 ;0.061601642710 ;0.061601642710 ;0.067761806982 ;0.071868583162 ;0.073921971253 ;0.075975359343 ;0.073921971253 ;0.075975359343 ;0.073921971253 ;0.067761806982 ;0.061601642710 ;0.055441478439 ;0.053388090349 ;0.049281314168 ;0.047227926078 ;0.073921971253 ;0.114989733060 ;0.178644763860 ;0.266940451745 ;0.394250513347 ;0.548254620123 ;0.702258726899 ;0.841889117043 ;0.944558521561 ;0.989733059548 ;1.000000000000 ;0.967145790554 ;0.878850102669 ;0.731006160164 ;0.525667351129 ;0.293634496920 ;0.114989733060 ;0.012320328542 ;0.000000000000 ;0.045174537988 ;0.102669404517 ;0.154004106776 ;0.178644763860 ;0.176591375770 ;0.158110882957 ;0.127310061602 ;0.102669404517 ;0.084188911704 ;0.071868583162 ;0.075975359343 ;0.075975359343 ;0.065708418891 ;0.067761806982 ;0.065708418891 ;0.071868583162 ;0.071868583162 ;0.073921971253 ;0.067761806982 ;0.067761806982 ;0.073921971253 ;0.063655030801 ;0.061601642710 ;0.059548254620 ;0.061601642710 ;0.063655030801 ;0.067761806982 ;0.067761806982 ;0.069815195072 ;0.067761806982 ;0.071868583162 ;0.065708418891 ;0.069815195072 ;0.065708418891 ;0.065708418891 ;0.061601642710 ;0.057494866530 ;0.059548254620 ;0.069815195072 ;0.073921971253 ;0.071868583162 ;0.069815195072 ;0.071868583162 ;0.069815195072 ;0.069815195072 ;0.065708418891 ;0.069815195072 ;0.067761806982 ;0.069815195072 ;0.071868583162 ;0.071868583162 ;0.078028747433 ;0.084188911704 ;0.080082135524 ;0.092402464066 ;0.094455852156 ;0.094455852156 ;0.092402464066 ;0.096509240246 ;0.090349075975 ;0.098562628337 ;0.094455852156 ;0.102669404517 ;0.108829568789 ;0.114989733060 ;0.121149897331 ;0.129363449692 ;0.125256673511 ;0.129363449692 ;0.127310061602 ;0.131416837782 ;0.129363449692 ;0.137577002053 ;0.147843942505 ;0.154004106776 ;0.164271047228 ;0.176591375770 ;0.176591375770 ;0.190965092402 ;0.195071868583 ;0.201232032854 ;0.203285420945 ;0.209445585216 ;0.215605749487 ;0.217659137577 ;0.225872689938 ;0.234086242300 ;0.244353182752 ;0.248459958932 ;0.262833675565 ;0.266940451745 ;0.273100616016 ;0.271047227926 ;0.281314168378 ;0.277207392197 ;0.277207392197 ;0.279260780287 ;0.283367556468 ;0.289527720739 ;0.295687885010 ;0.299794661191 ;0.297741273101 ;0.293634496920 ;0.289527720739 ;0.279260780287 ;0.264887063655 ;0.248459958932 ;0.240246406571 ;0.225872689938 ;0.215605749487 ;0.209445585216 ;0.199178644764 ;0.190965092402 ;0.186858316222 ;0.170431211499 ;0.162217659138 ;0.149897330595 ;0.137577002053 ;0.129363449692 ;0.121149897331 ;0.119096509240 ;
0.057377049180 ;0.059426229508 ;0.057377049180 ;0.053278688525 ;0.051229508197 ;0.055327868852 ;0.055327868852 ;0.059426229508 ;0.061475409836 ;0.061475409836 ;0.065573770492 ;0.057377049180 ;0.061475409836 ;0.055327868852 ;0.055327868852 ;0.045081967213 ;0.049180327869 ;0.051229508197 ;0.051229508197 ;0.057377049180 ;0.059426229508 ;0.063524590164 ;0.071721311475 ;0.069672131148 ;0.067622950820 ;0.065573770492 ;0.065573770492 ;0.057377049180 ;0.057377049180 ;0.055327868852 ;0.055327868852 ;0.057377049180 ;0.063524590164 ;0.065573770492 ;0.073770491803 ;0.069672131148 ;0.067622950820 ;0.065573770492 ;0.063524590164 ;0.057377049180 ;0.059426229508 ;0.055327868852 ;0.061475409836 ;0.061475409836 ;0.065573770492 ;0.073770491803 ;0.069672131148 ;0.075819672131 ;0.063524590164 ;0.073770491803 ;0.071721311475 ;0.063524590164 ;0.061475409836 ;0.063524590164 ;0.067622950820 ;0.073770491803 ;0.073770491803 ;0.092213114754 ;0.100409836066 ;0.114754098361 ;0.125000000000 ;0.127049180328 ;0.127049180328 ;0.129098360656 ;0.129098360656 ;0.139344262295 ;0.145491803279 ;0.168032786885 ;0.182377049180 ;0.200819672131 ;0.219262295082 ;0.225409836066 ;0.219262295082 ;0.211065573770 ;0.196721311475 ;0.194672131148 ;0.182377049180 ;0.190573770492 ;0.186475409836 ;0.186475409836 ;0.178278688525 ;0.157786885246 ;0.139344262295 ;0.116803278689 ;0.098360655738 ;0.084016393443 ;0.067622950820 ;0.065573770492 ;0.057377049180 ;0.053278688525 ;0.053278688525 ;0.055327868852 ;0.061475409836 ;0.059426229508 ;0.067622950820 ;0.065573770492 ;0.063524590164 ;0.059426229508 ;0.061475409836 ;0.057377049180 ;0.051229508197 ;0.049180327869 ;0.053278688525 ;0.055327868852 ;0.057377049180 ;0.057377049180 ;0.057377049180 ;0.057377049180 ;0.065573770492 ;0.059426229508 ;0.061475409836 ;0.057377049180 ;0.059426229508 ;0.057377049180 ;0.053278688525 ;0.053278688525 ;0.043032786885 ;0.038934426230 ;0.034836065574 ;0.043032786885 ;0.069672131148 ;0.112704918033 ;0.198770491803 ;0.299180327869 ;0.440573770492 ;0.602459016393 ;0.764344262295 ;0.893442622951 ;0.965163934426 ;1.000000000000 ;0.993852459016 ;0.928278688525 ;0.805327868852 ;0.608606557377 ;0.385245901639 ;0.170081967213 ;0.034836065574 ;0.000000000000 ;0.026639344262 ;0.088114754098 ;0.141393442623 ;0.165983606557 ;0.170081967213 ;0.157786885246 ;0.127049180328 ;0.096311475410 ;0.077868852459 ;0.059426229508 ;0.053278688525 ;0.049180327869 ;0.057377049180 ;0.057377049180 ;0.063524590164 ;0.059426229508 ;0.061475409836 ;0.053278688525 ;0.057377049180 ;0.059426229508 ;0.053278688525 ;0.047131147541 ;0.049180327869 ;0.049180327869 ;0.057377049180 ;0.055327868852 ;0.061475409836 ;0.059426229508 ;0.061475409836 ;0.057377049180 ;0.061475409836 ;0.057377049180 ;0.047131147541 ;0.047131147541 ;0.043032786885 ;0.045081967213 ;0.049180327869 ;0.053278688525 ;0.055327868852 ;0.055327868852 ;0.061475409836 ;0.059426229508 ;0.059426229508 ;0.059426229508 ;0.057377049180 ;0.053278688525 ;0.053278688525 ;0.051229508197 ;0.055327868852 ;0.061475409836 ;0.059426229508 ;0.069672131148 ;0.071721311475 ;0.077868852459 ;0.079918032787 ;0.081967213115 ;0.075819672131 ;0.077868852459 ;0.079918032787 ;0.084016393443 ;0.086065573770 ;0.088114754098 ;0.092213114754 ;0.100409836066 ;0.100409836066 ;0.110655737705 ;0.108606557377 ;0.108606557377 ;0.114754098361 ;0.118852459016 ;0.110655737705 ;0.118852459016 ;0.125000000000 ;0.137295081967 ;0.143442622951 ;0.155737704918 ;0.159836065574 ;0.172131147541 ;0.180327868852 ;0.182377049180 ;0.186475409836 ;0.190573770492 ;0.194672131148 ;0.200819672131 ;0.211065573770 ;0.219262295082 ;0.235655737705 ;0.250000000000 ;0.258196721311 ;0.266393442623 ;0.274590163934 ;0.280737704918 ;0.284836065574 ;0.280737704918 ;0.288934426230 ;0.293032786885 ;0.299180327869 ;0.307377049180 ;0.311475409836 ;0.323770491803 ;0.319672131148 ;0.321721311475 ;0.327868852459 ;0.327868852459 ;0.319672131148 ;0.317622950820 ;0.303278688525 ;0.299180327869 ;0.286885245902 ;0.272540983607 ;0.264344262295 ;0.256147540984 ;0.239754098361 ;0.227459016393 ;0.221311475410 ;0.200819672131 ;0.186475409836 ;0.172131147541 ;0.163934426230 ;0.147540983607 ;0.137295081967 ;0.131147540984 ;
0.009852216749 ;0.000000000000 ;0.009852216749 ;0.019704433498 ;0.019704433498 ;0.039408866995 ;0.034482758621 ;0.039408866995 ;0.029556650246 ;0.024630541872 ;0.019704433498 ;0.014778325123 ;0.014778325123 ;0.014778325123 ;0.024630541872 ;0.029556650246 ;0.039408866995 ;0.039408866995 ;0.039408866995 ;0.034482758621 ;0.024630541872 ;0.024630541872 ;0.024630541872 ;0.009852216749 ;0.014778325123 ;0.019704433498 ;0.019704433498 ;0.029556650246 ;0.034482758621 ;0.019704433498 ;0.019704433498 ;0.019704433498 ;0.019704433498 ;0.014778325123 ;0.019704433498 ;0.014778325123 ;0.014778325123 ;0.009852216749 ;0.034482758621 ;0.029556650246 ;0.039408866995 ;0.034482758621 ;0.034482758621 ;0.039408866995 ;0.029556650246 ;0.039408866995 ;0.034482758621 ;0.014778325123 ;0.029556650246 ;0.034482758621 ;0.034482758621 ;0.034482758621 ;0.049261083744 ;0.054187192118 ;0.034482758621 ;0.044334975369 ;0.039408866995 ;0.039408866995 ;0.024630541872 ;0.034482758621 ;0.034482758621 ;0.024630541872 ;0.039408866995 ;0.039408866995 ;0.054187192118 ;0.059113300493 ;0.064039408867 ;0.073891625616 ;0.088669950739 ;0.088669950739 ;0.083743842365 ;0.083743842365 ;0.088669950739 ;0.083743842365 ;0.088669950739 ;0.088669950739 ;0.098522167488 ;0.108374384236 ;0.118226600985 ;0.113300492611 ;0.093596059113 ;0.093596059113 ;0.078817733990 ;0.083743842365 ;0.083743842365 ;0.088669950739 ;0.088669950739 ;0.093596059113 ;0.123152709360 ;0.118226600985 ;0.113300492611 ;0.118226600985 ;0.108374384236 ;0.073891625616 ;0.078817733990 ;0.039408866995 ;0.049261083744 ;0.034482758621 ;0.044334975369 ;0.054187192118 ;0.039408866995 ;0.044334975369 ;0.049261083744 ;0.059113300493 ;0.034482758621 ;0.029556650246 ;0.024630541872 ;0.029556650246 ;0.039408866995 ;0.049261083744 ;0.044334975369 ;0.054187192118 ;0.059113300493 ;0.068965517241 ;0.093596059113 ;0.093596059113 ;0.108374384236 ;0.137931034483 ;0.177339901478 ;0.236453201970 ;0.339901477833 ;0.467980295567 ;0.581280788177 ;0.689655172414 ;0.788177339901 ;0.852216748768 ;0.896551724138 ;0.945812807882 ;0.960591133005 ;0.995073891626 ;1.000000000000 ;0.980295566502 ;0.935960591133 ;0.862068965517 ;0.793103448276 ;0.729064039409 ;0.640394088670 ;0.571428571429 ;0.467980295567 ;0.379310344828 ;0.300492610837 ;0.226600985222 ;0.167487684729 ;0.113300492611 ;0.073891625616 ;0.068965517241 ;0.068965517241 ;0.068965517241 ;0.073891625616 ;0.093596059113 ;0.098522167488 ;0.098522167488 ;0.083743842365 ;0.078817733990 ;0.073891625616 ;0.064039408867 ;0.083743842365 ;0.073891625616 ;0.083743842365 ;0.098522167488 ;0.108374384236 ;0.118226600985 ;0.113300492611 ;0.113300492611 ;0.118226600985 ;0.098522167488 ;0.083743842365 ;0.088669950739 ;0.098522167488 ;0.103448275862 ;0.123152709360 ;0.118226600985 ;0.128078817734 ;0.142857142857 ;0.142857142857 ;0.128078817734 ;0.128078817734 ;0.123152709360 ;0.123152709360 ;0.118226600985 ;0.113300492611 ;0.128078817734 ;0.128078817734 ;0.128078817734 ;0.133004926108 ;0.142857142857 ;0.157635467980 ;0.147783251232 ;0.157635467980 ;0.162561576355 ;0.147783251232 ;0.147783251232 ;0.142857142857 ;0.142857142857 ;0.157635467980 ;0.152709359606 ;0.167487684729 ;0.172413793103 ;0.172413793103 ;0.167487684729 ;0.167487684729 ;0.167487684729 ;0.162561576355 ;0.172413793103 ;0.177339901478 ;0.177339901478 ;0.177339901478 ;0.182266009852 ;0.182266009852 ;0.201970443350 ;0.206896551724 ;0.211822660099 ;0.211822660099 ;0.211822660099 ;0.192118226601 ;0.192118226601 ;0.192118226601 ;0.201970443350 ;0.211822660099 ;0.221674876847 ;0.226600985222 ;0.226600985222 ;0.236453201970 ;0.231527093596 ;0.226600985222 ;0.206896551724 ;0.201970443350 ;0.197044334975 ;0.182266009852 ;0.182266009852 ;0.192118226601 ;0.197044334975 ;0.206896551724 ;0.201970443350 ;0.182266009852 ;0.172413793103 ;0.157635467980 ;0.147783251232 ;0.137931034483 ;0.128078817734 ;0.108374384236 ;0.108374384236 ;0.098522167488 ;0.108374384236 ;0.098522167488 ;0.098522167488 ;0.088669950739 ;0.093596059113 ;0.068965517241 ;0.059113300493 ;0.044334975369 ;0.029556650246 ;0.029556650246 ;0.039408866995 ;0.044334975369 ;0.049261083744 ;0.054187192118 ;0.054187192118 ;0.049261083744 ;0.044334975369 ;
0.013698630137 ;0.018264840183 ;0.018264840183 ;0.009132420091 ;0.000000000000 ;0.000000000000 ;0.000000000000 ;0.000000000000 ;0.009132420091 ;0.031963470320 ;0.063926940639 ;0.086757990868 ;0.086757990868 ;0.082191780822 ;0.050228310502 ;0.045662100457 ;0.041095890411 ;0.041095890411 ;0.041095890411 ;0.031963470320 ;0.022831050228 ;0.018264840183 ;0.018264840183 ;0.036529680365 ;0.041095890411 ;0.054794520548 ;0.045662100457 ;0.045662100457 ;0.036529680365 ;0.027397260274 ;0.031963470320 ;0.027397260274 ;0.013698630137 ;0.022831050228 ;0.022831050228 ;0.027397260274 ;0.027397260274 ;0.036529680365 ;0.050228310502 ;0.059360730594 ;0.068493150685 ;0.054794520548 ;0.050228310502 ;0.045662100457 ;0.036529680365 ;0.059360730594 ;0.063926940639 ;0.073059360731 ;0.082191780822 ;0.095890410959 ;0.091324200913 ;0.086757990868 ;0.073059360731 ;0.054794520548 ;0.045662100457 ;0.063926940639 ;0.086757990868 ;0.109589041096 ;0.118721461187 ;0.118721461187 ;0.109589041096 ;0.105022831050 ;0.127853881279 ;0.155251141553 ;0.173515981735 ;0.182648401826 ;0.178082191781 ;0.159817351598 ;0.155251141553 ;0.173515981735 ;0.187214611872 ;0.191780821918 ;0.191780821918 ;0.191780821918 ;0.178082191781 ;0.173515981735 ;0.173515981735 ;0.168949771689 ;0.173515981735 ;0.187214611872 ;0.191780821918 ;0.200913242009 ;0.200913242009 ;0.210045662100 ;0.214611872146 ;0.205479452055 ;0.228310502283 ;0.237442922374 ;0.237442922374 ;0.242009132420 ;0.232876712329 ;0.214611872146 ;0.200913242009 ;0.173515981735 ;0.168949771689 ;0.187214611872 ;0.205479452055 ;0.228310502283 ;0.232876712329 ;0.223744292237 ;0.205479452055 ;0.196347031963 ;0.168949771689 ;0.159817351598 ;0.159817351598 ;0.168949771689 ;0.182648401826 ;0.196347031963 ;0.214611872146 ;0.228310502283 ;0.242009132420 ;0.232876712329 ;0.232876712329 ;0.228310502283 ;0.242009132420 ;0.255707762557 ;0.287671232877 ;0.333333333333 ;0.406392694064 ;0.493150684932 ;0.598173515982 ;0.694063926941 ;0.789954337900 ;0.876712328767 ;0.949771689498 ;0.986301369863 ;1.000000000000 ;0.981735159817 ;0.954337899543 ;0.940639269406 ;0.931506849315 ;0.940639269406 ;0.940639269406 ;0.945205479452 ;0.931506849315 ;0.899543378995 ;0.812785388128 ;0.712328767123 ;0.584474885845 ;0.465753424658 ;0.356164383562 ;0.287671232877 ;0.264840182648 ;0.260273972603 ;0.273972602740 ;0.296803652968 ;0.305936073059 ;0.310502283105 ;0.310502283105 ;0.296803652968 ;0.296803652968 ;0.283105022831 ;0.269406392694 ;0.273972602740 ;0.305936073059 ;0.333333333333 ;0.347031963470 ;0.342465753425 ;0.333333333333 ;0.292237442922 ;0.255707762557 ;0.251141552511 ;0.273972602740 ;0.319634703196 ;0.360730593607 ;0.369863013699 ;0.374429223744 ;0.356164383562 ;0.337899543379 ;0.337899543379 ;0.333333333333 ;0.337899543379 ;0.337899543379 ;0.337899543379 ;0.324200913242 ;0.319634703196 ;0.324200913242 ;0.319634703196 ;0.342465753425 ;0.342465753425 ;0.337899543379 ;0.337899543379 ;0.342465753425 ;0.347031963470 ;0.365296803653 ;0.369863013699 ;0.365296803653 ;0.369863013699 ;0.351598173516 ;0.360730593607 ;0.351598173516 ;0.360730593607 ;0.360730593607 ;0.369863013699 ;0.392694063927 ;0.397260273973 ;0.388127853881 ;0.397260273973 ;0.378995433790 ;0.369863013699 ;0.360730593607 ;0.365296803653 ;0.378995433790 ;0.374429223744 ;0.388127853881 ;0.397260273973 ;0.406392694064 ;0.406392694064 ;0.429223744292 ;0.438356164384 ;0.433789954338 ;0.438356164384 ;0.442922374429 ;0.442922374429 ;0.452054794521 ;0.442922374429 ;0.447488584475 ;0.461187214612 ;0.452054794521 ;0.447488584475 ;0.420091324201 ;0.406392694064 ;0.406392694064 ;0.410958904110 ;0.424657534247 ;0.438356164384 ;0.456621004566 ;0.470319634703 ;0.474885844749 ;0.442922374429 ;0.420091324201 ;0.383561643836 ;0.383561643836 ;0.392694063927 ;0.406392694064 ;0.406392694064 ;0.415525114155 ;0.392694063927 ;0.378995433790 ;0.365296803653 ;0.347031963470 ;0.337899543379 ;0.333333333333 ;0.337899543379 ;0.351598173516 ;0.360730593607 ;0.374429223744 ;0.360730593607 ;0.347031963470 ;0.337899543379 ;0.333333333333 ;0.324200913242 ;0.310502283105 ;0.319634703196 ;0.310502283105 ;0.315068493151 ;0.310502283105 ;0.319634703196 ;0.310502283105 ;0.301369863014 ;
0.151041666667 ;0.158854166667 ;0.153645833333 ;0.138020833333 ;0.135416666667 ;0.143229166667 ;0.151041666667 ;0.161458333333 ;0.153645833333 ;0.151041666667 ;0.145833333333 ;0.140625000000 ;0.132812500000 ;0.143229166667 ;0.135416666667 ;0.127604166667 ;0.114583333333 ;0.119791666667 ;0.138020833333 ;0.140625000000 ;0.132812500000 ;0.125000000000 ;0.119791666667 ;0.114583333333 ;0.114583333333 ;0.109375000000 ;0.109375000000 ;0.106770833333 ;0.088541666667 ;0.093750000000 ;0.104166666667 ;0.111979166667 ;0.111979166667 ;0.114583333333 ;0.098958333333 ;0.088541666667 ;0.091145833333 ;0.091145833333 ;0.096354166667 ;0.091145833333 ;0.091145833333 ;0.093750000000 ;0.106770833333 ;0.111979166667 ;0.114583333333 ;0.111979166667 ;0.114583333333 ;0.109375000000 ;0.117187500000 ;0.111979166667 ;0.109375000000 ;0.098958333333 ;0.109375000000 ;0.114583333333 ;0.130208333333 ;0.148437500000 ;0.153645833333 ;0.143229166667 ;0.143229166667 ;0.145833333333 ;0.151041666667 ;0.143229166667 ;0.145833333333 ;0.156250000000 ;0.166666666667 ;0.174479166667 ;0.195312500000 ;0.210937500000 ;0.218750000000 ;0.221354166667 ;0.223958333333 ;0.239583333333 ;0.244791666667 ;0.247395833333 ;0.244791666667 ;0.221354166667 ;0.218750000000 ;0.221354166667 ;0.239583333333 ;0.244791666667 ;0.239583333333 ;0.223958333333 ;0.213541666667 ;0.203125000000 ;0.203125000000 ;0.203125000000 ;0.200520833333 ;0.187500000000 ;0.166666666667 ;0.153645833333 ;0.148437500000 ;0.140625000000 ;0.132812500000 ;0.127604166667 ;0.119791666667 ;0.106770833333 ;0.104166666667 ;0.106770833333 ;0.093750000000 ;0.080729166667 ;0.078125000000 ;0.088541666667 ;0.096354166667 ;0.109375000000 ;0.104166666667 ;0.098958333333 ;0.096354166667 ;0.096354166667 ;0.093750000000 ;0.091145833333 ;0.088541666667 ;0.067708333333 ;0.054687500000 ;0.026041666667 ;0.020833333333 ;0.010416666667 ;0.000000000000 ;0.018229166667 ;0.062500000000 ;0.148437500000 ;0.255208333333 ;0.367187500000 ;0.471354166667 ;0.583333333333 ;0.692708333333 ;0.799479166667 ;0.893229166667 ;0.955729166667 ;0.986979166667 ;1.000000000000 ;0.994791666667 ;0.979166666667 ;0.940104166667 ;0.893229166667 ;0.817708333333 ;0.708333333333 ;0.559895833333 ;0.388020833333 ;0.247395833333 ;0.145833333333 ;0.101562500000 ;0.098958333333 ;0.127604166667 ;0.151041666667 ;0.164062500000 ;0.158854166667 ;0.138020833333 ;0.109375000000 ;0.088541666667 ;0.083333333333 ;0.067708333333 ;0.052083333333 ;0.041666666667 ;0.052083333333 ;0.059895833333 ;0.057291666667 ;0.049479166667 ;0.046875000000 ;0.033854166667 ;0.046875000000 ;0.052083333333 ;0.059895833333 ;0.054687500000 ;0.052083333333 ;0.062500000000 ;0.062500000000 ;0.067708333333 ;0.057291666667 ;0.057291666667 ;0.044270833333 ;0.049479166667 ;0.054687500000 ;0.062500000000 ;0.057291666667 ;0.065104166667 ;0.059895833333 ;0.054687500000 ;0.062500000000 ;0.075520833333 ;0.067708333333 ;0.062500000000 ;0.052083333333 ;0.057291666667 ;0.059895833333 ;0.065104166667 ;0.065104166667 ;0.067708333333 ;0.078125000000 ;0.080729166667 ;0.078125000000 ;0.078125000000 ;0.067708333333 ;0.067708333333 ;0.083333333333 ;0.083333333333 ;0.083333333333 ;0.078125000000 ;0.080729166667 ;0.093750000000 ;0.096354166667 ;0.104166666667 ;0.106770833333 ;0.091145833333 ;0.093750000000 ;0.091145833333 ;0.104166666667 ;0.096354166667 ;0.096354166667 ;0.104166666667 ;0.117187500000 ;0.125000000000 ;0.132812500000 ;0.122395833333 ;0.135416666667 ;0.132812500000 ;0.130208333333 ;0.135416666667 ;0.122395833333 ;0.117187500000 ;0.114583333333 ;0.125000000000 ;0.140625000000 ;0.135416666667 ;0.145833333333 ;0.140625000000 ;0.135416666667 ;0.140625000000 ;0.138020833333 ;0.138020833333 ;0.130208333333 ;0.119791666667 ;0.119791666667 ;0.122395833333 ;0.127604166667 ;0.138020833333 ;0.138020833333 ;0.132812500000 ;0.132812500000 ;0.125000000000 ;0.132812500000 ;0.130208333333 ;0.130208333333 ;0.111979166667 ;0.106770833333 ;0.109375000000 ;0.125000000000 ;0.122395833333 ;0.132812500000 ;0.122395833333 ;0.122395833333 ;0.114583333333 ;0.122395833333 ;0.119791666667 ;0.109375000000 ;0.101562500000 ;0.088541666667 ;0.091145833333 ;0.096354166667 ;0.093750000000 ;0.091145833333 ;
0.153846153846 ;0.141025641026 ;0.146153846154 ;0.146153846154 ;0.143589743590 ;0.143589743590 ;0.143589743590 ;0.146153846154 ;0.156410256410 ;0.166666666667 ;0.151282051282 ;0.151282051282 ;0.135897435897 ;0.138461538462 ;0.143589743590 ;0.141025641026 ;0.141025641026 ;0.133333333333 ;0.123076923077 ;0.133333333333 ;0.143589743590 ;0.148717948718 ;0.143589743590 ;0.130769230769 ;0.120512820513 ;0.115384615385 ;0.115384615385 ;0.117948717949 ;0.107692307692 ;0.107692307692 ;0.105128205128 ;0.112820512821 ;0.120512820513 ;0.120512820513 ;0.117948717949 ;0.112820512821 ;0.110256410256 ;0.112820512821 ;0.105128205128 ;0.094871794872 ;0.092307692308 ;0.100000000000 ;0.112820512821 ;0.125641025641 ;0.125641025641 ;0.128205128205 ;0.128205128205 ;0.115384615385 ;0.107692307692 ;0.117948717949 ;0.112820512821 ;0.123076923077 ;0.115384615385 ;0.123076923077 ;0.130769230769 ;0.148717948718 ;0.161538461538 ;0.153846153846 ;0.156410256410 ;0.146153846154 ;0.156410256410 ;0.161538461538 ;0.171794871795 ;0.176923076923 ;0.179487179487 ;0.184615384615 ;0.192307692308 ;0.212820512821 ;0.228205128205 ;0.238461538462 ;0.241025641026 ;0.243589743590 ;0.246153846154 ;0.251282051282 ;0.243589743590 ;0.230769230769 ;0.220512820513 ;0.220512820513 ;0.228205128205 ;0.230769230769 ;0.233333333333 ;0.233333333333 ;0.223076923077 ;0.212820512821 ;0.202564102564 ;0.197435897436 ;0.192307692308 ;0.179487179487 ;0.156410256410 ;0.141025641026 ;0.133333333333 ;0.138461538462 ;0.138461538462 ;0.130769230769 ;0.125641025641 ;0.117948717949 ;0.115384615385 ;0.115384615385 ;0.105128205128 ;0.092307692308 ;0.092307692308 ;0.089743589744 ;0.097435897436 ;0.107692307692 ;0.110256410256 ;0.112820512821 ;0.102564102564 ;0.107692307692 ;0.107692307692 ;0.102564102564 ;0.084615384615 ;0.069230769231 ;0.041025641026 ;0.012820512821 ;0.000000000000 ;0.005128205128 ;0.025641025641 ;0.071794871795 ;0.128205128205 ;0.215384615385 ;0.325641025641 ;0.435897435897 ;0.546153846154 ;0.641025641026 ;0.738461538462 ;0.838461538462 ;0.905128205128 ;0.964102564103 ;0.992307692308 ;1.000000000000 ;0.987179487179 ;0.956410256410 ;0.928205128205 ;0.876923076923 ;0.800000000000 ;0.671794871795 ;0.512820512821 ;0.351282051282 ;0.225641025641 ;0.153846153846 ;0.112820512821 ;0.117948717949 ;0.146153846154 ;0.176923076923 ;0.189743589744 ;0.179487179487 ;0.156410256410 ;0.125641025641 ;0.089743589744 ;0.071794871795 ;0.058974358974 ;0.056410256410 ;0.056410256410 ;0.061538461538 ;0.056410256410 ;0.061538461538 ;0.061538461538 ;0.066666666667 ;0.058974358974 ;0.056410256410 ;0.053846153846 ;0.051282051282 ;0.066666666667 ;0.076923076923 ;0.066666666667 ;0.071794871795 ;0.074358974359 ;0.069230769231 ;0.066666666667 ;0.064102564103 ;0.058974358974 ;0.051282051282 ;0.051282051282 ;0.058974358974 ;0.051282051282 ;0.066666666667 ;0.058974358974 ;0.064102564103 ;0.064102564103 ;0.071794871795 ;0.066666666667 ;0.061538461538 ;0.048717948718 ;0.056410256410 ;0.056410256410 ;0.048717948718 ;0.064102564103 ;0.066666666667 ;0.061538461538 ;0.071794871795 ;0.071794871795 ;0.076923076923 ;0.064102564103 ;0.058974358974 ;0.053846153846 ;0.053846153846 ;0.058974358974 ;0.064102564103 ;0.069230769231 ;0.074358974359 ;0.074358974359 ;0.082051282051 ;0.082051282051 ;0.089743589744 ;0.087179487179 ;0.082051282051 ;0.074358974359 ;0.066666666667 ;0.076923076923 ;0.079487179487 ;0.089743589744 ;0.102564102564 ;0.107692307692 ;0.105128205128 ;0.112820512821 ;0.110256410256 ;0.112820512821 ;0.115384615385 ;0.112820512821 ;0.110256410256 ;0.112820512821 ;0.117948717949 ;0.125641025641 ;0.141025641026 ;0.146153846154 ;0.146153846154 ;0.148717948718 ;0.151282051282 ;0.151282051282 ;0.148717948718 ;0.143589743590 ;0.141025641026 ;0.138461538462 ;0.143589743590 ;0.148717948718 ;0.148717948718 ;0.153846153846 ;0.143589743590 ;0.153846153846 ;0.151282051282 ;0.143589743590 ;0.141025641026 ;0.135897435897 ;0.128205128205 ;0.128205128205 ;0.133333333333 ;0.130769230769 ;0.135897435897 ;0.133333333333 ;0.135897435897 ;0.135897435897 ;0.138461538462 ;0.133333333333 ;0.123076923077 ;0.112820512821 ;0.115384615385 ;0.117948717949 ;0.107692307692 ;0.110256410256 ;0.102564102564 ;
0.112500000000 ;0.115000000000 ;0.112500000000 ;0.112500000000 ;0.120000000000 ;0.130000000000 ;0.130000000000 ;0.130000000000 ;0.125000000000 ;0.115000000000 ;0.107500000000 ;0.105000000000 ;0.097500000000 ;0.102500000000 ;0.095000000000 ;0.100000000000 ;0.087500000000 ;0.100000000000 ;0.097500000000 ;0.105000000000 ;0.092500000000 ;0.087500000000 ;0.090000000000 ;0.090000000000 ;0.090000000000 ;0.087500000000 ;0.087500000000 ;0.087500000000 ;0.082500000000 ;0.085000000000 ;0.087500000000 ;0.090000000000 ;0.095000000000 ;0.100000000000 ;0.102500000000 ;0.095000000000 ;0.102500000000 ;0.097500000000 ;0.105000000000 ;0.102500000000 ;0.107500000000 ;0.115000000000 ;0.115000000000 ;0.110000000000 ;0.105000000000 ;0.102500000000 ;0.107500000000 ;0.102500000000 ;0.095000000000 ;0.105000000000 ;0.097500000000 ;0.112500000000 ;0.125000000000 ;0.132500000000 ;0.135000000000 ;0.142500000000 ;0.145000000000 ;0.150000000000 ;0.140000000000 ;0.145000000000 ;0.145000000000 ;0.150000000000 ;0.157500000000 ;0.172500000000 ;0.195000000000 ;0.205000000000 ;0.217500000000 ;0.222500000000 ;0.230000000000 ;0.235000000000 ;0.230000000000 ;0.235000000000 ;0.235000000000 ;0.227500000000 ;0.237500000000 ;0.240000000000 ;0.242500000000 ;0.247500000000 ;0.227500000000 ;0.225000000000 ;0.215000000000 ;0.215000000000 ;0.215000000000 ;0.207500000000 ;0.202500000000 ;0.180000000000 ;0.152500000000 ;0.145000000000 ;0.137500000000 ;0.135000000000 ;0.117500000000 ;0.122500000000 ;0.127500000000 ;0.120000000000 ;0.125000000000 ;0.125000000000 ;0.112500000000 ;0.115000000000 ;0.102500000000 ;0.107500000000 ;0.105000000000 ;0.110000000000 ;0.110000000000 ;0.102500000000 ;0.112500000000 ;0.117500000000 ;0.107500000000 ;0.097500000000 ;0.082500000000 ;0.075000000000 ;0.062500000000 ;0.035000000000 ;0.020000000000 ;0.007500000000 ;0.000000000000 ;0.007500000000 ;0.037500000000 ;0.092500000000 ;0.160000000000 ;0.252500000000 ;0.355000000000 ;0.452500000000 ;0.550000000000 ;0.657500000000 ;0.747500000000 ;0.832500000000 ;0.902500000000 ;0.955000000000 ;0.987500000000 ;1.000000000000 ;1.000000000000 ;0.987500000000 ;0.962500000000 ;0.910000000000 ;0.850000000000 ;0.740000000000 ;0.592500000000 ;0.432500000000 ;0.280000000000 ;0.172500000000 ;0.115000000000 ;0.107500000000 ;0.122500000000 ;0.157500000000 ;0.182500000000 ;0.182500000000 ;0.167500000000 ;0.147500000000 ;0.122500000000 ;0.102500000000 ;0.082500000000 ;0.062500000000 ;0.057500000000 ;0.052500000000 ;0.065000000000 ;0.057500000000 ;0.070000000000 ;0.052500000000 ;0.055000000000 ;0.057500000000 ;0.065000000000 ;0.075000000000 ;0.077500000000 ;0.075000000000 ;0.075000000000 ;0.080000000000 ;0.080000000000 ;0.072500000000 ;0.065000000000 ;0.060000000000 ;0.055000000000 ;0.057500000000 ;0.060000000000 ;0.060000000000 ;0.062500000000 ;0.065000000000 ;0.067500000000 ;0.067500000000 ;0.062500000000 ;0.060000000000 ;0.057500000000 ;0.045000000000 ;0.052500000000 ;0.052500000000 ;0.052500000000 ;0.057500000000 ;0.060000000000 ;0.060000000000 ;0.060000000000 ;0.075000000000 ;0.072500000000 ;0.065000000000 ;0.060000000000 ;0.050000000000 ;0.057500000000 ;0.062500000000 ;0.062500000000 ;0.060000000000 ;0.062500000000 ;0.065000000000 ;0.075000000000 ;0.082500000000 ;0.077500000000 ;0.070000000000 ;0.067500000000 ;0.062500000000 ;0.065000000000 ;0.065000000000 ;0.087500000000 ;0.087500000000 ;0.077500000000 ;0.105000000000 ;0.107500000000 ;0.100000000000 ;0.107500000000 ;0.100000000000 ;0.092500000000 ;0.095000000000 ;0.097500000000 ;0.120000000000 ;0.117500000000 ;0.125000000000 ;0.125000000000 ;0.135000000000 ;0.137500000000 ;0.145000000000 ;0.142500000000 ;0.145000000000 ;0.140000000000 ;0.135000000000 ;0.135000000000 ;0.140000000000 ;0.150000000000 ;0.152500000000 ;0.152500000000 ;0.152500000000 ;0.145000000000 ;0.150000000000 ;0.150000000000 ;0.140000000000 ;0.142500000000 ;0.132500000000 ;0.135000000000 ;0.135000000000 ;0.137500000000 ;0.137500000000 ;0.150000000000 ;0.145000000000 ;0.145000000000 ;0.142500000000 ;0.145000000000 ;0.140000000000 ;0.127500000000 ;0.122500000000 ;0.125000000000 ;0.120000000000 ;0.130000000000 ;0.132500000000 ;0.117500000000 ;0.120000000000 ;
0.297297297297 ;0.295495495495 ;0.297297297297 ;0.293693693694 ;0.286486486486 ;0.282882882883 ;0.286486486486 ;0.282882882883 ;0.290090090090 ;0.293693693694 ;0.295495495495 ;0.297297297297 ;0.299099099099 ;0.299099099099 ;0.299099099099 ;0.293693693694 ;0.291891891892 ;0.290090090090 ;0.288288288288 ;0.288288288288 ;0.293693693694 ;0.297297297297 ;0.291891891892 ;0.293693693694 ;0.297297297297 ;0.295495495495 ;0.299099099099 ;0.295495495495 ;0.288288288288 ;0.293693693694 ;0.288288288288 ;0.290090090090 ;0.284684684685 ;0.290090090090 ;0.295495495495 ;0.304504504505 ;0.304504504505 ;0.302702702703 ;0.300900900901 ;0.297297297297 ;0.295495495495 ;0.295495495495 ;0.299099099099 ;0.302702702703 ;0.313513513514 ;0.318918918919 ;0.327927927928 ;0.342342342342 ;0.342342342342 ;0.353153153153 ;0.347747747748 ;0.347747747748 ;0.344144144144 ;0.344144144144 ;0.347747747748 ;0.347747747748 ;0.358558558559 ;0.363963963964 ;0.356756756757 ;0.358558558559 ;0.349549549550 ;0.349549549550 ;0.338738738739 ;0.333333333333 ;0.327927927928 ;0.324324324324 ;0.324324324324 ;0.324324324324 ;0.326126126126 ;0.322522522523 ;0.324324324324 ;0.313513513514 ;0.306306306306 ;0.295495495495 ;0.286486486486 ;0.286486486486 ;0.279279279279 ;0.270270270270 ;0.272072072072 ;0.263063063063 ;0.268468468468 ;0.270270270270 ;0.268468468468 ;0.272072072072 ;0.270270270270 ;0.272072072072 ;0.273873873874 ;0.275675675676 ;0.272072072072 ;0.266666666667 ;0.257657657658 ;0.259459459459 ;0.261261261261 ;0.268468468468 ;0.273873873874 ;0.275675675676 ;0.275675675676 ;0.273873873874 ;0.261261261261 ;0.266666666667 ;0.266666666667 ;0.259459459459 ;0.255855855856 ;0.264864864865 ;0.264864864865 ;0.270270270270 ;0.270270270270 ;0.273873873874 ;0.275675675676 ;0.277477477477 ;0.275675675676 ;0.272072072072 ;0.277477477477 ;0.277477477477 ;0.279279279279 ;0.281081081081 ;0.279279279279 ;0.291891891892 ;0.297297297297 ;0.309909909910 ;0.324324324324 ;0.345945945946 ;0.390990990991 ;0.448648648649 ;0.529729729730 ;0.614414414414 ;0.709909909910 ;0.800000000000 ;0.900900900901 ;0.976576576577 ;1.000000000000 ;0.954954954955 ;0.839639639640 ;0.673873873874 ;0.488288288288 ;0.295495495495 ;0.138738738739 ;0.037837837838 ;0.000000000000 ;0.016216216216 ;0.061261261261 ;0.117117117117 ;0.165765765766 ;0.187387387387 ;0.207207207207 ;0.218018018018 ;0.218018018018 ;0.230630630631 ;0.243243243243 ;0.252252252252 ;0.263063063063 ;0.268468468468 ;0.272072072072 ;0.279279279279 ;0.279279279279 ;0.281081081081 ;0.281081081081 ;0.279279279279 ;0.281081081081 ;0.279279279279 ;0.275675675676 ;0.273873873874 ;0.270270270270 ;0.275675675676 ;0.275675675676 ;0.282882882883 ;0.284684684685 ;0.286486486486 ;0.281081081081 ;0.277477477477 ;0.272072072072 ;0.277477477477 ;0.270270270270 ;0.275675675676 ;0.273873873874 ;0.270270270270 ;0.272072072072 ;0.279279279279 ;0.275675675676 ;0.277477477477 ;0.279279279279 ;0.282882882883 ;0.282882882883 ;0.273873873874 ;0.275675675676 ;0.273873873874 ;0.270270270270 ;0.273873873874 ;0.272072072072 ;0.273873873874 ;0.282882882883 ;0.288288288288 ;0.288288288288 ;0.291891891892 ;0.288288288288 ;0.279279279279 ;0.281081081081 ;0.282882882883 ;0.277477477477 ;0.279279279279 ;0.282882882883 ;0.288288288288 ;0.291891891892 ;0.293693693694 ;0.293693693694 ;0.295495495495 ;0.293693693694 ;0.290090090090 ;0.291891891892 ;0.288288288288 ;0.290090090090 ;0.290090090090 ;0.290090090090 ;0.300900900901 ;0.304504504505 ;0.306306306306 ;0.309909909910 ;0.313513513514 ;0.320720720721 ;0.317117117117 ;0.318918918919 ;0.315315315315 ;0.317117117117 ;0.318918918919 ;0.326126126126 ;0.329729729730 ;0.336936936937 ;0.344144144144 ;0.351351351351 ;0.353153153153 ;0.354954954955 ;0.353153153153 ;0.356756756757 ;0.354954954955 ;0.360360360360 ;0.360360360360 ;0.367567567568 ;0.376576576577 ;0.385585585586 ;0.392792792793 ;0.394594594595 ;0.398198198198 ;0.396396396396 ;0.398198198198 ;0.396396396396 ;0.401801801802 ;0.401801801802 ;0.401801801802 ;0.396396396396 ;0.400000000000 ;0.407207207207 ;0.407207207207 ;0.407207207207 ;0.412612612613 ;0.400000000000 ;0.400000000000 ;0.394594594595 ;0.383783783784 ;0.376576576577 ;0.371171171171 ;
0.285472972973 ;0.287162162162 ;0.287162162162 ;0.282094594595 ;0.275337837838 ;0.282094594595 ;0.282094594595 ;0.282094594595 ;0.287162162162 ;0.290540540541 ;0.288851351351 ;0.292229729730 ;0.290540540541 ;0.292229729730 ;0.290540540541 ;0.287162162162 ;0.287162162162 ;0.282094594595 ;0.278716216216 ;0.280405405405 ;0.282094594595 ;0.282094594595 ;0.288851351351 ;0.288851351351 ;0.290540540541 ;0.287162162162 ;0.290540540541 ;0.287162162162 ;0.285472972973 ;0.280405405405 ;0.280405405405 ;0.287162162162 ;0.290540540541 ;0.292229729730 ;0.288851351351 ;0.293918918919 ;0.290540540541 ;0.300675675676 ;0.298986486486 ;0.300675675676 ;0.304054054054 ;0.307432432432 ;0.310810810811 ;0.312500000000 ;0.320945945946 ;0.332770270270 ;0.336148648649 ;0.339527027027 ;0.339527027027 ;0.342905405405 ;0.342905405405 ;0.341216216216 ;0.349662162162 ;0.356418918919 ;0.358108108108 ;0.358108108108 ;0.358108108108 ;0.359797297297 ;0.356418918919 ;0.353040540541 ;0.349662162162 ;0.349662162162 ;0.341216216216 ;0.332770270270 ;0.329391891892 ;0.329391891892 ;0.327702702703 ;0.322635135135 ;0.320945945946 ;0.320945945946 ;0.315878378378 ;0.314189189189 ;0.305743243243 ;0.297297297297 ;0.287162162162 ;0.280405405405 ;0.275337837838 ;0.266891891892 ;0.268581081081 ;0.265202702703 ;0.266891891892 ;0.271959459459 ;0.268581081081 ;0.273648648649 ;0.266891891892 ;0.271959459459 ;0.271959459459 ;0.265202702703 ;0.266891891892 ;0.265202702703 ;0.265202702703 ;0.263513513514 ;0.261824324324 ;0.265202702703 ;0.266891891892 ;0.270270270270 ;0.275337837838 ;0.273648648649 ;0.271959459459 ;0.268581081081 ;0.268581081081 ;0.260135135135 ;0.266891891892 ;0.263513513514 ;0.270270270270 ;0.273648648649 ;0.277027027027 ;0.282094594595 ;0.283783783784 ;0.280405405405 ;0.285472972973 ;0.277027027027 ;0.277027027027 ;0.283783783784 ;0.283783783784 ;0.285472972973 ;0.290540540541 ;0.300675675676 ;0.312500000000 ;0.324324324324 ;0.344594594595 ;0.373310810811 ;0.422297297297 ;0.488175675676 ;0.565878378378 ;0.648648648649 ;0.728040540541 ;0.819256756757 ;0.907094594595 ;0.974662162162 ;1.000000000000 ;0.966216216216 ;0.873310810811 ;0.724662162162 ;0.538851351351 ;0.336148648649 ;0.163851351351 ;0.047297297297 ;0.000000000000 ;0.025337837838 ;0.087837837838 ;0.163851351351 ;0.222972972973 ;0.256756756757 ;0.266891891892 ;0.266891891892 ;0.258445945946 ;0.260135135135 ;0.260135135135 ;0.268581081081 ;0.273648648649 ;0.278716216216 ;0.278716216216 ;0.273648648649 ;0.277027027027 ;0.282094594595 ;0.282094594595 ;0.285472972973 ;0.283783783784 ;0.285472972973 ;0.278716216216 ;0.278716216216 ;0.278716216216 ;0.277027027027 ;0.268581081081 ;0.275337837838 ;0.278716216216 ;0.287162162162 ;0.283783783784 ;0.283783783784 ;0.285472972973 ;0.282094594595 ;0.275337837838 ;0.277027027027 ;0.273648648649 ;0.280405405405 ;0.278716216216 ;0.277027027027 ;0.285472972973 ;0.287162162162 ;0.287162162162 ;0.285472972973 ;0.288851351351 ;0.282094594595 ;0.282094594595 ;0.280405405405 ;0.280405405405 ;0.282094594595 ;0.282094594595 ;0.288851351351 ;0.285472972973 ;0.292229729730 ;0.288851351351 ;0.295608108108 ;0.295608108108 ;0.293918918919 ;0.290540540541 ;0.290540540541 ;0.295608108108 ;0.297297297297 ;0.300675675676 ;0.305743243243 ;0.312500000000 ;0.312500000000 ;0.315878378378 ;0.315878378378 ;0.314189189189 ;0.314189189189 ;0.315878378378 ;0.314189189189 ;0.307432432432 ;0.314189189189 ;0.312500000000 ;0.319256756757 ;0.324324324324 ;0.327702702703 ;0.332770270270 ;0.327702702703 ;0.332770270270 ;0.334459459459 ;0.332770270270 ;0.336148648649 ;0.337837837838 ;0.341216216216 ;0.353040540541 ;0.359797297297 ;0.364864864865 ;0.368243243243 ;0.373310810811 ;0.376689189189 ;0.381756756757 ;0.381756756757 ;0.383445945946 ;0.386824324324 ;0.395270270270 ;0.396959459459 ;0.398648648649 ;0.410472972973 ;0.415540540541 ;0.422297297297 ;0.425675675676 ;0.430743243243 ;0.430743243243 ;0.429054054054 ;0.429054054054 ;0.430743243243 ;0.425675675676 ;0.429054054054 ;0.427364864865 ;0.429054054054 ;0.432432432432 ;0.427364864865 ;0.429054054054 ;0.425675675676 ;0.420608108108 ;0.410472972973 ;0.403716216216 ;0.390202702703 ;0.385135135135 ;0.383445945946 ;
0.222570532915 ;0.169278996865 ;0.137931034483 ;0.134796238245 ;0.147335423197 ;0.153605015674 ;0.163009404389 ;0.175548589342 ;0.175548589342 ;0.172413793103 ;0.159874608150 ;0.147335423197 ;0.144200626959 ;0.144200626959 ;0.156739811912 ;0.169278996865 ;0.166144200627 ;0.163009404389 ;0.153605015674 ;0.156739811912 ;0.163009404389 ;0.163009404389 ;0.166144200627 ;0.159874608150 ;0.147335423197 ;0.137931034483 ;0.150470219436 ;0.147335423197 ;0.150470219436 ;0.141065830721 ;0.144200626959 ;0.144200626959 ;0.150470219436 ;0.153605015674 ;0.159874608150 ;0.150470219436 ;0.141065830721 ;0.137931034483 ;0.147335423197 ;0.153605015674 ;0.159874608150 ;0.150470219436 ;0.144200626959 ;0.141065830721 ;0.156739811912 ;0.159874608150 ;0.153605015674 ;0.166144200627 ;0.169278996865 ;0.175548589342 ;0.181818181818 ;0.188087774295 ;0.184952978056 ;0.172413793103 ;0.172413793103 ;0.197492163009 ;0.200626959248 ;0.216300940439 ;0.206896551724 ;0.210031347962 ;0.200626959248 ;0.194357366771 ;0.197492163009 ;0.197492163009 ;0.188087774295 ;0.169278996865 ;0.156739811912 ;0.159874608150 ;0.166144200627 ;0.166144200627 ;0.166144200627 ;0.166144200627 ;0.159874608150 ;0.172413793103 ;0.175548589342 ;0.178683385580 ;0.178683385580 ;0.178683385580 ;0.175548589342 ;0.178683385580 ;0.181818181818 ;0.184952978056 ;0.181818181818 ;0.181818181818 ;0.181818181818 ;0.184952978056 ;0.188087774295 ;0.191222570533 ;0.181818181818 ;0.169278996865 ;0.156739811912 ;0.159874608150 ;0.159874608150 ;0.175548589342 ;0.181818181818 ;0.178683385580 ;0.172413793103 ;0.172413793103 ;0.178683385580 ;0.181818181818 ;0.172413793103 ;0.169278996865 ;0.156739811912 ;0.156739811912 ;0.159874608150 ;0.172413793103 ;0.178683385580 ;0.175548589342 ;0.159874608150 ;0.172413793103 ;0.175548589342 ;0.178683385580 ;0.163009404389 ;0.150470219436 ;0.144200626959 ;0.163009404389 ;0.206896551724 ;0.238244514107 ;0.288401253918 ;0.344827586207 ;0.394984326019 ;0.460815047022 ;0.514106583072 ;0.570532915361 ;0.617554858934 ;0.705329153605 ;0.786833855799 ;0.874608150470 ;0.952978056426 ;1.000000000000 ;0.993730407524 ;0.949843260188 ;0.887147335423 ;0.799373040752 ;0.655172413793 ;0.438871473354 ;0.235109717868 ;0.097178683386 ;0.021943573668 ;0.000000000000 ;0.006269592476 ;0.025078369906 ;0.047021943574 ;0.062695924765 ;0.084639498433 ;0.097178683386 ;0.106583072100 ;0.106583072100 ;0.100313479624 ;0.087774294671 ;0.075235109718 ;0.078369905956 ;0.075235109718 ;0.072100313480 ;0.078369905956 ;0.081504702194 ;0.084639498433 ;0.106583072100 ;0.115987460815 ;0.131661442006 ;0.122257053292 ;0.115987460815 ;0.112852664577 ;0.112852664577 ;0.119122257053 ;0.115987460815 ;0.115987460815 ;0.112852664577 ;0.103448275862 ;0.109717868339 ;0.115987460815 ;0.109717868339 ;0.109717868339 ;0.103448275862 ;0.106583072100 ;0.109717868339 ;0.115987460815 ;0.122257053292 ;0.125391849530 ;0.125391849530 ;0.112852664577 ;0.119122257053 ;0.125391849530 ;0.125391849530 ;0.131661442006 ;0.119122257053 ;0.115987460815 ;0.128526645768 ;0.134796238245 ;0.144200626959 ;0.141065830721 ;0.144200626959 ;0.144200626959 ;0.153605015674 ;0.163009404389 ;0.166144200627 ;0.163009404389 ;0.169278996865 ;0.175548589342 ;0.184952978056 ;0.194357366771 ;0.200626959248 ;0.203761755486 ;0.194357366771 ;0.194357366771 ;0.197492163009 ;0.200626959248 ;0.206896551724 ;0.213166144201 ;0.222570532915 ;0.231974921630 ;0.244514106583 ;0.241379310345 ;0.228840125392 ;0.231974921630 ;0.228840125392 ;0.228840125392 ;0.222570532915 ;0.225705329154 ;0.231974921630 ;0.238244514107 ;0.238244514107 ;0.238244514107 ;0.244514106583 ;0.253918495298 ;0.250783699060 ;0.257053291536 ;0.250783699060 ;0.244514106583 ;0.235109717868 ;0.241379310345 ;0.247648902821 ;0.238244514107 ;0.238244514107 ;0.219435736677 ;0.216300940439 ;0.225705329154 ;0.222570532915 ;0.213166144201 ;0.206896551724 ;0.191222570533 ;0.194357366771 ;0.197492163009 ;0.200626959248 ;0.194357366771 ;0.184952978056 ;0.181818181818 ;0.181818181818 ;0.188087774295 ;0.188087774295 ;0.178683385580 ;0.169278996865 ;0.163009404389 ;0.169278996865 ;0.172413793103 ;0.169278996865 ;0.166144200627 ;0.163009404389 ;0.153605015674 ;0.159874608150 ;
0.329931972789 ;0.343537414966 ;0.357142857143 ;0.353741496599 ;0.340136054422 ;0.312925170068 ;0.302721088435 ;0.299319727891 ;0.312925170068 ;0.323129251701 ;0.333333333333 ;0.343537414966 ;0.336734693878 ;0.329931972789 ;0.340136054422 ;0.336734693878 ;0.336734693878 ;0.333333333333 ;0.326530612245 ;0.329931972789 ;0.333333333333 ;0.340136054422 ;0.336734693878 ;0.329931972789 ;0.319727891156 ;0.312925170068 ;0.306122448980 ;0.319727891156 ;0.326530612245 ;0.329931972789 ;0.323129251701 ;0.309523809524 ;0.306122448980 ;0.309523809524 ;0.312925170068 ;0.319727891156 ;0.316326530612 ;0.299319727891 ;0.309523809524 ;0.319727891156 ;0.323129251701 ;0.326530612245 ;0.333333333333 ;0.333333333333 ;0.357142857143 ;0.360544217687 ;0.353741496599 ;0.333333333333 ;0.323129251701 ;0.326530612245 ;0.346938775510 ;0.357142857143 ;0.360544217687 ;0.357142857143 ;0.360544217687 ;0.350340136054 ;0.340136054422 ;0.357142857143 ;0.357142857143 ;0.343537414966 ;0.340136054422 ;0.323129251701 ;0.329931972789 ;0.333333333333 ;0.326530612245 ;0.319727891156 ;0.309523809524 ;0.306122448980 ;0.306122448980 ;0.306122448980 ;0.312925170068 ;0.319727891156 ;0.319727891156 ;0.309523809524 ;0.323129251701 ;0.319727891156 ;0.319727891156 ;0.309523809524 ;0.309523809524 ;0.312925170068 ;0.312925170068 ;0.329931972789 ;0.326530612245 ;0.329931972789 ;0.323129251701 ;0.309523809524 ;0.312925170068 ;0.309523809524 ;0.312925170068 ;0.306122448980 ;0.289115646259 ;0.272108843537 ;0.272108843537 ;0.272108843537 ;0.282312925170 ;0.282312925170 ;0.282312925170 ;0.278911564626 ;0.268707482993 ;0.272108843537 ;0.278911564626 ;0.289115646259 ;0.285714285714 ;0.289115646259 ;0.299319727891 ;0.309523809524 ;0.302721088435 ;0.295918367347 ;0.302721088435 ;0.323129251701 ;0.350340136054 ;0.357142857143 ;0.343537414966 ;0.326530612245 ;0.295918367347 ;0.285714285714 ;0.272108843537 ;0.289115646259 ;0.319727891156 ;0.377551020408 ;0.431972789116 ;0.482993197279 ;0.554421768707 ;0.625850340136 ;0.700680272109 ;0.758503401361 ;0.806122448980 ;0.857142857143 ;0.925170068027 ;0.972789115646 ;1.000000000000 ;0.976190476190 ;0.908163265306 ;0.840136054422 ;0.744897959184 ;0.561224489796 ;0.326530612245 ;0.156462585034 ;0.054421768707 ;0.013605442177 ;0.000000000000 ;0.013605442177 ;0.051020408163 ;0.091836734694 ;0.108843537415 ;0.105442176871 ;0.129251700680 ;0.159863945578 ;0.193877551020 ;0.214285714286 ;0.217687074830 ;0.204081632653 ;0.197278911565 ;0.200680272109 ;0.207482993197 ;0.207482993197 ;0.204081632653 ;0.204081632653 ;0.210884353741 ;0.227891156463 ;0.241496598639 ;0.244897959184 ;0.224489795918 ;0.210884353741 ;0.210884353741 ;0.224489795918 ;0.234693877551 ;0.234693877551 ;0.227891156463 ;0.221088435374 ;0.207482993197 ;0.231292517007 ;0.244897959184 ;0.255102040816 ;0.248299319728 ;0.224489795918 ;0.234693877551 ;0.241496598639 ;0.241496598639 ;0.238095238095 ;0.234693877551 ;0.234693877551 ;0.248299319728 ;0.255102040816 ;0.251700680272 ;0.244897959184 ;0.248299319728 ;0.244897959184 ;0.244897959184 ;0.255102040816 ;0.258503401361 ;0.248299319728 ;0.248299319728 ;0.241496598639 ;0.241496598639 ;0.251700680272 ;0.251700680272 ;0.268707482993 ;0.275510204082 ;0.268707482993 ;0.258503401361 ;0.258503401361 ;0.258503401361 ;0.261904761905 ;0.261904761905 ;0.261904761905 ;0.272108843537 ;0.278911564626 ;0.299319727891 ;0.306122448980 ;0.309523809524 ;0.319727891156 ;0.336734693878 ;0.336734693878 ;0.306122448980 ;0.261904761905 ;0.234693877551 ;0.234693877551 ;0.238095238095 ;0.258503401361 ;0.282312925170 ;0.302721088435 ;0.306122448980 ;0.299319727891 ;0.299319727891 ;0.302721088435 ;0.312925170068 ;0.329931972789 ;0.343537414966 ;0.353741496599 ;0.360544217687 ;0.343537414966 ;0.333333333333 ;0.316326530612 ;0.306122448980 ;0.309523809524 ;0.323129251701 ;0.350340136054 ;0.363945578231 ;0.377551020408 ;0.384353741497 ;0.387755102041 ;0.394557823129 ;0.397959183673 ;0.384353741497 ;0.357142857143 ;0.316326530612 ;0.292517006803 ;0.289115646259 ;0.295918367347 ;0.312925170068 ;0.326530612245 ;0.329931972789 ;0.329931972789 ;0.329931972789 ;0.333333333333 ;0.326530612245 ;0.319727891156 ;0.312925170068 ;0.319727891156 ;
0.156626506024 ;0.156626506024 ;0.152610441767 ;0.144578313253 ;0.144578313253 ;0.140562248996 ;0.128514056225 ;0.104417670683 ;0.100401606426 ;0.092369477912 ;0.092369477912 ;0.092369477912 ;0.088353413655 ;0.068273092369 ;0.056224899598 ;0.056224899598 ;0.056224899598 ;0.060240963855 ;0.052208835341 ;0.048192771084 ;0.040160642570 ;0.040160642570 ;0.040160642570 ;0.044176706827 ;0.040160642570 ;0.036144578313 ;0.024096385542 ;0.032128514056 ;0.040160642570 ;0.048192771084 ;0.044176706827 ;0.040160642570 ;0.040160642570 ;0.048192771084 ;0.056224899598 ;0.064257028112 ;0.056224899598 ;0.056224899598 ;0.040160642570 ;0.040160642570 ;0.044176706827 ;0.048192771084 ;0.052208835341 ;0.048192771084 ;0.040160642570 ;0.044176706827 ;0.048192771084 ;0.052208835341 ;0.060240963855 ;0.064257028112 ;0.064257028112 ;0.060240963855 ;0.080321285141 ;0.080321285141 ;0.088353413655 ;0.084337349398 ;0.076305220884 ;0.072289156627 ;0.076305220884 ;0.076305220884 ;0.072289156627 ;0.072289156627 ;0.060240963855 ;0.068273092369 ;0.076305220884 ;0.088353413655 ;0.076305220884 ;0.076305220884 ;0.064257028112 ;0.068273092369 ;0.080321285141 ;0.072289156627 ;0.080321285141 ;0.064257028112 ;0.040160642570 ;0.048192771084 ;0.048192771084 ;0.060240963855 ;0.048192771084 ;0.040160642570 ;0.028112449799 ;0.032128514056 ;0.040160642570 ;0.048192771084 ;0.044176706827 ;0.032128514056 ;0.028112449799 ;0.032128514056 ;0.040160642570 ;0.044176706827 ;0.036144578313 ;0.040160642570 ;0.040160642570 ;0.048192771084 ;0.052208835341 ;0.060240963855 ;0.064257028112 ;0.056224899598 ;0.048192771084 ;0.056224899598 ;0.056224899598 ;0.072289156627 ;0.064257028112 ;0.056224899598 ;0.048192771084 ;0.060240963855 ;0.068273092369 ;0.068273092369 ;0.068273092369 ;0.076305220884 ;0.076305220884 ;0.088353413655 ;0.104417670683 ;0.112449799197 ;0.120481927711 ;0.116465863454 ;0.120481927711 ;0.152610441767 ;0.160642570281 ;0.188755020080 ;0.228915662651 ;0.289156626506 ;0.369477911647 ;0.453815261044 ;0.550200803213 ;0.646586345382 ;0.730923694779 ;0.819277108434 ;0.879518072289 ;0.951807228916 ;1.000000000000 ;0.983935742972 ;0.895582329317 ;0.771084337349 ;0.602409638554 ;0.429718875502 ;0.285140562249 ;0.172690763052 ;0.096385542169 ;0.036144578313 ;0.016064257028 ;0.020080321285 ;0.052208835341 ;0.068273092369 ;0.080321285141 ;0.060240963855 ;0.040160642570 ;0.028112449799 ;0.020080321285 ;0.020080321285 ;0.024096385542 ;0.012048192771 ;0.004016064257 ;0.004016064257 ;0.008032128514 ;0.016064257028 ;0.016064257028 ;0.004016064257 ;0.000000000000 ;0.004016064257 ;0.020080321285 ;0.040160642570 ;0.048192771084 ;0.032128514056 ;0.032128514056 ;0.040160642570 ;0.040160642570 ;0.044176706827 ;0.036144578313 ;0.032128514056 ;0.024096385542 ;0.024096385542 ;0.040160642570 ;0.040160642570 ;0.036144578313 ;0.032128514056 ;0.024096385542 ;0.020080321285 ;0.024096385542 ;0.032128514056 ;0.028112449799 ;0.012048192771 ;0.016064257028 ;0.020080321285 ;0.028112449799 ;0.036144578313 ;0.040160642570 ;0.036144578313 ;0.024096385542 ;0.032128514056 ;0.040160642570 ;0.048192771084 ;0.048192771084 ;0.056224899598 ;0.048192771084 ;0.056224899598 ;0.068273092369 ;0.080321285141 ;0.080321285141 ;0.076305220884 ;0.076305220884 ;0.080321285141 ;0.088353413655 ;0.100401606426 ;0.104417670683 ;0.104417670683 ;0.104417670683 ;0.112449799197 ;0.124497991968 ;0.140562248996 ;0.140562248996 ;0.140562248996 ;0.144578313253 ;0.156626506024 ;0.168674698795 ;0.176706827309 ;0.184738955823 ;0.164658634538 ;0.148594377510 ;0.144578313253 ;0.136546184739 ;0.144578313253 ;0.120481927711 ;0.104417670683 ;0.088353413655 ;0.084337349398 ;0.080321285141 ;0.084337349398 ;0.068273092369 ;0.056224899598 ;0.048192771084 ;0.048192771084 ;0.056224899598 ;0.052208835341 ;0.048192771084 ;0.028112449799 ;0.024096385542 ;0.032128514056 ;0.040160642570 ;0.032128514056 ;0.044176706827 ;0.036144578313 ;0.024096385542 ;0.036144578313 ;0.048192771084 ;0.044176706827 ;0.044176706827 ;0.044176706827 ;0.044176706827 ;0.040160642570 ;0.052208835341 ;0.056224899598 ;0.060240963855 ;0.056224899598 ;0.056224899598 ;0.056224899598 ;0.064257028112 ;0.064257028112 ;0.064257028112 ;0.068273092369 ;
0.032388663968 ;0.016194331984 ;0.020242914980 ;0.032388663968 ;0.032388663968 ;0.032388663968 ;0.024291497976 ;0.024291497976 ;0.020242914980 ;0.028340080972 ;0.032388663968 ;0.028340080972 ;0.024291497976 ;0.020242914980 ;0.020242914980 ;0.032388663968 ;0.032388663968 ;0.028340080972 ;0.032388663968 ;0.032388663968 ;0.028340080972 ;0.028340080972 ;0.032388663968 ;0.036437246964 ;0.024291497976 ;0.024291497976 ;0.020242914980 ;0.024291497976 ;0.032388663968 ;0.036437246964 ;0.024291497976 ;0.024291497976 ;0.024291497976 ;0.036437246964 ;0.036437246964 ;0.036437246964 ;0.032388663968 ;0.028340080972 ;0.028340080972 ;0.040485829960 ;0.036437246964 ;0.028340080972 ;0.040485829960 ;0.040485829960 ;0.040485829960 ;0.044534412955 ;0.048582995951 ;0.044534412955 ;0.048582995951 ;0.052631578947 ;0.056680161943 ;0.076923076923 ;0.080971659919 ;0.080971659919 ;0.080971659919 ;0.089068825911 ;0.080971659919 ;0.101214574899 ;0.097165991903 ;0.117408906883 ;0.117408906883 ;0.117408906883 ;0.113360323887 ;0.133603238866 ;0.141700404858 ;0.145748987854 ;0.133603238866 ;0.125506072874 ;0.109311740891 ;0.113360323887 ;0.113360323887 ;0.105263157895 ;0.097165991903 ;0.089068825911 ;0.089068825911 ;0.093117408907 ;0.089068825911 ;0.076923076923 ;0.072874493927 ;0.056680161943 ;0.044534412955 ;0.044534412955 ;0.040485829960 ;0.032388663968 ;0.032388663968 ;0.028340080972 ;0.024291497976 ;0.032388663968 ;0.032388663968 ;0.032388663968 ;0.024291497976 ;0.024291497976 ;0.020242914980 ;0.020242914980 ;0.024291497976 ;0.024291497976 ;0.032388663968 ;0.028340080972 ;0.024291497976 ;0.020242914980 ;0.028340080972 ;0.020242914980 ;0.036437246964 ;0.032388663968 ;0.028340080972 ;0.032388663968 ;0.032388663968 ;0.036437246964 ;0.032388663968 ;0.028340080972 ;0.032388663968 ;0.040485829960 ;0.052631578947 ;0.048582995951 ;0.056680161943 ;0.056680161943 ;0.072874493927 ;0.089068825911 ;0.109311740891 ;0.121457489879 ;0.145748987854 ;0.210526315789 ;0.279352226721 ;0.380566801619 ;0.481781376518 ;0.578947368421 ;0.672064777328 ;0.748987854251 ;0.825910931174 ;0.939271255061 ;1.000000000000 ;1.000000000000 ;0.906882591093 ;0.757085020243 ;0.578947368421 ;0.412955465587 ;0.267206477733 ;0.165991902834 ;0.085020242915 ;0.024291497976 ;0.000000000000 ;0.016194331984 ;0.040485829960 ;0.064777327935 ;0.076923076923 ;0.060728744939 ;0.060728744939 ;0.056680161943 ;0.044534412955 ;0.044534412955 ;0.032388663968 ;0.032388663968 ;0.016194331984 ;0.024291497976 ;0.024291497976 ;0.028340080972 ;0.020242914980 ;0.012145748988 ;0.020242914980 ;0.028340080972 ;0.036437246964 ;0.028340080972 ;0.020242914980 ;0.016194331984 ;0.016194331984 ;0.024291497976 ;0.032388663968 ;0.032388663968 ;0.032388663968 ;0.028340080972 ;0.024291497976 ;0.032388663968 ;0.040485829960 ;0.044534412955 ;0.036437246964 ;0.032388663968 ;0.036437246964 ;0.052631578947 ;0.056680161943 ;0.052631578947 ;0.044534412955 ;0.040485829960 ;0.040485829960 ;0.052631578947 ;0.060728744939 ;0.064777327935 ;0.056680161943 ;0.060728744939 ;0.056680161943 ;0.072874493927 ;0.076923076923 ;0.076923076923 ;0.068825910931 ;0.068825910931 ;0.072874493927 ;0.080971659919 ;0.097165991903 ;0.097165991903 ;0.097165991903 ;0.105263157895 ;0.101214574899 ;0.113360323887 ;0.121457489879 ;0.125506072874 ;0.125506072874 ;0.121457489879 ;0.125506072874 ;0.133603238866 ;0.149797570850 ;0.157894736842 ;0.153846153846 ;0.137651821862 ;0.149797570850 ;0.170040485830 ;0.182186234818 ;0.194331983806 ;0.198380566802 ;0.190283400810 ;0.190283400810 ;0.206477732794 ;0.222672064777 ;0.234817813765 ;0.230769230769 ;0.230769230769 ;0.226720647773 ;0.238866396761 ;0.255060728745 ;0.259109311741 ;0.271255060729 ;0.263157894737 ;0.263157894737 ;0.271255060729 ;0.287449392713 ;0.291497975709 ;0.295546558704 ;0.283400809717 ;0.275303643725 ;0.271255060729 ;0.279352226721 ;0.271255060729 ;0.263157894737 ;0.255060728745 ;0.238866396761 ;0.234817813765 ;0.230769230769 ;0.226720647773 ;0.210526315789 ;0.194331983806 ;0.178137651822 ;0.170040485830 ;0.165991902834 ;0.161943319838 ;0.153846153846 ;0.133603238866 ;0.121457489879 ;0.117408906883 ;0.117408906883 ;0.109311740891 ;0.105263157895 ;0.097165991903 ;
0.034220532319 ;0.034220532319 ;0.022813688213 ;0.019011406844 ;0.019011406844 ;0.026615969582 ;0.026615969582 ;0.019011406844 ;0.003802281369 ;0.015209125475 ;0.015209125475 ;0.022813688213 ;0.022813688213 ;0.026615969582 ;0.026615969582 ;0.019011406844 ;0.026615969582 ;0.034220532319 ;0.034220532319 ;0.022813688213 ;0.022813688213 ;0.003802281369 ;0.007604562738 ;0.019011406844 ;0.030418250951 ;0.030418250951 ;0.022813688213 ;0.015209125475 ;0.019011406844 ;0.034220532319 ;0.022813688213 ;0.019011406844 ;0.015209125475 ;0.022813688213 ;0.019011406844 ;0.026615969582 ;0.041825095057 ;0.026615969582 ;0.019011406844 ;0.019011406844 ;0.007604562738 ;0.030418250951 ;0.034220532319 ;0.034220532319 ;0.022813688213 ;0.022813688213 ;0.026615969582 ;0.045627376426 ;0.041825095057 ;0.045627376426 ;0.038022813688 ;0.030418250951 ;0.041825095057 ;0.049429657795 ;0.045627376426 ;0.045627376426 ;0.034220532319 ;0.034220532319 ;0.038022813688 ;0.049429657795 ;0.045627376426 ;0.049429657795 ;0.034220532319 ;0.045627376426 ;0.049429657795 ;0.049429657795 ;0.049429657795 ;0.041825095057 ;0.034220532319 ;0.030418250951 ;0.045627376426 ;0.060836501901 ;0.072243346008 ;0.076045627376 ;0.068441064639 ;0.064638783270 ;0.091254752852 ;0.098859315589 ;0.098859315589 ;0.095057034221 ;0.083650190114 ;0.076045627376 ;0.083650190114 ;0.087452471483 ;0.083650190114 ;0.068441064639 ;0.060836501901 ;0.049429657795 ;0.053231939163 ;0.053231939163 ;0.045627376426 ;0.034220532319 ;0.034220532319 ;0.030418250951 ;0.034220532319 ;0.045627376426 ;0.045627376426 ;0.045627376426 ;0.034220532319 ;0.030418250951 ;0.030418250951 ;0.045627376426 ;0.045627376426 ;0.049429657795 ;0.030418250951 ;0.038022813688 ;0.045627376426 ;0.057034220532 ;0.060836501901 ;0.049429657795 ;0.060836501901 ;0.041825095057 ;0.072243346008 ;0.083650190114 ;0.106463878327 ;0.110266159696 ;0.114068441065 ;0.121673003802 ;0.159695817490 ;0.212927756654 ;0.269961977186 ;0.330798479087 ;0.418250950570 ;0.486692015209 ;0.589353612167 ;0.692015209125 ;0.779467680608 ;0.840304182510 ;0.912547528517 ;0.973384030418 ;1.000000000000 ;0.980988593156 ;0.889733840304 ;0.764258555133 ;0.608365019011 ;0.479087452471 ;0.372623574144 ;0.277566539924 ;0.205323193916 ;0.140684410646 ;0.106463878327 ;0.110266159696 ;0.114068441065 ;0.121673003802 ;0.114068441065 ;0.091254752852 ;0.072243346008 ;0.057034220532 ;0.053231939163 ;0.060836501901 ;0.049429657795 ;0.045627376426 ;0.026615969582 ;0.000000000000 ;0.022813688213 ;0.030418250951 ;0.026615969582 ;0.022813688213 ;0.007604562738 ;0.000000000000 ;0.007604562738 ;0.015209125475 ;0.015209125475 ;0.022813688213 ;0.015209125475 ;0.007604562738 ;0.015209125475 ;0.019011406844 ;0.030418250951 ;0.026615969582 ;0.015209125475 ;0.015209125475 ;0.015209125475 ;0.034220532319 ;0.034220532319 ;0.038022813688 ;0.026615969582 ;0.026615969582 ;0.030418250951 ;0.041825095057 ;0.045627376426 ;0.045627376426 ;0.038022813688 ;0.022813688213 ;0.045627376426 ;0.060836501901 ;0.064638783270 ;0.057034220532 ;0.045627376426 ;0.057034220532 ;0.060836501901 ;0.064638783270 ;0.076045627376 ;0.076045627376 ;0.072243346008 ;0.083650190114 ;0.091254752852 ;0.110266159696 ;0.117870722433 ;0.110266159696 ;0.102661596958 ;0.102661596958 ;0.114068441065 ;0.133079847909 ;0.144486692015 ;0.148288973384 ;0.144486692015 ;0.144486692015 ;0.159695817490 ;0.186311787072 ;0.197718631179 ;0.190114068441 ;0.182509505703 ;0.197718631179 ;0.224334600760 ;0.235741444867 ;0.239543726236 ;0.231939163498 ;0.235741444867 ;0.243346007605 ;0.258555133080 ;0.273764258555 ;0.285171102662 ;0.285171102662 ;0.281368821293 ;0.281368821293 ;0.292775665399 ;0.307984790875 ;0.319391634981 ;0.311787072243 ;0.300380228137 ;0.288973384030 ;0.288973384030 ;0.285171102662 ;0.281368821293 ;0.262357414449 ;0.247148288973 ;0.239543726236 ;0.212927756654 ;0.209125475285 ;0.205323193916 ;0.190114068441 ;0.155893536122 ;0.140684410646 ;0.140684410646 ;0.129277566540 ;0.121673003802 ;0.098859315589 ;0.076045627376 ;0.060836501901 ;0.057034220532 ;0.068441064639 ;0.064638783270 ;0.060836501901 ;0.038022813688 ;0.030418250951 ;0.030418250951 ;0.041825095057 ;0.041825095057 ;0.030418250951 ;
0.082627118644 ;0.082627118644 ;0.084745762712 ;0.084745762712 ;0.080508474576 ;0.076271186441 ;0.067796610169 ;0.076271186441 ;0.069915254237 ;0.076271186441 ;0.069915254237 ;0.065677966102 ;0.063559322034 ;0.061440677966 ;0.072033898305 ;0.080508474576 ;0.074152542373 ;0.072033898305 ;0.069915254237 ;0.076271186441 ;0.086864406780 ;0.082627118644 ;0.093220338983 ;0.086864406780 ;0.088983050847 ;0.088983050847 ;0.101694915254 ;0.103813559322 ;0.103813559322 ;0.103813559322 ;0.097457627119 ;0.108050847458 ;0.118644067797 ;0.127118644068 ;0.127118644068 ;0.116525423729 ;0.118644067797 ;0.125000000000 ;0.133474576271 ;0.135593220339 ;0.131355932203 ;0.122881355932 ;0.114406779661 ;0.122881355932 ;0.125000000000 ;0.129237288136 ;0.129237288136 ;0.125000000000 ;0.116525423729 ;0.125000000000 ;0.129237288136 ;0.133474576271 ;0.129237288136 ;0.122881355932 ;0.120762711864 ;0.125000000000 ;0.129237288136 ;0.131355932203 ;0.127118644068 ;0.116525423729 ;0.112288135593 ;0.114406779661 ;0.125000000000 ;0.122881355932 ;0.116525423729 ;0.110169491525 ;0.103813559322 ;0.110169491525 ;0.116525423729 ;0.122881355932 ;0.125000000000 ;0.114406779661 ;0.110169491525 ;0.114406779661 ;0.112288135593 ;0.114406779661 ;0.112288135593 ;0.101694915254 ;0.097457627119 ;0.097457627119 ;0.105932203390 ;0.105932203390 ;0.095338983051 ;0.095338983051 ;0.084745762712 ;0.082627118644 ;0.086864406780 ;0.086864406780 ;0.080508474576 ;0.078389830508 ;0.078389830508 ;0.072033898305 ;0.078389830508 ;0.084745762712 ;0.078389830508 ;0.072033898305 ;0.067796610169 ;0.069915254237 ;0.076271186441 ;0.084745762712 ;0.086864406780 ;0.086864406780 ;0.082627118644 ;0.093220338983 ;0.095338983051 ;0.108050847458 ;0.105932203390 ;0.112288135593 ;0.114406779661 ;0.112288135593 ;0.120762711864 ;0.137711864407 ;0.139830508475 ;0.144067796610 ;0.146186440678 ;0.171610169492 ;0.192796610169 ;0.222457627119 ;0.258474576271 ;0.307203389831 ;0.364406779661 ;0.432203389831 ;0.512711864407 ;0.601694915254 ;0.682203389831 ;0.762711864407 ;0.830508474576 ;0.900423728814 ;0.963983050847 ;1.000000000000 ;0.995762711864 ;0.940677966102 ;0.866525423729 ;0.764830508475 ;0.641949152542 ;0.516949152542 ;0.415254237288 ;0.328389830508 ;0.260593220339 ;0.216101694915 ;0.190677966102 ;0.180084745763 ;0.180084745763 ;0.173728813559 ;0.158898305085 ;0.156779661017 ;0.139830508475 ;0.139830508475 ;0.122881355932 ;0.118644067797 ;0.105932203390 ;0.105932203390 ;0.103813559322 ;0.108050847458 ;0.105932203390 ;0.097457627119 ;0.082627118644 ;0.082627118644 ;0.084745762712 ;0.091101694915 ;0.082627118644 ;0.080508474576 ;0.065677966102 ;0.069915254237 ;0.069915254237 ;0.072033898305 ;0.067796610169 ;0.061440677966 ;0.055084745763 ;0.052966101695 ;0.055084745763 ;0.057203389831 ;0.055084745763 ;0.044491525424 ;0.033898305085 ;0.031779661017 ;0.036016949153 ;0.038135593220 ;0.031779661017 ;0.021186440678 ;0.014830508475 ;0.016949152542 ;0.021186440678 ;0.023305084746 ;0.016949152542 ;0.006355932203 ;0.000000000000 ;0.002118644068 ;0.004237288136 ;0.019067796610 ;0.019067796610 ;0.021186440678 ;0.019067796610 ;0.027542372881 ;0.027542372881 ;0.031779661017 ;0.033898305085 ;0.029661016949 ;0.027542372881 ;0.029661016949 ;0.033898305085 ;0.033898305085 ;0.031779661017 ;0.027542372881 ;0.027542372881 ;0.029661016949 ;0.042372881356 ;0.042372881356 ;0.042372881356 ;0.042372881356 ;0.040254237288 ;0.044491525424 ;0.050847457627 ;0.055084745763 ;0.061440677966 ;0.055084745763 ;0.055084745763 ;0.059322033898 ;0.069915254237 ;0.080508474576 ;0.084745762712 ;0.082627118644 ;0.084745762712 ;0.093220338983 ;0.099576271186 ;0.112288135593 ;0.116525423729 ;0.116525423729 ;0.116525423729 ;0.118644067797 ;0.118644067797 ;0.120762711864 ;0.125000000000 ;0.116525423729 ;0.116525423729 ;0.120762711864 ;0.129237288136 ;0.127118644068 ;0.127118644068 ;0.127118644068 ;0.114406779661 ;0.118644067797 ;0.120762711864 ;0.125000000000 ;0.122881355932 ;0.118644067797 ;0.110169491525 ;0.108050847458 ;0.112288135593 ;0.114406779661 ;0.114406779661 ;0.110169491525 ;0.103813559322 ;0.110169491525 ;0.110169491525 ;0.116525423729 ;0.114406779661 ;0.110169491525 ;0.110169491525 ;0.108050847458 ;
0.057575757576 ;0.063636363636 ;0.072727272727 ;0.081818181818 ;0.075757575758 ;0.078787878788 ;0.081818181818 ;0.081818181818 ;0.096969696970 ;0.100000000000 ;0.106060606061 ;0.096969696970 ;0.106060606061 ;0.109090909091 ;0.118181818182 ;0.121212121212 ;0.121212121212 ;0.118181818182 ;0.109090909091 ;0.109090909091 ;0.112121212121 ;0.121212121212 ;0.121212121212 ;0.112121212121 ;0.115151515152 ;0.130303030303 ;0.139393939394 ;0.139393939394 ;0.145454545455 ;0.136363636364 ;0.130303030303 ;0.130303030303 ;0.136363636364 ;0.148484848485 ;0.142424242424 ;0.133333333333 ;0.127272727273 ;0.127272727273 ;0.121212121212 ;0.124242424242 ;0.109090909091 ;0.100000000000 ;0.084848484848 ;0.078787878788 ;0.081818181818 ;0.075757575758 ;0.078787878788 ;0.069696969697 ;0.048484848485 ;0.054545454545 ;0.063636363636 ;0.060606060606 ;0.057575757576 ;0.057575757576 ;0.039393939394 ;0.048484848485 ;0.045454545455 ;0.060606060606 ;0.054545454545 ;0.048484848485 ;0.045454545455 ;0.045454545455 ;0.051515151515 ;0.054545454545 ;0.057575757576 ;0.054545454545 ;0.051515151515 ;0.054545454545 ;0.051515151515 ;0.066666666667 ;0.057575757576 ;0.060606060606 ;0.045454545455 ;0.054545454545 ;0.060606060606 ;0.057575757576 ;0.060606060606 ;0.045454545455 ;0.042424242424 ;0.048484848485 ;0.045454545455 ;0.063636363636 ;0.063636363636 ;0.057575757576 ;0.057575757576 ;0.051515151515 ;0.066666666667 ;0.072727272727 ;0.069696969697 ;0.069696969697 ;0.069696969697 ;0.072727272727 ;0.078787878788 ;0.087878787879 ;0.078787878788 ;0.069696969697 ;0.060606060606 ;0.057575757576 ;0.063636363636 ;0.066666666667 ;0.075757575758 ;0.066666666667 ;0.057575757576 ;0.060606060606 ;0.072727272727 ;0.081818181818 ;0.072727272727 ;0.063636363636 ;0.063636363636 ;0.063636363636 ;0.078787878788 ;0.087878787879 ;0.081818181818 ;0.081818181818 ;0.093939393939 ;0.118181818182 ;0.136363636364 ;0.160606060606 ;0.184848484848 ;0.221212121212 ;0.281818181818 ;0.366666666667 ;0.439393939394 ;0.524242424242 ;0.612121212121 ;0.709090909091 ;0.803030303030 ;0.881818181818 ;0.960606060606 ;1.000000000000 ;0.996969696970 ;0.921212121212 ;0.812121212121 ;0.663636363636 ;0.506060606061 ;0.375757575758 ;0.275757575758 ;0.209090909091 ;0.163636363636 ;0.133333333333 ;0.118181818182 ;0.124242424242 ;0.124242424242 ;0.096969696970 ;0.078787878788 ;0.066666666667 ;0.063636363636 ;0.066666666667 ;0.054545454545 ;0.033333333333 ;0.030303030303 ;0.021212121212 ;0.030303030303 ;0.033333333333 ;0.033333333333 ;0.012121212121 ;0.021212121212 ;0.018181818182 ;0.030303030303 ;0.030303030303 ;0.021212121212 ;0.015151515152 ;0.009090909091 ;0.018181818182 ;0.021212121212 ;0.024242424242 ;0.018181818182 ;0.015151515152 ;0.003030303030 ;0.009090909091 ;0.015151515152 ;0.015151515152 ;0.012121212121 ;0.006060606061 ;0.000000000000 ;0.000000000000 ;0.015151515152 ;0.024242424242 ;0.018181818182 ;0.015151515152 ;0.009090909091 ;0.006060606061 ;0.021212121212 ;0.027272727273 ;0.024242424242 ;0.009090909091 ;0.006060606061 ;0.018181818182 ;0.033333333333 ;0.045454545455 ;0.048484848485 ;0.048484848485 ;0.051515151515 ;0.066666666667 ;0.084848484848 ;0.096969696970 ;0.100000000000 ;0.096969696970 ;0.087878787879 ;0.100000000000 ;0.112121212121 ;0.130303030303 ;0.124242424242 ;0.124242424242 ;0.118181818182 ;0.118181818182 ;0.130303030303 ;0.130303030303 ;0.124242424242 ;0.109090909091 ;0.109090909091 ;0.112121212121 ;0.121212121212 ;0.124242424242 ;0.109090909091 ;0.100000000000 ;0.084848484848 ;0.084848484848 ;0.093939393939 ;0.093939393939 ;0.084848484848 ;0.060606060606 ;0.045454545455 ;0.060606060606 ;0.060606060606 ;0.057575757576 ;0.057575757576 ;0.045454545455 ;0.039393939394 ;0.036363636364 ;0.036363636364 ;0.045454545455 ;0.033333333333 ;0.033333333333 ;0.030303030303 ;0.030303030303 ;0.042424242424 ;0.048484848485 ;0.051515151515 ;0.033333333333 ;0.027272727273 ;0.030303030303 ;0.042424242424 ;0.054545454545 ;0.051515151515 ;0.039393939394 ;0.042424242424 ;0.039393939394 ;0.057575757576 ;0.063636363636 ;0.066666666667 ;0.054545454545 ;0.039393939394 ;0.036363636364 ;0.048484848485 ;0.048484848485 ;0.048484848485 ;0.039393939394 ;0.033333333333 ;0.027272727273 ;
0.036939313984 ;0.021108179420 ;0.023746701847 ;0.026385224274 ;0.015831134565 ;0.010554089710 ;0.007915567282 ;0.002638522427 ;0.000000000000 ;0.010554089710 ;0.023746701847 ;0.034300791557 ;0.026385224274 ;0.015831134565 ;0.018469656992 ;0.026385224274 ;0.034300791557 ;0.031662269129 ;0.021108179420 ;0.029023746702 ;0.042216358839 ;0.047493403694 ;0.047493403694 ;0.042216358839 ;0.042216358839 ;0.042216358839 ;0.055408970976 ;0.060686015831 ;0.065963060686 ;0.060686015831 ;0.047493403694 ;0.039577836412 ;0.039577836412 ;0.060686015831 ;0.065963060686 ;0.060686015831 ;0.065963060686 ;0.071240105541 ;0.073878627968 ;0.076517150396 ;0.073878627968 ;0.081794195251 ;0.073878627968 ;0.081794195251 ;0.087071240106 ;0.105540897098 ;0.118733509235 ;0.113456464380 ;0.113456464380 ;0.108179419525 ;0.110817941953 ;0.110817941953 ;0.118733509235 ;0.113456464380 ;0.110817941953 ;0.110817941953 ;0.113456464380 ;0.113456464380 ;0.110817941953 ;0.100263852243 ;0.092348284960 ;0.087071240106 ;0.089709762533 ;0.097625329815 ;0.110817941953 ;0.108179419525 ;0.110817941953 ;0.118733509235 ;0.121372031662 ;0.126649076517 ;0.134564643799 ;0.124010554090 ;0.110817941953 ;0.113456464380 ;0.116094986807 ;0.129287598945 ;0.142480211082 ;0.137203166227 ;0.134564643799 ;0.137203166227 ;0.142480211082 ;0.158311345646 ;0.155672823219 ;0.158311345646 ;0.142480211082 ;0.145118733509 ;0.155672823219 ;0.155672823219 ;0.160949868074 ;0.153034300792 ;0.137203166227 ;0.142480211082 ;0.153034300792 ;0.163588390501 ;0.176781002639 ;0.163588390501 ;0.160949868074 ;0.153034300792 ;0.163588390501 ;0.184696569921 ;0.192612137203 ;0.197889182058 ;0.187335092348 ;0.179419525066 ;0.192612137203 ;0.211081794195 ;0.237467018470 ;0.250659630607 ;0.258575197889 ;0.271767810026 ;0.290237467018 ;0.335092348285 ;0.369393139842 ;0.406332453826 ;0.443271767810 ;0.477572559367 ;0.517150395778 ;0.535620052770 ;0.567282321900 ;0.604221635884 ;0.659630606860 ;0.712401055409 ;0.759894459103 ;0.802110817942 ;0.836411609499 ;0.889182058047 ;0.936675461741 ;0.965699208443 ;0.989445910290 ;1.000000000000 ;0.976253298153 ;0.918205804749 ;0.868073878628 ;0.812664907652 ;0.759894459103 ;0.670184696570 ;0.551451187335 ;0.424802110818 ;0.319261213720 ;0.255936675462 ;0.200527704485 ;0.150395778364 ;0.131926121372 ;0.124010554090 ;0.126649076517 ;0.121372031662 ;0.113456464380 ;0.108179419525 ;0.102902374670 ;0.081794195251 ;0.071240105541 ;0.065963060686 ;0.065963060686 ;0.073878627968 ;0.081794195251 ;0.068601583113 ;0.050131926121 ;0.047493403694 ;0.058047493404 ;0.063324538259 ;0.060686015831 ;0.052770448549 ;0.052770448549 ;0.058047493404 ;0.068601583113 ;0.073878627968 ;0.087071240106 ;0.092348284960 ;0.094986807388 ;0.094986807388 ;0.118733509235 ;0.137203166227 ;0.139841688654 ;0.139841688654 ;0.131926121372 ;0.131926121372 ;0.139841688654 ;0.142480211082 ;0.139841688654 ;0.142480211082 ;0.142480211082 ;0.142480211082 ;0.150395778364 ;0.158311345646 ;0.166226912929 ;0.166226912929 ;0.153034300792 ;0.147757255937 ;0.155672823219 ;0.174142480211 ;0.187335092348 ;0.182058047493 ;0.182058047493 ;0.179419525066 ;0.182058047493 ;0.182058047493 ;0.179419525066 ;0.176781002639 ;0.192612137203 ;0.208443271768 ;0.218997361478 ;0.232189973615 ;0.255936675462 ;0.253298153034 ;0.242744063325 ;0.229551451187 ;0.240105540897 ;0.271767810026 ;0.287598944591 ;0.292875989446 ;0.295514511873 ;0.311345646438 ;0.313984168865 ;0.327176781003 ;0.329815303430 ;0.327176781003 ;0.313984168865 ;0.311345646438 ;0.313984168865 ;0.329815303430 ;0.343007915567 ;0.343007915567 ;0.332453825858 ;0.337730870712 ;0.329815303430 ;0.337730870712 ;0.340369393140 ;0.340369393140 ;0.327176781003 ;0.337730870712 ;0.356200527704 ;0.364116094987 ;0.369393139842 ;0.364116094987 ;0.340369393140 ;0.327176781003 ;0.324538258575 ;0.348284960422 ;0.366754617414 ;0.369393139842 ;0.356200527704 ;0.343007915567 ;0.345646437995 ;0.366754617414 ;0.374670184697 ;0.364116094987 ;0.364116094987 ;0.356200527704 ;0.366754617414 ;0.374670184697 ;0.377308707124 ;0.374670184697 ;0.364116094987 ;0.369393139842 ;0.369393139842 ;0.374670184697 ;0.366754617414 ;0.356200527704 ;0.335092348285 ;0.348284960422 ;
0.257790368272 ;0.249291784703 ;0.246458923513 ;0.252124645892 ;0.252124645892 ;0.257790368272 ;0.249291784703 ;0.240793201133 ;0.226628895184 ;0.235127478754 ;0.235127478754 ;0.237960339943 ;0.218130311615 ;0.201133144476 ;0.198300283286 ;0.203966005666 ;0.215297450425 ;0.220963172805 ;0.215297450425 ;0.195467422096 ;0.201133144476 ;0.201133144476 ;0.212464589235 ;0.209631728045 ;0.195467422096 ;0.192634560907 ;0.189801699717 ;0.198300283286 ;0.201133144476 ;0.206798866856 ;0.203966005666 ;0.192634560907 ;0.192634560907 ;0.192634560907 ;0.198300283286 ;0.209631728045 ;0.198300283286 ;0.186968838527 ;0.178470254958 ;0.184135977337 ;0.198300283286 ;0.195467422096 ;0.201133144476 ;0.201133144476 ;0.192634560907 ;0.192634560907 ;0.209631728045 ;0.212464589235 ;0.206798866856 ;0.192634560907 ;0.192634560907 ;0.198300283286 ;0.209631728045 ;0.201133144476 ;0.201133144476 ;0.192634560907 ;0.192634560907 ;0.195467422096 ;0.198300283286 ;0.203966005666 ;0.198300283286 ;0.178470254958 ;0.169971671388 ;0.178470254958 ;0.184135977337 ;0.186968838527 ;0.181303116147 ;0.164305949008 ;0.158640226629 ;0.167138810198 ;0.164305949008 ;0.172804532578 ;0.178470254958 ;0.172804532578 ;0.158640226629 ;0.169971671388 ;0.178470254958 ;0.186968838527 ;0.178470254958 ;0.175637393768 ;0.167138810198 ;0.178470254958 ;0.181303116147 ;0.178470254958 ;0.172804532578 ;0.172804532578 ;0.181303116147 ;0.186968838527 ;0.192634560907 ;0.192634560907 ;0.195467422096 ;0.192634560907 ;0.178470254958 ;0.181303116147 ;0.195467422096 ;0.206798866856 ;0.198300283286 ;0.195467422096 ;0.192634560907 ;0.209631728045 ;0.215297450425 ;0.226628895184 ;0.215297450425 ;0.203966005666 ;0.212464589235 ;0.249291784703 ;0.269121813031 ;0.277620396601 ;0.283286118980 ;0.274787535411 ;0.274787535411 ;0.288951841360 ;0.317280453258 ;0.337110481586 ;0.328611898017 ;0.308781869688 ;0.317280453258 ;0.337110481586 ;0.376770538244 ;0.439093484419 ;0.524079320113 ;0.594900849858 ;0.657223796034 ;0.730878186969 ;0.787535410765 ;0.847025495751 ;0.898016997167 ;0.954674220963 ;0.983002832861 ;1.000000000000 ;0.997167138810 ;0.954674220963 ;0.900849858357 ;0.841359773371 ;0.781869688385 ;0.722379603399 ;0.631728045326 ;0.492917847025 ;0.376770538244 ;0.294617563739 ;0.229461756374 ;0.144475920680 ;0.099150141643 ;0.099150141643 ;0.096317280453 ;0.082152974504 ;0.067988668555 ;0.053824362606 ;0.062322946176 ;0.053824362606 ;0.045325779037 ;0.033994334278 ;0.028328611898 ;0.025495750708 ;0.031161473088 ;0.031161473088 ;0.028328611898 ;0.019830028329 ;0.025495750708 ;0.016997167139 ;0.033994334278 ;0.033994334278 ;0.036827195467 ;0.022662889518 ;0.008498583569 ;0.008498583569 ;0.000000000000 ;0.011331444759 ;0.008498583569 ;0.000000000000 ;0.002832861190 ;0.002832861190 ;0.016997167139 ;0.014164305949 ;0.014164305949 ;0.008498583569 ;0.016997167139 ;0.025495750708 ;0.036827195467 ;0.045325779037 ;0.036827195467 ;0.042492917847 ;0.039660056657 ;0.059490084986 ;0.070821529745 ;0.079320113314 ;0.087818696884 ;0.093484419263 ;0.096317280453 ;0.107648725212 ;0.130311614731 ;0.144475920680 ;0.147308781870 ;0.144475920680 ;0.150141643059 ;0.158640226629 ;0.172804532578 ;0.184135977337 ;0.181303116147 ;0.178470254958 ;0.189801699717 ;0.201133144476 ;0.203966005666 ;0.218130311615 ;0.212464589235 ;0.223796033994 ;0.215297450425 ;0.220963172805 ;0.237960339943 ;0.252124645892 ;0.246458923513 ;0.237960339943 ;0.237960339943 ;0.246458923513 ;0.254957507082 ;0.252124645892 ;0.240793201133 ;0.237960339943 ;0.226628895184 ;0.212464589235 ;0.206798866856 ;0.206798866856 ;0.201133144476 ;0.192634560907 ;0.186968838527 ;0.192634560907 ;0.203966005666 ;0.203966005666 ;0.198300283286 ;0.192634560907 ;0.201133144476 ;0.209631728045 ;0.215297450425 ;0.223796033994 ;0.218130311615 ;0.209631728045 ;0.206798866856 ;0.203966005666 ;0.226628895184 ;0.218130311615 ;0.206798866856 ;0.195467422096 ;0.195467422096 ;0.198300283286 ;0.206798866856 ;0.203966005666 ;0.198300283286 ;0.198300283286 ;0.192634560907 ;0.189801699717 ;0.195467422096 ;0.195467422096 ;0.181303116147 ;0.169971671388 ;0.169971671388 ;0.178470254958 ;0.175637393768 ;0.175637393768 ;0.175637393768 ;0.175637393768 ;
0.131578947368 ;0.125000000000 ;0.111842105263 ;0.138157894737 ;0.157894736842 ;0.164473684211 ;0.138157894737 ;0.118421052632 ;0.131578947368 ;0.171052631579 ;0.177631578947 ;0.164473684211 ;0.157894736842 ;0.164473684211 ;0.184210526316 ;0.190789473684 ;0.177631578947 ;0.171052631579 ;0.125000000000 ;0.092105263158 ;0.046052631579 ;0.052631578947 ;0.098684210526 ;0.111842105263 ;0.085526315789 ;0.059210526316 ;0.065789473684 ;0.105263157895 ;0.125000000000 ;0.111842105263 ;0.105263157895 ;0.098684210526 ;0.111842105263 ;0.105263157895 ;0.131578947368 ;0.151315789474 ;0.164473684211 ;0.138157894737 ;0.138157894737 ;0.164473684211 ;0.184210526316 ;0.190789473684 ;0.177631578947 ;0.164473684211 ;0.177631578947 ;0.190789473684 ;0.217105263158 ;0.210526315789 ;0.184210526316 ;0.177631578947 ;0.197368421053 ;0.236842105263 ;0.263157894737 ;0.236842105263 ;0.256578947368 ;0.243421052632 ;0.256578947368 ;0.269736842105 ;0.269736842105 ;0.282894736842 ;0.296052631579 ;0.289473684211 ;0.282894736842 ;0.309210526316 ;0.355263157895 ;0.355263157895 ;0.342105263158 ;0.315789473684 ;0.342105263158 ;0.368421052632 ;0.394736842105 ;0.388157894737 ;0.355263157895 ;0.322368421053 ;0.342105263158 ;0.335526315789 ;0.328947368421 ;0.282894736842 ;0.276315789474 ;0.269736842105 ;0.269736842105 ;0.282894736842 ;0.296052631579 ;0.309210526316 ;0.328947368421 ;0.289473684211 ;0.282894736842 ;0.296052631579 ;0.335526315789 ;0.342105263158 ;0.309210526316 ;0.289473684211 ;0.296052631579 ;0.342105263158 ;0.361842105263 ;0.342105263158 ;0.328947368421 ;0.322368421053 ;0.335526315789 ;0.322368421053 ;0.342105263158 ;0.342105263158 ;0.328947368421 ;0.309210526316 ;0.309210526316 ;0.322368421053 ;0.394736842105 ;0.460526315789 ;0.486842105263 ;0.572368421053 ;0.611842105263 ;0.657894736842 ;0.684210526316 ;0.631578947368 ;0.526315789474 ;0.368421052632 ;0.157894736842 ;0.032894736842 ;0.000000000000 ;0.032894736842 ;0.125000000000 ;0.210526315789 ;0.309210526316 ;0.394736842105 ;0.526315789474 ;0.664473684211 ;0.828947368421 ;0.973684210526 ;1.000000000000 ;0.927631578947 ;0.881578947368 ;0.796052631579 ;0.684210526316 ;0.506578947368 ;0.361842105263 ;0.309210526316 ;0.282894736842 ;0.210526315789 ;0.190789473684 ;0.197368421053 ;0.243421052632 ;0.230263157895 ;0.223684210526 ;0.203947368421 ;0.190789473684 ;0.164473684211 ;0.164473684211 ;0.151315789474 ;0.190789473684 ;0.157894736842 ;0.151315789474 ;0.111842105263 ;0.131578947368 ;0.131578947368 ;0.144736842105 ;0.118421052632 ;0.138157894737 ;0.138157894737 ;0.125000000000 ;0.151315789474 ;0.171052631579 ;0.184210526316 ;0.164473684211 ;0.157894736842 ;0.157894736842 ;0.184210526316 ;0.230263157895 ;0.230263157895 ;0.217105263158 ;0.217105263158 ;0.230263157895 ;0.243421052632 ;0.269736842105 ;0.269736842105 ;0.276315789474 ;0.289473684211 ;0.302631578947 ;0.328947368421 ;0.388157894737 ;0.381578947368 ;0.355263157895 ;0.355263157895 ;0.361842105263 ;0.342105263158 ;0.335526315789 ;0.355263157895 ;0.355263157895 ;0.348684210526 ;0.355263157895 ;0.407894736842 ;0.447368421053 ;0.434210526316 ;0.414473684211 ;0.414473684211 ;0.434210526316 ;0.467105263158 ;0.473684210526 ;0.493421052632 ;0.493421052632 ;0.500000000000 ;0.526315789474 ;0.572368421053 ;0.605263157895 ;0.618421052632 ;0.598684210526 ;0.631578947368 ;0.657894736842 ;0.684210526316 ;0.690789473684 ;0.690789473684 ;0.684210526316 ;0.657894736842 ;0.657894736842 ;0.677631578947 ;0.697368421053 ;0.684210526316 ;0.651315789474 ;0.625000000000 ;0.631578947368 ;0.664473684211 ;0.664473684211 ;0.631578947368 ;0.625000000000 ;0.618421052632 ;0.605263157895 ;0.618421052632 ;0.618421052632 ;0.618421052632 ;0.625000000000 ;0.618421052632 ;0.605263157895 ;0.625000000000 ;0.625000000000 ;0.631578947368 ;0.598684210526 ;0.578947368421 ;0.565789473684 ;0.572368421053 ;0.592105263158 ;0.572368421053 ;0.565789473684 ;0.578947368421 ;0.605263157895 ;0.611842105263 ;0.618421052632 ;0.618421052632 ;0.611842105263 ;0.605263157895 ;0.611842105263 ;0.611842105263 ;0.638157894737 ;0.638157894737 ;0.611842105263 ;0.592105263158 ;0.605263157895 ;0.625000000000 ;0.625000000000 ;0.625000000000 ;0.592105263158 ;0.585526315789 ;
0.149606299213 ;0.137795275591 ;0.137795275591 ;0.137795275591 ;0.137795275591 ;0.133858267717 ;0.137795275591 ;0.133858267717 ;0.129921259843 ;0.122047244094 ;0.122047244094 ;0.106299212598 ;0.106299212598 ;0.102362204724 ;0.098425196850 ;0.102362204724 ;0.094488188976 ;0.106299212598 ;0.110236220472 ;0.110236220472 ;0.110236220472 ;0.102362204724 ;0.094488188976 ;0.094488188976 ;0.086614173228 ;0.090551181102 ;0.082677165354 ;0.086614173228 ;0.086614173228 ;0.094488188976 ;0.106299212598 ;0.106299212598 ;0.094488188976 ;0.094488188976 ;0.082677165354 ;0.078740157480 ;0.070866141732 ;0.070866141732 ;0.066929133858 ;0.070866141732 ;0.078740157480 ;0.082677165354 ;0.090551181102 ;0.090551181102 ;0.090551181102 ;0.082677165354 ;0.070866141732 ;0.066929133858 ;0.070866141732 ;0.066929133858 ;0.066929133858 ;0.070866141732 ;0.074803149606 ;0.078740157480 ;0.086614173228 ;0.082677165354 ;0.078740157480 ;0.078740157480 ;0.070866141732 ;0.062992125984 ;0.062992125984 ;0.059055118110 ;0.059055118110 ;0.059055118110 ;0.062992125984 ;0.062992125984 ;0.078740157480 ;0.086614173228 ;0.098425196850 ;0.102362204724 ;0.110236220472 ;0.106299212598 ;0.098425196850 ;0.094488188976 ;0.094488188976 ;0.106299212598 ;0.106299212598 ;0.114173228346 ;0.129921259843 ;0.141732283465 ;0.145669291339 ;0.149606299213 ;0.149606299213 ;0.141732283465 ;0.137795275591 ;0.129921259843 ;0.110236220472 ;0.106299212598 ;0.106299212598 ;0.114173228346 ;0.114173228346 ;0.118110236220 ;0.118110236220 ;0.106299212598 ;0.094488188976 ;0.094488188976 ;0.078740157480 ;0.078740157480 ;0.059055118110 ;0.066929133858 ;0.062992125984 ;0.059055118110 ;0.066929133858 ;0.062992125984 ;0.055118110236 ;0.062992125984 ;0.055118110236 ;0.062992125984 ;0.055118110236 ;0.059055118110 ;0.051181102362 ;0.055118110236 ;0.051181102362 ;0.059055118110 ;0.062992125984 ;0.070866141732 ;0.066929133858 ;0.059055118110 ;0.043307086614 ;0.015748031496 ;0.000000000000 ;0.007874015748 ;0.043307086614 ;0.122047244094 ;0.228346456693 ;0.377952755906 ;0.551181102362 ;0.728346456693 ;0.897637795276 ;1.000000000000 ;0.992125984252 ;0.877952755906 ;0.665354330709 ;0.413385826772 ;0.204724409449 ;0.070866141732 ;0.015748031496 ;0.031496062992 ;0.078740157480 ;0.125984251969 ;0.153543307087 ;0.165354330709 ;0.157480314961 ;0.137795275591 ;0.122047244094 ;0.098425196850 ;0.082677165354 ;0.086614173228 ;0.090551181102 ;0.098425196850 ;0.102362204724 ;0.102362204724 ;0.102362204724 ;0.094488188976 ;0.082677165354 ;0.082677165354 ;0.074803149606 ;0.074803149606 ;0.074803149606 ;0.074803149606 ;0.082677165354 ;0.090551181102 ;0.090551181102 ;0.098425196850 ;0.110236220472 ;0.102362204724 ;0.098425196850 ;0.094488188976 ;0.090551181102 ;0.094488188976 ;0.090551181102 ;0.094488188976 ;0.102362204724 ;0.106299212598 ;0.110236220472 ;0.110236220472 ;0.114173228346 ;0.114173228346 ;0.102362204724 ;0.098425196850 ;0.098425196850 ;0.102362204724 ;0.106299212598 ;0.106299212598 ;0.118110236220 ;0.122047244094 ;0.133858267717 ;0.129921259843 ;0.125984251969 ;0.129921259843 ;0.129921259843 ;0.122047244094 ;0.118110236220 ;0.118110236220 ;0.114173228346 ;0.122047244094 ;0.125984251969 ;0.137795275591 ;0.137795275591 ;0.137795275591 ;0.137795275591 ;0.137795275591 ;0.133858267717 ;0.133858267717 ;0.122047244094 ;0.114173228346 ;0.118110236220 ;0.122047244094 ;0.122047244094 ;0.129921259843 ;0.133858267717 ;0.137795275591 ;0.137795275591 ;0.145669291339 ;0.137795275591 ;0.133858267717 ;0.133858267717 ;0.133858267717 ;0.137795275591 ;0.145669291339 ;0.161417322835 ;0.169291338583 ;0.181102362205 ;0.181102362205 ;0.185039370079 ;0.188976377953 ;0.185039370079 ;0.181102362205 ;0.181102362205 ;0.173228346457 ;0.169291338583 ;0.173228346457 ;0.185039370079 ;0.173228346457 ;0.177165354331 ;0.177165354331 ;0.177165354331 ;0.161417322835 ;0.157480314961 ;0.153543307087 ;0.141732283465 ;0.141732283465 ;0.137795275591 ;0.137795275591 ;0.137795275591 ;0.137795275591 ;0.141732283465 ;0.141732283465 ;0.137795275591 ;0.129921259843 ;0.122047244094 ;0.118110236220 ;0.114173228346 ;0.110236220472 ;0.106299212598 ;0.118110236220 ;0.114173228346 ;0.118110236220 ;0.114173228346 ;0.118110236220 ;
0.142307692308 ;0.138461538462 ;0.134615384615 ;0.115384615385 ;0.107692307692 ;0.100000000000 ;0.103846153846 ;0.103846153846 ;0.107692307692 ;0.103846153846 ;0.111538461538 ;0.111538461538 ;0.103846153846 ;0.092307692308 ;0.084615384615 ;0.076923076923 ;0.080769230769 ;0.073076923077 ;0.069230769231 ;0.073076923077 ;0.076923076923 ;0.080769230769 ;0.080769230769 ;0.088461538462 ;0.088461538462 ;0.073076923077 ;0.073076923077 ;0.069230769231 ;0.053846153846 ;0.042307692308 ;0.046153846154 ;0.061538461538 ;0.073076923077 ;0.076923076923 ;0.084615384615 ;0.084615384615 ;0.080769230769 ;0.076923076923 ;0.065384615385 ;0.053846153846 ;0.053846153846 ;0.057692307692 ;0.053846153846 ;0.065384615385 ;0.069230769231 ;0.073076923077 ;0.073076923077 ;0.069230769231 ;0.065384615385 ;0.057692307692 ;0.046153846154 ;0.050000000000 ;0.050000000000 ;0.057692307692 ;0.061538461538 ;0.061538461538 ;0.057692307692 ;0.065384615385 ;0.057692307692 ;0.057692307692 ;0.061538461538 ;0.065384615385 ;0.053846153846 ;0.053846153846 ;0.057692307692 ;0.050000000000 ;0.069230769231 ;0.080769230769 ;0.092307692308 ;0.100000000000 ;0.107692307692 ;0.103846153846 ;0.103846153846 ;0.107692307692 ;0.107692307692 ;0.096153846154 ;0.107692307692 ;0.107692307692 ;0.111538461538 ;0.119230769231 ;0.111538461538 ;0.123076923077 ;0.111538461538 ;0.103846153846 ;0.100000000000 ;0.096153846154 ;0.080769230769 ;0.080769230769 ;0.076923076923 ;0.073076923077 ;0.069230769231 ;0.069230769231 ;0.069230769231 ;0.073076923077 ;0.080769230769 ;0.073076923077 ;0.057692307692 ;0.034615384615 ;0.026923076923 ;0.019230769231 ;0.015384615385 ;0.015384615385 ;0.015384615385 ;0.023076923077 ;0.030769230769 ;0.030769230769 ;0.034615384615 ;0.034615384615 ;0.038461538462 ;0.030769230769 ;0.038461538462 ;0.034615384615 ;0.026923076923 ;0.026923076923 ;0.015384615385 ;0.019230769231 ;0.011538461538 ;0.007692307692 ;0.000000000000 ;0.003846153846 ;0.019230769231 ;0.057692307692 ;0.134615384615 ;0.230769230769 ;0.369230769231 ;0.519230769231 ;0.684615384615 ;0.838461538462 ;0.961538461538 ;1.000000000000 ;0.930769230769 ;0.757692307692 ;0.542307692308 ;0.334615384615 ;0.169230769231 ;0.061538461538 ;0.030769230769 ;0.026923076923 ;0.053846153846 ;0.084615384615 ;0.096153846154 ;0.103846153846 ;0.111538461538 ;0.111538461538 ;0.119230769231 ;0.103846153846 ;0.100000000000 ;0.069230769231 ;0.046153846154 ;0.038461538462 ;0.030769230769 ;0.038461538462 ;0.038461538462 ;0.050000000000 ;0.050000000000 ;0.057692307692 ;0.053846153846 ;0.050000000000 ;0.042307692308 ;0.034615384615 ;0.046153846154 ;0.046153846154 ;0.046153846154 ;0.053846153846 ;0.057692307692 ;0.057692307692 ;0.061538461538 ;0.061538461538 ;0.065384615385 ;0.065384615385 ;0.065384615385 ;0.061538461538 ;0.053846153846 ;0.050000000000 ;0.057692307692 ;0.061538461538 ;0.065384615385 ;0.069230769231 ;0.073076923077 ;0.069230769231 ;0.069230769231 ;0.061538461538 ;0.057692307692 ;0.057692307692 ;0.065384615385 ;0.069230769231 ;0.065384615385 ;0.065384615385 ;0.069230769231 ;0.076923076923 ;0.076923076923 ;0.080769230769 ;0.080769230769 ;0.080769230769 ;0.076923076923 ;0.076923076923 ;0.073076923077 ;0.069230769231 ;0.061538461538 ;0.065384615385 ;0.069230769231 ;0.080769230769 ;0.088461538462 ;0.096153846154 ;0.088461538462 ;0.084615384615 ;0.073076923077 ;0.069230769231 ;0.073076923077 ;0.076923076923 ;0.073076923077 ;0.088461538462 ;0.092307692308 ;0.088461538462 ;0.096153846154 ;0.092307692308 ;0.092307692308 ;0.100000000000 ;0.096153846154 ;0.088461538462 ;0.096153846154 ;0.100000000000 ;0.111538461538 ;0.115384615385 ;0.126923076923 ;0.126923076923 ;0.146153846154 ;0.146153846154 ;0.150000000000 ;0.153846153846 ;0.146153846154 ;0.142307692308 ;0.126923076923 ;0.126923076923 ;0.123076923077 ;0.126923076923 ;0.130769230769 ;0.134615384615 ;0.142307692308 ;0.134615384615 ;0.126923076923 ;0.115384615385 ;0.103846153846 ;0.103846153846 ;0.096153846154 ;0.096153846154 ;0.092307692308 ;0.088461538462 ;0.088461538462 ;0.088461538462 ;0.092307692308 ;0.092307692308 ;0.096153846154 ;0.088461538462 ;0.080769230769 ;0.073076923077 ;0.061538461538 ;0.046153846154 ;0.034615384615 ;0.042307692308 ;
0.124087591241 ;0.127737226277 ;0.131386861314 ;0.131386861314 ;0.135036496350 ;0.135036496350 ;0.138686131387 ;0.127737226277 ;0.124087591241 ;0.124087591241 ;0.116788321168 ;0.116788321168 ;0.109489051095 ;0.109489051095 ;0.120437956204 ;0.124087591241 ;0.120437956204 ;0.127737226277 ;0.131386861314 ;0.127737226277 ;0.116788321168 ;0.120437956204 ;0.105839416058 ;0.102189781022 ;0.094890510949 ;0.102189781022 ;0.105839416058 ;0.116788321168 ;0.120437956204 ;0.120437956204 ;0.116788321168 ;0.116788321168 ;0.105839416058 ;0.105839416058 ;0.094890510949 ;0.094890510949 ;0.094890510949 ;0.094890510949 ;0.102189781022 ;0.102189781022 ;0.105839416058 ;0.105839416058 ;0.105839416058 ;0.102189781022 ;0.105839416058 ;0.094890510949 ;0.091240875912 ;0.087591240876 ;0.083941605839 ;0.083941605839 ;0.087591240876 ;0.083941605839 ;0.098540145985 ;0.094890510949 ;0.105839416058 ;0.094890510949 ;0.087591240876 ;0.083941605839 ;0.080291970803 ;0.083941605839 ;0.083941605839 ;0.083941605839 ;0.083941605839 ;0.087591240876 ;0.087591240876 ;0.094890510949 ;0.091240875912 ;0.091240875912 ;0.094890510949 ;0.094890510949 ;0.098540145985 ;0.109489051095 ;0.113138686131 ;0.113138686131 ;0.120437956204 ;0.124087591241 ;0.127737226277 ;0.138686131387 ;0.135036496350 ;0.142335766423 ;0.153284671533 ;0.149635036496 ;0.142335766423 ;0.127737226277 ;0.116788321168 ;0.109489051095 ;0.116788321168 ;0.113138686131 ;0.120437956204 ;0.120437956204 ;0.124087591241 ;0.120437956204 ;0.116788321168 ;0.109489051095 ;0.094890510949 ;0.098540145985 ;0.087591240876 ;0.083941605839 ;0.087591240876 ;0.083941605839 ;0.080291970803 ;0.080291970803 ;0.083941605839 ;0.083941605839 ;0.083941605839 ;0.083941605839 ;0.076642335766 ;0.076642335766 ;0.072992700730 ;0.080291970803 ;0.087591240876 ;0.091240875912 ;0.094890510949 ;0.105839416058 ;0.102189781022 ;0.109489051095 ;0.083941605839 ;0.072992700730 ;0.051094890511 ;0.032846715328 ;0.047445255474 ;0.080291970803 ;0.142335766423 ;0.229927007299 ;0.335766423358 ;0.478102189781 ;0.638686131387 ;0.799270072993 ;0.934306569343 ;1.000000000000 ;0.967153284672 ;0.824817518248 ;0.602189781022 ;0.372262773723 ;0.167883211679 ;0.040145985401 ;0.000000000000 ;0.021897810219 ;0.076642335766 ;0.127737226277 ;0.153284671533 ;0.164233576642 ;0.153284671533 ;0.145985401460 ;0.127737226277 ;0.135036496350 ;0.124087591241 ;0.124087591241 ;0.124087591241 ;0.124087591241 ;0.127737226277 ;0.116788321168 ;0.109489051095 ;0.102189781022 ;0.094890510949 ;0.094890510949 ;0.091240875912 ;0.091240875912 ;0.105839416058 ;0.105839416058 ;0.105839416058 ;0.116788321168 ;0.113138686131 ;0.124087591241 ;0.116788321168 ;0.113138686131 ;0.109489051095 ;0.113138686131 ;0.113138686131 ;0.109489051095 ;0.116788321168 ;0.127737226277 ;0.131386861314 ;0.135036496350 ;0.135036496350 ;0.131386861314 ;0.135036496350 ;0.131386861314 ;0.127737226277 ;0.127737226277 ;0.124087591241 ;0.127737226277 ;0.138686131387 ;0.135036496350 ;0.142335766423 ;0.142335766423 ;0.145985401460 ;0.153284671533 ;0.153284671533 ;0.149635036496 ;0.138686131387 ;0.142335766423 ;0.135036496350 ;0.142335766423 ;0.142335766423 ;0.149635036496 ;0.156934306569 ;0.167883211679 ;0.164233576642 ;0.167883211679 ;0.164233576642 ;0.153284671533 ;0.149635036496 ;0.142335766423 ;0.145985401460 ;0.145985401460 ;0.156934306569 ;0.164233576642 ;0.164233576642 ;0.167883211679 ;0.175182481752 ;0.160583941606 ;0.167883211679 ;0.164233576642 ;0.160583941606 ;0.160583941606 ;0.160583941606 ;0.156934306569 ;0.167883211679 ;0.171532846715 ;0.178832116788 ;0.175182481752 ;0.182481751825 ;0.182481751825 ;0.175182481752 ;0.175182481752 ;0.175182481752 ;0.175182481752 ;0.171532846715 ;0.186131386861 ;0.193430656934 ;0.208029197080 ;0.211678832117 ;0.218978102190 ;0.222627737226 ;0.211678832117 ;0.222627737226 ;0.218978102190 ;0.211678832117 ;0.211678832117 ;0.208029197080 ;0.215328467153 ;0.208029197080 ;0.208029197080 ;0.204379562044 ;0.204379562044 ;0.200729927007 ;0.197080291971 ;0.182481751825 ;0.167883211679 ;0.164233576642 ;0.153284671533 ;0.149635036496 ;0.145985401460 ;0.149635036496 ;0.153284671533 ;0.160583941606 ;0.160583941606 ;0.156934306569 ;0.153284671533 ;
0.200501253133 ;0.225563909774 ;0.258145363409 ;0.270676691729 ;0.275689223058 ;0.263157894737 ;0.248120300752 ;0.228070175439 ;0.243107769424 ;0.263157894737 ;0.288220551378 ;0.295739348371 ;0.310776942356 ;0.318295739348 ;0.333333333333 ;0.343358395990 ;0.323308270677 ;0.305764411028 ;0.303258145363 ;0.305764411028 ;0.320802005013 ;0.328320802005 ;0.305764411028 ;0.303258145363 ;0.293233082707 ;0.298245614035 ;0.303258145363 ;0.293233082707 ;0.263157894737 ;0.240601503759 ;0.210526315789 ;0.190476190476 ;0.182957393484 ;0.182957393484 ;0.192982456140 ;0.195488721805 ;0.192982456140 ;0.190476190476 ;0.208020050125 ;0.218045112782 ;0.213032581454 ;0.213032581454 ;0.210526315789 ;0.220551378446 ;0.225563909774 ;0.218045112782 ;0.197994987469 ;0.170426065163 ;0.160401002506 ;0.162907268170 ;0.170426065163 ;0.185463659148 ;0.197994987469 ;0.192982456140 ;0.182957393484 ;0.182957393484 ;0.182957393484 ;0.195488721805 ;0.197994987469 ;0.195488721805 ;0.195488721805 ;0.187969924812 ;0.197994987469 ;0.203007518797 ;0.210526315789 ;0.225563909774 ;0.223057644110 ;0.208020050125 ;0.185463659148 ;0.170426065163 ;0.145363408521 ;0.160401002506 ;0.182957393484 ;0.203007518797 ;0.208020050125 ;0.223057644110 ;0.220551378446 ;0.215538847118 ;0.205513784461 ;0.220551378446 ;0.240601503759 ;0.265664160401 ;0.270676691729 ;0.265664160401 ;0.253132832080 ;0.230576441103 ;0.210526315789 ;0.203007518797 ;0.190476190476 ;0.197994987469 ;0.200501253133 ;0.213032581454 ;0.203007518797 ;0.160401002506 ;0.120300751880 ;0.110275689223 ;0.140350877193 ;0.170426065163 ;0.175438596491 ;0.157894736842 ;0.117794486216 ;0.100250626566 ;0.122807017544 ;0.147869674185 ;0.167919799499 ;0.165413533835 ;0.112781954887 ;0.080200501253 ;0.070175438596 ;0.102756892231 ;0.155388471178 ;0.180451127820 ;0.165413533835 ;0.137844611529 ;0.127819548872 ;0.137844611529 ;0.155388471178 ;0.132832080201 ;0.087719298246 ;0.070175438596 ;0.105263157895 ;0.175438596491 ;0.263157894737 ;0.368421052632 ;0.481203007519 ;0.609022556391 ;0.761904761905 ;0.899749373434 ;0.987468671679 ;1.000000000000 ;0.894736842105 ;0.746867167920 ;0.606516290727 ;0.468671679198 ;0.368421052632 ;0.313283208020 ;0.290726817043 ;0.275689223058 ;0.258145363409 ;0.260651629073 ;0.295739348371 ;0.318295739348 ;0.303258145363 ;0.258145363409 ;0.233082706767 ;0.243107769424 ;0.285714285714 ;0.323308270677 ;0.310776942356 ;0.263157894737 ;0.225563909774 ;0.253132832080 ;0.290726817043 ;0.288220551378 ;0.268170426065 ;0.263157894737 ;0.285714285714 ;0.300751879699 ;0.293233082707 ;0.275689223058 ;0.268170426065 ;0.283208020050 ;0.323308270677 ;0.343358395990 ;0.333333333333 ;0.303258145363 ;0.278195488722 ;0.290726817043 ;0.323308270677 ;0.340852130326 ;0.333333333333 ;0.320802005013 ;0.308270676692 ;0.315789473684 ;0.333333333333 ;0.340852130326 ;0.358395989975 ;0.390977443609 ;0.401002506266 ;0.363408521303 ;0.320802005013 ;0.313283208020 ;0.348370927318 ;0.385964912281 ;0.390977443609 ;0.365914786967 ;0.353383458647 ;0.360902255639 ;0.375939849624 ;0.368421052632 ;0.360902255639 ;0.358395989975 ;0.380952380952 ;0.411027568922 ;0.428571428571 ;0.416040100251 ;0.383458646617 ;0.368421052632 ;0.375939849624 ;0.395989974937 ;0.403508771930 ;0.408521303258 ;0.388471177945 ;0.380952380952 ;0.375939849624 ;0.388471177945 ;0.393483709273 ;0.385964912281 ;0.355889724311 ;0.350877192982 ;0.373433583960 ;0.360902255639 ;0.330827067669 ;0.298245614035 ;0.283208020050 ;0.273182957393 ;0.258145363409 ;0.255639097744 ;0.250626566416 ;0.255639097744 ;0.248120300752 ;0.223057644110 ;0.187969924812 ;0.162907268170 ;0.170426065163 ;0.180451127820 ;0.162907268170 ;0.147869674185 ;0.142857142857 ;0.142857142857 ;0.130325814536 ;0.105263157895 ;0.077694235589 ;0.065162907268 ;0.087719298246 ;0.130325814536 ;0.167919799499 ;0.175438596491 ;0.122807017544 ;0.042606516291 ;0.000000000000 ;0.017543859649 ;0.060150375940 ;0.095238095238 ;0.107769423559 ;0.132832080201 ;0.155388471178 ;0.162907268170 ;0.142857142857 ;0.110275689223 ;0.075187969925 ;0.055137844612 ;0.062656641604 ;0.092731829574 ;0.135338345865 ;0.157894736842 ;0.175438596491 ;0.155388471178 ;0.130325814536 ;0.125313283208 ;
0.095465393795 ;0.088305489260 ;0.090692124105 ;0.081145584726 ;0.078758949881 ;0.078758949881 ;0.083532219570 ;0.073985680191 ;0.052505966587 ;0.047732696897 ;0.050119331742 ;0.062052505967 ;0.081145584726 ;0.095465393795 ;0.088305489260 ;0.073985680191 ;0.069212410501 ;0.071599045346 ;0.069212410501 ;0.052505966587 ;0.038186157518 ;0.031026252983 ;0.033412887828 ;0.040572792363 ;0.059665871122 ;0.062052505967 ;0.050119331742 ;0.047732696897 ;0.042959427208 ;0.047732696897 ;0.057279236277 ;0.057279236277 ;0.052505966587 ;0.062052505967 ;0.076372315036 ;0.090692124105 ;0.097852028640 ;0.083532219570 ;0.064439140811 ;0.059665871122 ;0.069212410501 ;0.090692124105 ;0.105011933174 ;0.095465393795 ;0.066825775656 ;0.045346062053 ;0.033412887828 ;0.045346062053 ;0.062052505967 ;0.076372315036 ;0.076372315036 ;0.062052505967 ;0.057279236277 ;0.069212410501 ;0.081145584726 ;0.078758949881 ;0.071599045346 ;0.062052505967 ;0.062052505967 ;0.064439140811 ;0.057279236277 ;0.057279236277 ;0.054892601432 ;0.059665871122 ;0.069212410501 ;0.083532219570 ;0.093078758950 ;0.090692124105 ;0.083532219570 ;0.071599045346 ;0.076372315036 ;0.078758949881 ;0.090692124105 ;0.093078758950 ;0.097852028640 ;0.102625298329 ;0.107398568019 ;0.114558472554 ;0.128878281623 ;0.133651551313 ;0.131264916468 ;0.133651551313 ;0.147971360382 ;0.155131264916 ;0.164677804296 ;0.159904534606 ;0.138424821002 ;0.114558472554 ;0.105011933174 ;0.109785202864 ;0.112171837709 ;0.107398568019 ;0.095465393795 ;0.085918854415 ;0.078758949881 ;0.085918854415 ;0.073985680191 ;0.052505966587 ;0.019093078759 ;0.009546539379 ;0.026252983294 ;0.045346062053 ;0.069212410501 ;0.054892601432 ;0.042959427208 ;0.035799522673 ;0.035799522673 ;0.057279236277 ;0.071599045346 ;0.066825775656 ;0.047732696897 ;0.035799522673 ;0.038186157518 ;0.045346062053 ;0.071599045346 ;0.083532219570 ;0.085918854415 ;0.071599045346 ;0.062052505967 ;0.062052505967 ;0.088305489260 ;0.116945107399 ;0.164677804296 ;0.241050119332 ;0.348448687351 ;0.494033412888 ;0.653937947494 ;0.782816229117 ;0.885441527446 ;0.968973747017 ;1.000000000000 ;0.906921241050 ;0.747016706444 ;0.553699284010 ;0.353221957041 ;0.178997613365 ;0.083532219570 ;0.071599045346 ;0.081145584726 ;0.078758949881 ;0.069212410501 ;0.066825775656 ;0.085918854415 ;0.093078758950 ;0.107398568019 ;0.095465393795 ;0.052505966587 ;0.007159904535 ;0.002386634845 ;0.023866348449 ;0.045346062053 ;0.045346062053 ;0.023866348449 ;0.021479713604 ;0.014319809069 ;0.033412887828 ;0.047732696897 ;0.054892601432 ;0.064439140811 ;0.064439140811 ;0.059665871122 ;0.059665871122 ;0.054892601432 ;0.057279236277 ;0.052505966587 ;0.054892601432 ;0.064439140811 ;0.076372315036 ;0.078758949881 ;0.069212410501 ;0.062052505967 ;0.047732696897 ;0.033412887828 ;0.023866348449 ;0.038186157518 ;0.064439140811 ;0.071599045346 ;0.076372315036 ;0.085918854415 ;0.105011933174 ;0.116945107399 ;0.124105011933 ;0.114558472554 ;0.107398568019 ;0.116945107399 ;0.119331742243 ;0.119331742243 ;0.116945107399 ;0.107398568019 ;0.109785202864 ;0.131264916468 ;0.150357995227 ;0.167064439141 ;0.176610978520 ;0.174224343675 ;0.190930787589 ;0.212410501193 ;0.238663484487 ;0.238663484487 ;0.219570405728 ;0.195704057279 ;0.188544152745 ;0.202863961814 ;0.219570405728 ;0.231503579952 ;0.243436754177 ;0.243436754177 ;0.245823389021 ;0.238663484487 ;0.257756563246 ;0.279236276850 ;0.293556085919 ;0.293556085919 ;0.276849642005 ;0.274463007160 ;0.272076372315 ;0.260143198091 ;0.238663484487 ;0.202863961814 ;0.186157517900 ;0.171837708831 ;0.183770883055 ;0.186157517900 ;0.178997613365 ;0.155131264916 ;0.150357995227 ;0.143198090692 ;0.143198090692 ;0.136038186158 ;0.133651551313 ;0.100238663484 ;0.071599045346 ;0.057279236277 ;0.062052505967 ;0.066825775656 ;0.062052505967 ;0.054892601432 ;0.052505966587 ;0.054892601432 ;0.059665871122 ;0.062052505967 ;0.047732696897 ;0.035799522673 ;0.016706443914 ;0.000000000000 ;0.011933174224 ;0.031026252983 ;0.035799522673 ;0.033412887828 ;0.026252983294 ;0.028639618138 ;0.038186157518 ;0.045346062053 ;0.052505966587 ;0.047732696897 ;0.040572792363 ;0.038186157518 ;0.038186157518 ;0.047732696897 ;0.045346062053 ;
0.494897959184 ;0.500000000000 ;0.482142857143 ;0.477040816327 ;0.471938775510 ;0.487244897959 ;0.487244897959 ;0.482142857143 ;0.461734693878 ;0.454081632653 ;0.448979591837 ;0.433673469388 ;0.436224489796 ;0.433673469388 ;0.420918367347 ;0.403061224490 ;0.397959183673 ;0.390306122449 ;0.385204081633 ;0.369897959184 ;0.359693877551 ;0.349489795918 ;0.341836734694 ;0.334183673469 ;0.323979591837 ;0.316326530612 ;0.311224489796 ;0.298469387755 ;0.301020408163 ;0.298469387755 ;0.301020408163 ;0.283163265306 ;0.275510204082 ;0.270408163265 ;0.265306122449 ;0.272959183673 ;0.267857142857 ;0.265306122449 ;0.244897959184 ;0.237244897959 ;0.224489795918 ;0.229591836735 ;0.232142857143 ;0.219387755102 ;0.206632653061 ;0.191326530612 ;0.178571428571 ;0.173469387755 ;0.165816326531 ;0.158163265306 ;0.150510204082 ;0.153061224490 ;0.155612244898 ;0.163265306122 ;0.165816326531 ;0.158163265306 ;0.147959183673 ;0.130102040816 ;0.132653061224 ;0.150510204082 ;0.158163265306 ;0.140306122449 ;0.142857142857 ;0.145408163265 ;0.142857142857 ;0.140306122449 ;0.145408163265 ;0.147959183673 ;0.142857142857 ;0.137755102041 ;0.145408163265 ;0.145408163265 ;0.153061224490 ;0.147959183673 ;0.142857142857 ;0.142857142857 ;0.150510204082 ;0.165816326531 ;0.173469387755 ;0.178571428571 ;0.176020408163 ;0.170918367347 ;0.168367346939 ;0.160714285714 ;0.176020408163 ;0.188775510204 ;0.183673469388 ;0.176020408163 ;0.173469387755 ;0.183673469388 ;0.191326530612 ;0.193877551020 ;0.191326530612 ;0.181122448980 ;0.168367346939 ;0.170918367347 ;0.170918367347 ;0.170918367347 ;0.176020408163 ;0.168367346939 ;0.158163265306 ;0.165816326531 ;0.176020408163 ;0.178571428571 ;0.170918367347 ;0.168367346939 ;0.181122448980 ;0.191326530612 ;0.193877551020 ;0.206632653061 ;0.206632653061 ;0.206632653061 ;0.211734693878 ;0.211734693878 ;0.219387755102 ;0.224489795918 ;0.219387755102 ;0.209183673469 ;0.188775510204 ;0.186224489796 ;0.204081632653 ;0.232142857143 ;0.272959183673 ;0.339285714286 ;0.426020408163 ;0.548469387755 ;0.681122448980 ;0.813775510204 ;0.918367346939 ;0.994897959184 ;1.000000000000 ;0.928571428571 ;0.801020408163 ;0.630102040816 ;0.403061224490 ;0.165816326531 ;0.022959183673 ;0.000000000000 ;0.038265306122 ;0.086734693878 ;0.137755102041 ;0.198979591837 ;0.252551020408 ;0.293367346939 ;0.318877551020 ;0.329081632653 ;0.339285714286 ;0.352040816327 ;0.364795918367 ;0.375000000000 ;0.380102040816 ;0.390306122449 ;0.397959183673 ;0.410714285714 ;0.418367346939 ;0.433673469388 ;0.441326530612 ;0.433673469388 ;0.420918367347 ;0.395408163265 ;0.359693877551 ;0.326530612245 ;0.308673469388 ;0.288265306122 ;0.252551020408 ;0.232142857143 ;0.216836734694 ;0.224489795918 ;0.237244897959 ;0.262755102041 ;0.290816326531 ;0.318877551020 ;0.339285714286 ;0.362244897959 ;0.357142857143 ;0.341836734694 ;0.323979591837 ;0.316326530612 ;0.321428571429 ;0.336734693878 ;0.344387755102 ;0.329081632653 ;0.313775510204 ;0.293367346939 ;0.283163265306 ;0.280612244898 ;0.275510204082 ;0.270408163265 ;0.260204081633 ;0.270408163265 ;0.283163265306 ;0.311224489796 ;0.339285714286 ;0.349489795918 ;0.346938775510 ;0.354591836735 ;0.339285714286 ;0.336734693878 ;0.339285714286 ;0.331632653061 ;0.323979591837 ;0.331632653061 ;0.339285714286 ;0.352040816327 ;0.367346938776 ;0.375000000000 ;0.369897959184 ;0.364795918367 ;0.357142857143 ;0.369897959184 ;0.390306122449 ;0.397959183673 ;0.400510204082 ;0.377551020408 ;0.367346938776 ;0.377551020408 ;0.397959183673 ;0.395408163265 ;0.372448979592 ;0.344387755102 ;0.316326530612 ;0.311224489796 ;0.311224489796 ;0.318877551020 ;0.313775510204 ;0.311224489796 ;0.301020408163 ;0.303571428571 ;0.301020408163 ;0.290816326531 ;0.272959183673 ;0.267857142857 ;0.255102040816 ;0.255102040816 ;0.250000000000 ;0.239795918367 ;0.227040816327 ;0.221938775510 ;0.224489795918 ;0.237244897959 ;0.239795918367 ;0.234693877551 ;0.234693877551 ;0.221938775510 ;0.216836734694 ;0.232142857143 ;0.234693877551 ;0.219387755102 ;0.201530612245 ;0.181122448980 ;0.186224489796 ;0.201530612245 ;0.209183673469 ;0.229591836735 ;0.234693877551 ;0.239795918367 ;0.239795918367 ;0.252551020408 ;0.252551020408 ;0.250000000000 ;
0.304469273743 ;0.290502793296 ;0.284916201117 ;0.284916201117 ;0.290502793296 ;0.282122905028 ;0.279329608939 ;0.265363128492 ;0.259776536313 ;0.262569832402 ;0.268156424581 ;0.262569832402 ;0.251396648045 ;0.245810055866 ;0.237430167598 ;0.243016759777 ;0.245810055866 ;0.254189944134 ;0.259776536313 ;0.251396648045 ;0.243016759777 ;0.237430167598 ;0.254189944134 ;0.262569832402 ;0.265363128492 ;0.256983240223 ;0.259776536313 ;0.259776536313 ;0.282122905028 ;0.282122905028 ;0.284916201117 ;0.276536312849 ;0.268156424581 ;0.268156424581 ;0.273743016760 ;0.279329608939 ;0.276536312849 ;0.276536312849 ;0.273743016760 ;0.276536312849 ;0.282122905028 ;0.293296089385 ;0.296089385475 ;0.296089385475 ;0.284916201117 ;0.284916201117 ;0.290502793296 ;0.304469273743 ;0.296089385475 ;0.296089385475 ;0.296089385475 ;0.290502793296 ;0.290502793296 ;0.296089385475 ;0.287709497207 ;0.290502793296 ;0.287709497207 ;0.298882681564 ;0.321229050279 ;0.332402234637 ;0.332402234637 ;0.318435754190 ;0.304469273743 ;0.310055865922 ;0.324022346369 ;0.332402234637 ;0.332402234637 ;0.329608938547 ;0.321229050279 ;0.324022346369 ;0.326815642458 ;0.326815642458 ;0.329608938547 ;0.332402234637 ;0.340782122905 ;0.332402234637 ;0.337988826816 ;0.346368715084 ;0.337988826816 ;0.324022346369 ;0.301675977654 ;0.293296089385 ;0.296089385475 ;0.307262569832 ;0.310055865922 ;0.307262569832 ;0.304469273743 ;0.307262569832 ;0.321229050279 ;0.326815642458 ;0.326815642458 ;0.310055865922 ;0.296089385475 ;0.287709497207 ;0.284916201117 ;0.284916201117 ;0.279329608939 ;0.276536312849 ;0.270949720670 ;0.270949720670 ;0.276536312849 ;0.282122905028 ;0.268156424581 ;0.256983240223 ;0.248603351955 ;0.256983240223 ;0.276536312849 ;0.262569832402 ;0.254189944134 ;0.245810055866 ;0.245810055866 ;0.262569832402 ;0.273743016760 ;0.290502793296 ;0.290502793296 ;0.282122905028 ;0.262569832402 ;0.256983240223 ;0.245810055866 ;0.243016759777 ;0.240223463687 ;0.254189944134 ;0.290502793296 ;0.360335195531 ;0.455307262570 ;0.581005586592 ;0.709497206704 ;0.835195530726 ;0.946927374302 ;1.000000000000 ;0.994413407821 ;0.916201117318 ;0.779329608939 ;0.592178770950 ;0.371508379888 ;0.150837988827 ;0.019553072626 ;0.000000000000 ;0.033519553073 ;0.050279329609 ;0.061452513966 ;0.092178770950 ;0.156424581006 ;0.201117318436 ;0.231843575419 ;0.223463687151 ;0.212290502793 ;0.212290502793 ;0.231843575419 ;0.248603351955 ;0.243016759777 ;0.240223463687 ;0.240223463687 ;0.243016759777 ;0.248603351955 ;0.243016759777 ;0.248603351955 ;0.251396648045 ;0.256983240223 ;0.262569832402 ;0.265363128492 ;0.273743016760 ;0.279329608939 ;0.268156424581 ;0.256983240223 ;0.265363128492 ;0.270949720670 ;0.265363128492 ;0.268156424581 ;0.259776536313 ;0.251396648045 ;0.251396648045 ;0.273743016760 ;0.298882681564 ;0.315642458101 ;0.310055865922 ;0.307262569832 ;0.304469273743 ;0.307262569832 ;0.310055865922 ;0.310055865922 ;0.321229050279 ;0.324022346369 ;0.335195530726 ;0.343575418994 ;0.349162011173 ;0.346368715084 ;0.349162011173 ;0.365921787709 ;0.374301675978 ;0.371508379888 ;0.374301675978 ;0.385474860335 ;0.405027932961 ;0.416201117318 ;0.441340782123 ;0.455307262570 ;0.458100558659 ;0.452513966480 ;0.438547486034 ;0.449720670391 ;0.458100558659 ;0.477653631285 ;0.480446927374 ;0.480446927374 ;0.474860335196 ;0.472067039106 ;0.477653631285 ;0.472067039106 ;0.463687150838 ;0.455307262570 ;0.449720670391 ;0.435754189944 ;0.444134078212 ;0.446927374302 ;0.441340782123 ;0.427374301676 ;0.410614525140 ;0.410614525140 ;0.396648044693 ;0.396648044693 ;0.393854748603 ;0.396648044693 ;0.371508379888 ;0.354748603352 ;0.335195530726 ;0.326815642458 ;0.326815642458 ;0.324022346369 ;0.324022346369 ;0.324022346369 ;0.324022346369 ;0.332402234637 ;0.335195530726 ;0.324022346369 ;0.304469273743 ;0.290502793296 ;0.282122905028 ;0.290502793296 ;0.298882681564 ;0.296089385475 ;0.298882681564 ;0.293296089385 ;0.290502793296 ;0.290502793296 ;0.284916201117 ;0.273743016760 ;0.282122905028 ;0.270949720670 ;0.279329608939 ;0.290502793296 ;0.287709497207 ;0.282122905028 ;0.273743016760 ;0.284916201117 ;0.296089385475 ;0.301675977654 ;0.301675977654 ;0.301675977654 ;0.290502793296 ;
0.431372549020 ;0.426470588235 ;0.424019607843 ;0.414215686275 ;0.411764705882 ;0.409313725490 ;0.411764705882 ;0.411764705882 ;0.406862745098 ;0.406862745098 ;0.404411764706 ;0.397058823529 ;0.401960784314 ;0.411764705882 ;0.414215686275 ;0.406862745098 ;0.399509803922 ;0.394607843137 ;0.394607843137 ;0.399509803922 ;0.404411764706 ;0.397058823529 ;0.401960784314 ;0.392156862745 ;0.392156862745 ;0.397058823529 ;0.401960784314 ;0.406862745098 ;0.399509803922 ;0.399509803922 ;0.399509803922 ;0.401960784314 ;0.404411764706 ;0.394607843137 ;0.389705882353 ;0.387254901961 ;0.382352941176 ;0.389705882353 ;0.387254901961 ;0.389705882353 ;0.389705882353 ;0.392156862745 ;0.397058823529 ;0.397058823529 ;0.394607843137 ;0.397058823529 ;0.389705882353 ;0.382352941176 ;0.392156862745 ;0.394607843137 ;0.399509803922 ;0.389705882353 ;0.379901960784 ;0.382352941176 ;0.389705882353 ;0.389705882353 ;0.389705882353 ;0.387254901961 ;0.384803921569 ;0.379901960784 ;0.389705882353 ;0.401960784314 ;0.411764705882 ;0.414215686275 ;0.406862745098 ;0.399509803922 ;0.401960784314 ;0.416666666667 ;0.424019607843 ;0.416666666667 ;0.409313725490 ;0.404411764706 ;0.401960784314 ;0.406862745098 ;0.409313725490 ;0.414215686275 ;0.406862745098 ;0.406862745098 ;0.404411764706 ;0.409313725490 ;0.401960784314 ;0.394607843137 ;0.387254901961 ;0.382352941176 ;0.387254901961 ;0.399509803922 ;0.389705882353 ;0.384803921569 ;0.379901960784 ;0.392156862745 ;0.394607843137 ;0.397058823529 ;0.401960784314 ;0.401960784314 ;0.389705882353 ;0.377450980392 ;0.372549019608 ;0.367647058824 ;0.367647058824 ;0.360294117647 ;0.343137254902 ;0.340686274510 ;0.345588235294 ;0.350490196078 ;0.340686274510 ;0.333333333333 ;0.325980392157 ;0.335784313725 ;0.335784313725 ;0.340686274510 ;0.340686274510 ;0.328431372549 ;0.321078431373 ;0.321078431373 ;0.330882352941 ;0.330882352941 ;0.328431372549 ;0.316176470588 ;0.296568627451 ;0.284313725490 ;0.286764705882 ;0.296568627451 ;0.306372549020 ;0.340686274510 ;0.389705882353 ;0.460784313725 ;0.573529411765 ;0.705882352941 ;0.835784313725 ;0.943627450980 ;1.000000000000 ;0.958333333333 ;0.848039215686 ;0.678921568627 ;0.473039215686 ;0.237745098039 ;0.056372549020 ;0.000000000000 ;0.046568627451 ;0.117647058824 ;0.178921568627 ;0.223039215686 ;0.254901960784 ;0.279411764706 ;0.291666666667 ;0.303921568627 ;0.311274509804 ;0.308823529412 ;0.306372549020 ;0.306372549020 ;0.303921568627 ;0.313725490196 ;0.316176470588 ;0.311274509804 ;0.306372549020 ;0.306372549020 ;0.311274509804 ;0.316176470588 ;0.316176470588 ;0.306372549020 ;0.294117647059 ;0.301470588235 ;0.308823529412 ;0.313725490196 ;0.323529411765 ;0.321078431373 ;0.323529411765 ;0.316176470588 ;0.328431372549 ;0.345588235294 ;0.360294117647 ;0.362745098039 ;0.360294117647 ;0.355392156863 ;0.365196078431 ;0.367647058824 ;0.370098039216 ;0.355392156863 ;0.355392156863 ;0.365196078431 ;0.372549019608 ;0.379901960784 ;0.387254901961 ;0.389705882353 ;0.387254901961 ;0.382352941176 ;0.389705882353 ;0.401960784314 ;0.406862745098 ;0.406862745098 ;0.399509803922 ;0.404411764706 ;0.414215686275 ;0.421568627451 ;0.431372549020 ;0.431372549020 ;0.428921568627 ;0.433823529412 ;0.441176470588 ;0.450980392157 ;0.460784313725 ;0.465686274510 ;0.455882352941 ;0.458333333333 ;0.460784313725 ;0.477941176471 ;0.482843137255 ;0.477941176471 ;0.470588235294 ;0.465686274510 ;0.465686274510 ;0.470588235294 ;0.480392156863 ;0.475490196078 ;0.465686274510 ;0.455882352941 ;0.455882352941 ;0.453431372549 ;0.463235294118 ;0.463235294118 ;0.446078431373 ;0.433823529412 ;0.419117647059 ;0.421568627451 ;0.409313725490 ;0.389705882353 ;0.370098039216 ;0.365196078431 ;0.362745098039 ;0.367647058824 ;0.370098039216 ;0.362745098039 ;0.350490196078 ;0.345588235294 ;0.343137254902 ;0.348039215686 ;0.340686274510 ;0.323529411765 ;0.316176470588 ;0.313725490196 ;0.308823529412 ;0.306372549020 ;0.308823529412 ;0.318627450980 ;0.321078431373 ;0.318627450980 ;0.323529411765 ;0.330882352941 ;0.338235294118 ;0.318627450980 ;0.303921568627 ;0.294117647059 ;0.303921568627 ;0.328431372549 ;0.328431372549 ;0.333333333333 ;0.313725490196 ;0.299019607843 ;0.311274509804 ;0.325980392157 ;
0.097744360902 ;0.093984962406 ;0.090225563910 ;0.090225563910 ;0.112781954887 ;0.120300751880 ;0.112781954887 ;0.116541353383 ;0.109022556391 ;0.116541353383 ;0.124060150376 ;0.124060150376 ;0.127819548872 ;0.112781954887 ;0.127819548872 ;0.127819548872 ;0.142857142857 ;0.157894736842 ;0.150375939850 ;0.146616541353 ;0.146616541353 ;0.157894736842 ;0.165413533835 ;0.161654135338 ;0.154135338346 ;0.142857142857 ;0.146616541353 ;0.154135338346 ;0.169172932331 ;0.161654135338 ;0.165413533835 ;0.157894736842 ;0.161654135338 ;0.169172932331 ;0.176691729323 ;0.191729323308 ;0.176691729323 ;0.157894736842 ;0.169172932331 ;0.169172932331 ;0.176691729323 ;0.169172932331 ;0.169172932331 ;0.165413533835 ;0.150375939850 ;0.146616541353 ;0.150375939850 ;0.154135338346 ;0.146616541353 ;0.142857142857 ;0.135338345865 ;0.135338345865 ;0.135338345865 ;0.131578947368 ;0.127819548872 ;0.120300751880 ;0.127819548872 ;0.131578947368 ;0.131578947368 ;0.127819548872 ;0.124060150376 ;0.105263157895 ;0.097744360902 ;0.116541353383 ;0.120300751880 ;0.124060150376 ;0.120300751880 ;0.101503759398 ;0.109022556391 ;0.124060150376 ;0.146616541353 ;0.154135338346 ;0.150375939850 ;0.142857142857 ;0.146616541353 ;0.150375939850 ;0.161654135338 ;0.161654135338 ;0.157894736842 ;0.161654135338 ;0.150375939850 ;0.157894736842 ;0.165413533835 ;0.172932330827 ;0.172932330827 ;0.165413533835 ;0.165413533835 ;0.165413533835 ;0.169172932331 ;0.172932330827 ;0.172932330827 ;0.169172932331 ;0.165413533835 ;0.172932330827 ;0.172932330827 ;0.169172932331 ;0.154135338346 ;0.146616541353 ;0.135338345865 ;0.135338345865 ;0.150375939850 ;0.135338345865 ;0.139097744361 ;0.127819548872 ;0.131578947368 ;0.139097744361 ;0.154135338346 ;0.146616541353 ;0.150375939850 ;0.139097744361 ;0.127819548872 ;0.142857142857 ;0.150375939850 ;0.154135338346 ;0.157894736842 ;0.142857142857 ;0.127819548872 ;0.142857142857 ;0.172932330827 ;0.221804511278 ;0.296992481203 ;0.379699248120 ;0.469924812030 ;0.567669172932 ;0.661654135338 ;0.755639097744 ;0.849624060150 ;0.913533834586 ;0.981203007519 ;1.000000000000 ;0.992481203008 ;0.951127819549 ;0.879699248120 ;0.796992481203 ;0.672932330827 ;0.522556390977 ;0.379699248120 ;0.274436090226 ;0.229323308271 ;0.187969924812 ;0.154135338346 ;0.120300751880 ;0.124060150376 ;0.120300751880 ;0.109022556391 ;0.082706766917 ;0.078947368421 ;0.075187969925 ;0.067669172932 ;0.063909774436 ;0.056390977444 ;0.041353383459 ;0.037593984962 ;0.033834586466 ;0.052631578947 ;0.048872180451 ;0.030075187970 ;0.030075187970 ;0.018796992481 ;0.026315789474 ;0.030075187970 ;0.033834586466 ;0.033834586466 ;0.022556390977 ;0.011278195489 ;0.011278195489 ;0.003759398496 ;0.015037593985 ;0.011278195489 ;0.003759398496 ;0.000000000000 ;0.000000000000 ;0.011278195489 ;0.011278195489 ;0.015037593985 ;0.007518796992 ;0.011278195489 ;0.033834586466 ;0.033834586466 ;0.037593984962 ;0.030075187970 ;0.022556390977 ;0.026315789474 ;0.037593984962 ;0.045112781955 ;0.041353383459 ;0.041353383459 ;0.030075187970 ;0.037593984962 ;0.045112781955 ;0.060150375940 ;0.067669172932 ;0.056390977444 ;0.041353383459 ;0.045112781955 ;0.048872180451 ;0.063909774436 ;0.063909774436 ;0.060150375940 ;0.060150375940 ;0.048872180451 ;0.060150375940 ;0.063909774436 ;0.063909774436 ;0.052631578947 ;0.045112781955 ;0.045112781955 ;0.063909774436 ;0.067669172932 ;0.082706766917 ;0.082706766917 ;0.082706766917 ;0.090225563910 ;0.101503759398 ;0.105263157895 ;0.120300751880 ;0.116541353383 ;0.109022556391 ;0.116541353383 ;0.127819548872 ;0.139097744361 ;0.146616541353 ;0.139097744361 ;0.131578947368 ;0.135338345865 ;0.146616541353 ;0.157894736842 ;0.169172932331 ;0.169172932331 ;0.154135338346 ;0.157894736842 ;0.165413533835 ;0.184210526316 ;0.184210526316 ;0.180451127820 ;0.169172932331 ;0.169172932331 ;0.172932330827 ;0.184210526316 ;0.187969924812 ;0.180451127820 ;0.184210526316 ;0.172932330827 ;0.180451127820 ;0.199248120301 ;0.206766917293 ;0.195488721805 ;0.187969924812 ;0.195488721805 ;0.195488721805 ;0.199248120301 ;0.195488721805 ;0.195488721805 ;0.184210526316 ;0.187969924812 ;0.191729323308 ;0.195488721805 ;0.184210526316 ;0.180451127820 ;0.176691729323 ;
0.086642599278 ;0.104693140794 ;0.097472924188 ;0.093862815884 ;0.086642599278 ;0.090252707581 ;0.090252707581 ;0.108303249097 ;0.115523465704 ;0.115523465704 ;0.108303249097 ;0.108303249097 ;0.119133574007 ;0.126353790614 ;0.129963898917 ;0.126353790614 ;0.126353790614 ;0.101083032491 ;0.119133574007 ;0.133574007220 ;0.122743682310 ;0.122743682310 ;0.115523465704 ;0.111913357401 ;0.122743682310 ;0.122743682310 ;0.133574007220 ;0.126353790614 ;0.126353790614 ;0.115523465704 ;0.115523465704 ;0.122743682310 ;0.133574007220 ;0.126353790614 ;0.119133574007 ;0.119133574007 ;0.119133574007 ;0.119133574007 ;0.115523465704 ;0.126353790614 ;0.119133574007 ;0.101083032491 ;0.104693140794 ;0.115523465704 ;0.108303249097 ;0.119133574007 ;0.104693140794 ;0.101083032491 ;0.093862815884 ;0.111913357401 ;0.111913357401 ;0.104693140794 ;0.097472924188 ;0.093862815884 ;0.093862815884 ;0.108303249097 ;0.111913357401 ;0.111913357401 ;0.111913357401 ;0.097472924188 ;0.101083032491 ;0.104693140794 ;0.122743682310 ;0.111913357401 ;0.101083032491 ;0.111913357401 ;0.111913357401 ;0.119133574007 ;0.119133574007 ;0.119133574007 ;0.115523465704 ;0.104693140794 ;0.111913357401 ;0.119133574007 ;0.126353790614 ;0.122743682310 ;0.115523465704 ;0.093862815884 ;0.108303249097 ;0.119133574007 ;0.129963898917 ;0.119133574007 ;0.115523465704 ;0.108303249097 ;0.104693140794 ;0.122743682310 ;0.119133574007 ;0.119133574007 ;0.111913357401 ;0.101083032491 ;0.111913357401 ;0.115523465704 ;0.119133574007 ;0.122743682310 ;0.115523465704 ;0.111913357401 ;0.115523465704 ;0.122743682310 ;0.126353790614 ;0.111913357401 ;0.115523465704 ;0.104693140794 ;0.115523465704 ;0.126353790614 ;0.126353790614 ;0.122743682310 ;0.104693140794 ;0.104693140794 ;0.115523465704 ;0.133574007220 ;0.122743682310 ;0.129963898917 ;0.126353790614 ;0.119133574007 ;0.122743682310 ;0.129963898917 ;0.133574007220 ;0.126353790614 ;0.133574007220 ;0.155234657040 ;0.241877256318 ;0.335740072202 ;0.436823104693 ;0.519855595668 ;0.606498194946 ;0.693140794224 ;0.790613718412 ;0.895306859206 ;0.981949458484 ;1.000000000000 ;0.978339350181 ;0.927797833935 ;0.873646209386 ;0.805054151625 ;0.678700361011 ;0.501805054152 ;0.321299638989 ;0.227436823105 ;0.194945848375 ;0.173285198556 ;0.137184115523 ;0.101083032491 ;0.075812274368 ;0.068592057762 ;0.068592057762 ;0.061371841155 ;0.050541516245 ;0.043321299639 ;0.025270758123 ;0.018050541516 ;0.018050541516 ;0.025270758123 ;0.032490974729 ;0.018050541516 ;0.014440433213 ;0.007220216606 ;0.007220216606 ;0.014440433213 ;0.018050541516 ;0.021660649819 ;0.000000000000 ;0.000000000000 ;0.000000000000 ;0.010830324910 ;0.018050541516 ;0.014440433213 ;0.003610108303 ;0.010830324910 ;0.003610108303 ;0.010830324910 ;0.014440433213 ;0.010830324910 ;0.003610108303 ;0.007220216606 ;0.007220216606 ;0.010830324910 ;0.018050541516 ;0.010830324910 ;0.003610108303 ;0.007220216606 ;0.007220216606 ;0.014440433213 ;0.025270758123 ;0.021660649819 ;0.025270758123 ;0.007220216606 ;0.014440433213 ;0.014440433213 ;0.028880866426 ;0.021660649819 ;0.018050541516 ;0.014440433213 ;0.003610108303 ;0.018050541516 ;0.028880866426 ;0.018050541516 ;0.010830324910 ;0.003610108303 ;0.014440433213 ;0.021660649819 ;0.021660649819 ;0.018050541516 ;0.003610108303 ;0.000000000000 ;0.010830324910 ;0.021660649819 ;0.025270758123 ;0.021660649819 ;0.018050541516 ;0.021660649819 ;0.028880866426 ;0.036101083032 ;0.057761732852 ;0.072202166065 ;0.068592057762 ;0.072202166065 ;0.086642599278 ;0.093862815884 ;0.097472924188 ;0.111913357401 ;0.097472924188 ;0.108303249097 ;0.115523465704 ;0.119133574007 ;0.122743682310 ;0.137184115523 ;0.129963898917 ;0.129963898917 ;0.119133574007 ;0.140794223827 ;0.144404332130 ;0.140794223827 ;0.140794223827 ;0.129963898917 ;0.140794223827 ;0.144404332130 ;0.155234657040 ;0.148014440433 ;0.144404332130 ;0.129963898917 ;0.129963898917 ;0.151624548736 ;0.151624548736 ;0.144404332130 ;0.144404332130 ;0.133574007220 ;0.133574007220 ;0.137184115523 ;0.133574007220 ;0.133574007220 ;0.126353790614 ;0.126353790614 ;0.115523465704 ;0.133574007220 ;0.140794223827 ;0.129963898917 ;0.126353790614 ;0.122743682310 ;0.122743682310 ;0.122743682310 ;
0.161184210526 ;0.164473684211 ;0.171052631579 ;0.167763157895 ;0.151315789474 ;0.161184210526 ;0.164473684211 ;0.167763157895 ;0.171052631579 ;0.174342105263 ;0.164473684211 ;0.167763157895 ;0.161184210526 ;0.174342105263 ;0.180921052632 ;0.177631578947 ;0.171052631579 ;0.174342105263 ;0.180921052632 ;0.171052631579 ;0.184210526316 ;0.190789473684 ;0.184210526316 ;0.177631578947 ;0.190789473684 ;0.194078947368 ;0.194078947368 ;0.194078947368 ;0.184210526316 ;0.180921052632 ;0.180921052632 ;0.194078947368 ;0.190789473684 ;0.190789473684 ;0.187500000000 ;0.171052631579 ;0.177631578947 ;0.171052631579 ;0.174342105263 ;0.171052631579 ;0.157894736842 ;0.157894736842 ;0.157894736842 ;0.157894736842 ;0.154605263158 ;0.161184210526 ;0.148026315789 ;0.154605263158 ;0.148026315789 ;0.161184210526 ;0.157894736842 ;0.151315789474 ;0.141447368421 ;0.134868421053 ;0.141447368421 ;0.161184210526 ;0.164473684211 ;0.164473684211 ;0.157894736842 ;0.151315789474 ;0.154605263158 ;0.164473684211 ;0.171052631579 ;0.167763157895 ;0.164473684211 ;0.167763157895 ;0.171052631579 ;0.174342105263 ;0.177631578947 ;0.177631578947 ;0.177631578947 ;0.177631578947 ;0.177631578947 ;0.187500000000 ;0.194078947368 ;0.190789473684 ;0.177631578947 ;0.177631578947 ;0.180921052632 ;0.187500000000 ;0.190789473684 ;0.180921052632 ;0.177631578947 ;0.171052631579 ;0.171052631579 ;0.171052631579 ;0.174342105263 ;0.171052631579 ;0.164473684211 ;0.154605263158 ;0.154605263158 ;0.154605263158 ;0.154605263158 ;0.154605263158 ;0.144736842105 ;0.138157894737 ;0.138157894737 ;0.134868421053 ;0.144736842105 ;0.138157894737 ;0.131578947368 ;0.134868421053 ;0.131578947368 ;0.148026315789 ;0.157894736842 ;0.154605263158 ;0.148026315789 ;0.154605263158 ;0.164473684211 ;0.174342105263 ;0.184210526316 ;0.187500000000 ;0.177631578947 ;0.177631578947 ;0.177631578947 ;0.177631578947 ;0.184210526316 ;0.203947368421 ;0.230263157895 ;0.289473684211 ;0.358552631579 ;0.447368421053 ;0.526315789474 ;0.595394736842 ;0.664473684211 ;0.753289473684 ;0.845394736842 ;0.917763157895 ;0.983552631579 ;1.000000000000 ;0.986842105263 ;0.944078947368 ;0.891447368421 ;0.805921052632 ;0.687500000000 ;0.532894736842 ;0.381578947368 ;0.289473684211 ;0.253289473684 ;0.210526315789 ;0.167763157895 ;0.131578947368 ;0.101973684211 ;0.082236842105 ;0.078947368421 ;0.069078947368 ;0.059210526316 ;0.036184210526 ;0.023026315789 ;0.019736842105 ;0.013157894737 ;0.019736842105 ;0.019736842105 ;0.013157894737 ;0.003289473684 ;0.006578947368 ;0.009868421053 ;0.019736842105 ;0.013157894737 ;0.016447368421 ;0.009868421053 ;0.009868421053 ;0.000000000000 ;0.009868421053 ;0.019736842105 ;0.006578947368 ;0.003289473684 ;0.003289473684 ;0.000000000000 ;0.009868421053 ;0.006578947368 ;0.013157894737 ;0.009868421053 ;0.009868421053 ;0.016447368421 ;0.009868421053 ;0.016447368421 ;0.023026315789 ;0.016447368421 ;0.013157894737 ;0.013157894737 ;0.013157894737 ;0.029605263158 ;0.029605263158 ;0.013157894737 ;0.013157894737 ;0.009868421053 ;0.016447368421 ;0.023026315789 ;0.023026315789 ;0.016447368421 ;0.006578947368 ;0.009868421053 ;0.013157894737 ;0.019736842105 ;0.016447368421 ;0.009868421053 ;0.006578947368 ;0.009868421053 ;0.019736842105 ;0.016447368421 ;0.016447368421 ;0.016447368421 ;0.013157894737 ;0.003289473684 ;0.003289473684 ;0.016447368421 ;0.013157894737 ;0.013157894737 ;0.009868421053 ;0.016447368421 ;0.032894736842 ;0.039473684211 ;0.036184210526 ;0.039473684211 ;0.042763157895 ;0.052631578947 ;0.065789473684 ;0.069078947368 ;0.082236842105 ;0.078947368421 ;0.075657894737 ;0.082236842105 ;0.088815789474 ;0.105263157895 ;0.101973684211 ;0.098684210526 ;0.098684210526 ;0.111842105263 ;0.115131578947 ;0.125000000000 ;0.118421052632 ;0.115131578947 ;0.101973684211 ;0.105263157895 ;0.118421052632 ;0.125000000000 ;0.125000000000 ;0.118421052632 ;0.115131578947 ;0.118421052632 ;0.115131578947 ;0.125000000000 ;0.125000000000 ;0.115131578947 ;0.105263157895 ;0.108552631579 ;0.108552631579 ;0.115131578947 ;0.115131578947 ;0.105263157895 ;0.101973684211 ;0.098684210526 ;0.105263157895 ;0.095394736842 ;0.082236842105 ;0.085526315789 ;0.072368421053 ;0.059210526316 ;0.059210526316 ;
0.041975308642 ;0.037037037037 ;0.024691358025 ;0.037037037037 ;0.039506172840 ;0.029629629630 ;0.019753086420 ;0.000000000000 ;0.004938271605 ;0.004938271605 ;0.017283950617 ;0.017283950617 ;0.019753086420 ;0.009876543210 ;0.009876543210 ;0.004938271605 ;0.004938271605 ;0.009876543210 ;0.002469135802 ;0.007407407407 ;0.012345679012 ;0.019753086420 ;0.029629629630 ;0.024691358025 ;0.009876543210 ;0.012345679012 ;0.014814814815 ;0.017283950617 ;0.027160493827 ;0.029629629630 ;0.027160493827 ;0.024691358025 ;0.027160493827 ;0.032098765432 ;0.039506172840 ;0.037037037037 ;0.032098765432 ;0.032098765432 ;0.039506172840 ;0.059259259259 ;0.064197530864 ;0.061728395062 ;0.054320987654 ;0.049382716049 ;0.049382716049 ;0.059259259259 ;0.066666666667 ;0.066666666667 ;0.069135802469 ;0.069135802469 ;0.069135802469 ;0.064197530864 ;0.074074074074 ;0.071604938272 ;0.071604938272 ;0.076543209877 ;0.076543209877 ;0.083950617284 ;0.086419753086 ;0.083950617284 ;0.074074074074 ;0.069135802469 ;0.076543209877 ;0.083950617284 ;0.101234567901 ;0.098765432099 ;0.096296296296 ;0.098765432099 ;0.111111111111 ;0.116049382716 ;0.138271604938 ;0.148148148148 ;0.145679012346 ;0.145679012346 ;0.162962962963 ;0.182716049383 ;0.195061728395 ;0.207407407407 ;0.204938271605 ;0.204938271605 ;0.219753086420 ;0.232098765432 ;0.244444444444 ;0.237037037037 ;0.224691358025 ;0.219753086420 ;0.209876543210 ;0.200000000000 ;0.190123456790 ;0.170370370370 ;0.148148148148 ;0.125925925926 ;0.125925925926 ;0.123456790123 ;0.118518518519 ;0.111111111111 ;0.096296296296 ;0.093827160494 ;0.093827160494 ;0.096296296296 ;0.103703703704 ;0.101234567901 ;0.093827160494 ;0.086419753086 ;0.083950617284 ;0.086419753086 ;0.091358024691 ;0.088888888889 ;0.088888888889 ;0.088888888889 ;0.098765432099 ;0.103703703704 ;0.116049382716 ;0.103703703704 ;0.108641975309 ;0.106172839506 ;0.111111111111 ;0.123456790123 ;0.140740740741 ;0.138271604938 ;0.143209876543 ;0.150617283951 ;0.175308641975 ;0.232098765432 ;0.323456790123 ;0.429629629630 ;0.562962962963 ;0.703703703704 ;0.839506172840 ;0.950617283951 ;1.000000000000 ;0.940740740741 ;0.770370370370 ;0.538271604938 ;0.323456790123 ;0.172839506173 ;0.113580246914 ;0.106172839506 ;0.130864197531 ;0.143209876543 ;0.148148148148 ;0.165432098765 ;0.165432098765 ;0.172839506173 ;0.167901234568 ;0.162962962963 ;0.162962962963 ;0.167901234568 ;0.175308641975 ;0.170370370370 ;0.160493827160 ;0.165432098765 ;0.167901234568 ;0.175308641975 ;0.187654320988 ;0.190123456790 ;0.180246913580 ;0.170370370370 ;0.162962962963 ;0.182716049383 ;0.192592592593 ;0.197530864198 ;0.202469135802 ;0.197530864198 ;0.202469135802 ;0.202469135802 ;0.209876543210 ;0.212345679012 ;0.209876543210 ;0.202469135802 ;0.209876543210 ;0.217283950617 ;0.217283950617 ;0.222222222222 ;0.212345679012 ;0.214814814815 ;0.209876543210 ;0.217283950617 ;0.222222222222 ;0.222222222222 ;0.224691358025 ;0.224691358025 ;0.229629629630 ;0.234567901235 ;0.244444444444 ;0.237037037037 ;0.234567901235 ;0.234567901235 ;0.241975308642 ;0.251851851852 ;0.264197530864 ;0.264197530864 ;0.261728395062 ;0.266666666667 ;0.269135802469 ;0.276543209877 ;0.291358024691 ;0.296296296296 ;0.298765432099 ;0.291358024691 ;0.301234567901 ;0.313580246914 ;0.320987654321 ;0.323456790123 ;0.313580246914 ;0.311111111111 ;0.316049382716 ;0.323456790123 ;0.338271604938 ;0.340740740741 ;0.323456790123 ;0.316049382716 ;0.318518518519 ;0.318518518519 ;0.320987654321 ;0.316049382716 ;0.311111111111 ;0.298765432099 ;0.293827160494 ;0.291358024691 ;0.286419753086 ;0.274074074074 ;0.259259259259 ;0.239506172840 ;0.241975308642 ;0.234567901235 ;0.232098765432 ;0.224691358025 ;0.212345679012 ;0.202469135802 ;0.187654320988 ;0.187654320988 ;0.192592592593 ;0.190123456790 ;0.187654320988 ;0.170370370370 ;0.172839506173 ;0.180246913580 ;0.175308641975 ;0.170370370370 ;0.165432098765 ;0.162962962963 ;0.165432098765 ;0.170370370370 ;0.180246913580 ;0.182716049383 ;0.170370370370 ;0.170370370370 ;0.167901234568 ;0.165432098765 ;0.175308641975 ;0.172839506173 ;0.172839506173 ;0.162962962963 ;0.167901234568 ;0.175308641975 ;0.182716049383 ;0.182716049383 ;0.175308641975 ;0.165432098765 ;
0.065104166667 ;0.062500000000 ;0.059895833333 ;0.062500000000 ;0.062500000000 ;0.057291666667 ;0.049479166667 ;0.033854166667 ;0.044270833333 ;0.054687500000 ;0.059895833333 ;0.057291666667 ;0.057291666667 ;0.054687500000 ;0.052083333333 ;0.052083333333 ;0.052083333333 ;0.049479166667 ;0.046875000000 ;0.046875000000 ;0.059895833333 ;0.065104166667 ;0.072916666667 ;0.059895833333 ;0.057291666667 ;0.052083333333 ;0.054687500000 ;0.065104166667 ;0.070312500000 ;0.070312500000 ;0.070312500000 ;0.070312500000 ;0.070312500000 ;0.072916666667 ;0.078125000000 ;0.062500000000 ;0.057291666667 ;0.052083333333 ;0.062500000000 ;0.067708333333 ;0.080729166667 ;0.075520833333 ;0.067708333333 ;0.054687500000 ;0.057291666667 ;0.065104166667 ;0.059895833333 ;0.065104166667 ;0.062500000000 ;0.057291666667 ;0.067708333333 ;0.067708333333 ;0.065104166667 ;0.065104166667 ;0.065104166667 ;0.052083333333 ;0.054687500000 ;0.062500000000 ;0.067708333333 ;0.062500000000 ;0.065104166667 ;0.065104166667 ;0.067708333333 ;0.070312500000 ;0.075520833333 ;0.078125000000 ;0.085937500000 ;0.088541666667 ;0.104166666667 ;0.122395833333 ;0.135416666667 ;0.130208333333 ;0.135416666667 ;0.130208333333 ;0.135416666667 ;0.161458333333 ;0.171875000000 ;0.182291666667 ;0.195312500000 ;0.190104166667 ;0.192708333333 ;0.192708333333 ;0.195312500000 ;0.179687500000 ;0.169270833333 ;0.161458333333 ;0.153645833333 ;0.143229166667 ;0.127604166667 ;0.104166666667 ;0.085937500000 ;0.070312500000 ;0.054687500000 ;0.057291666667 ;0.057291666667 ;0.057291666667 ;0.044270833333 ;0.036458333333 ;0.039062500000 ;0.044270833333 ;0.044270833333 ;0.033854166667 ;0.023437500000 ;0.015625000000 ;0.020833333333 ;0.028645833333 ;0.028645833333 ;0.018229166667 ;0.020833333333 ;0.023437500000 ;0.023437500000 ;0.023437500000 ;0.026041666667 ;0.023437500000 ;0.018229166667 ;0.013020833333 ;0.020833333333 ;0.041666666667 ;0.054687500000 ;0.054687500000 ;0.057291666667 ;0.067708333333 ;0.109375000000 ;0.177083333333 ;0.276041666667 ;0.382812500000 ;0.510416666667 ;0.653645833333 ;0.809895833333 ;0.934895833333 ;1.000000000000 ;0.950520833333 ;0.799479166667 ;0.565104166667 ;0.317708333333 ;0.130208333333 ;0.028645833333 ;0.000000000000 ;0.018229166667 ;0.033854166667 ;0.057291666667 ;0.067708333333 ;0.070312500000 ;0.067708333333 ;0.052083333333 ;0.052083333333 ;0.054687500000 ;0.062500000000 ;0.062500000000 ;0.052083333333 ;0.036458333333 ;0.031250000000 ;0.031250000000 ;0.041666666667 ;0.052083333333 ;0.054687500000 ;0.046875000000 ;0.054687500000 ;0.052083333333 ;0.054687500000 ;0.059895833333 ;0.054687500000 ;0.052083333333 ;0.049479166667 ;0.059895833333 ;0.070312500000 ;0.080729166667 ;0.072916666667 ;0.070312500000 ;0.059895833333 ;0.062500000000 ;0.072916666667 ;0.080729166667 ;0.080729166667 ;0.083333333333 ;0.085937500000 ;0.088541666667 ;0.093750000000 ;0.096354166667 ;0.093750000000 ;0.083333333333 ;0.080729166667 ;0.091145833333 ;0.109375000000 ;0.119791666667 ;0.125000000000 ;0.119791666667 ;0.114583333333 ;0.122395833333 ;0.130208333333 ;0.135416666667 ;0.135416666667 ;0.127604166667 ;0.143229166667 ;0.145833333333 ;0.156250000000 ;0.166666666667 ;0.166666666667 ;0.161458333333 ;0.158854166667 ;0.166666666667 ;0.179687500000 ;0.192708333333 ;0.187500000000 ;0.190104166667 ;0.182291666667 ;0.192708333333 ;0.200520833333 ;0.200520833333 ;0.197916666667 ;0.192708333333 ;0.195312500000 ;0.200520833333 ;0.213541666667 ;0.221354166667 ;0.218750000000 ;0.200520833333 ;0.187500000000 ;0.184895833333 ;0.190104166667 ;0.184895833333 ;0.169270833333 ;0.153645833333 ;0.145833333333 ;0.140625000000 ;0.143229166667 ;0.135416666667 ;0.122395833333 ;0.106770833333 ;0.093750000000 ;0.096354166667 ;0.096354166667 ;0.093750000000 ;0.088541666667 ;0.070312500000 ;0.059895833333 ;0.057291666667 ;0.059895833333 ;0.057291666667 ;0.054687500000 ;0.044270833333 ;0.044270833333 ;0.052083333333 ;0.057291666667 ;0.065104166667 ;0.057291666667 ;0.041666666667 ;0.033854166667 ;0.041666666667 ;0.044270833333 ;0.046875000000 ;0.046875000000 ;0.036458333333 ;0.044270833333 ;0.046875000000 ;0.054687500000 ;0.057291666667 ;0.049479166667 ;0.044270833333 ;0.041666666667 ;
0.314641744548 ;0.327102803738 ;0.334890965732 ;0.347352024922 ;0.358255451713 ;0.370716510903 ;0.381619937695 ;0.400311526480 ;0.415887850467 ;0.426791277259 ;0.433021806854 ;0.436137071651 ;0.436137071651 ;0.440809968847 ;0.448598130841 ;0.461059190031 ;0.470404984424 ;0.481308411215 ;0.484423676012 ;0.481308411215 ;0.485981308411 ;0.482866043614 ;0.478193146417 ;0.481308411215 ;0.479750778816 ;0.479750778816 ;0.470404984424 ;0.464174454829 ;0.456386292835 ;0.451713395639 ;0.450155763240 ;0.445482866044 ;0.443925233645 ;0.440809968847 ;0.434579439252 ;0.425233644860 ;0.414330218069 ;0.403426791277 ;0.395638629283 ;0.389408099688 ;0.386292834891 ;0.383177570093 ;0.380062305296 ;0.372274143302 ;0.361370716511 ;0.350467289720 ;0.342679127726 ;0.334890965732 ;0.327102803738 ;0.319314641745 ;0.308411214953 ;0.297507788162 ;0.285046728972 ;0.278816199377 ;0.277258566978 ;0.277258566978 ;0.278816199377 ;0.278816199377 ;0.277258566978 ;0.271028037383 ;0.263239875389 ;0.257009345794 ;0.250778816199 ;0.250778816199 ;0.255451713396 ;0.255451713396 ;0.263239875389 ;0.263239875389 ;0.261682242991 ;0.263239875389 ;0.269470404984 ;0.272585669782 ;0.283489096573 ;0.295950155763 ;0.306853582555 ;0.319314641745 ;0.330218068536 ;0.336448598131 ;0.342679127726 ;0.345794392523 ;0.358255451713 ;0.362928348910 ;0.367601246106 ;0.369158878505 ;0.362928348910 ;0.352024922118 ;0.338006230530 ;0.327102803738 ;0.317757009346 ;0.305295950156 ;0.291277258567 ;0.272585669782 ;0.258566978193 ;0.249221183801 ;0.239875389408 ;0.236760124611 ;0.235202492212 ;0.242990654206 ;0.249221183801 ;0.252336448598 ;0.250778816199 ;0.250778816199 ;0.241433021807 ;0.238317757009 ;0.235202492212 ;0.239875389408 ;0.238317757009 ;0.239875389408 ;0.239875389408 ;0.236760124611 ;0.235202492212 ;0.236760124611 ;0.239875389408 ;0.236760124611 ;0.241433021807 ;0.242990654206 ;0.241433021807 ;0.233644859813 ;0.224299065421 ;0.222741433022 ;0.235202492212 ;0.275700934579 ;0.348909657321 ;0.437694704050 ;0.542056074766 ;0.660436137072 ;0.780373831776 ;0.890965732087 ;0.973520249221 ;1.000000000000 ;0.967289719626 ;0.880062305296 ;0.750778816199 ;0.602803738318 ;0.448598130841 ;0.308411214953 ;0.196261682243 ;0.101246105919 ;0.035825545171 ;0.001557632399 ;0.000000000000 ;0.024922118380 ;0.060747663551 ;0.098130841121 ;0.126168224299 ;0.146417445483 ;0.155763239875 ;0.155763239875 ;0.151090342679 ;0.141744548287 ;0.133956386293 ;0.126168224299 ;0.118380062305 ;0.119937694704 ;0.119937694704 ;0.118380062305 ;0.119937694704 ;0.116822429907 ;0.112149532710 ;0.109034267913 ;0.107476635514 ;0.116822429907 ;0.116822429907 ;0.121495327103 ;0.116822429907 ;0.113707165109 ;0.105919003115 ;0.105919003115 ;0.101246105919 ;0.104361370717 ;0.110591900312 ;0.115264797508 ;0.118380062305 ;0.119937694704 ;0.124610591900 ;0.127725856698 ;0.135514018692 ;0.138629283489 ;0.141744548287 ;0.141744548287 ;0.144859813084 ;0.149532710280 ;0.158878504673 ;0.166666666667 ;0.177570093458 ;0.190031152648 ;0.205607476636 ;0.210280373832 ;0.214953271028 ;0.219626168224 ;0.222741433022 ;0.232087227414 ;0.241433021807 ;0.252336448598 ;0.261682242991 ;0.272585669782 ;0.281931464174 ;0.289719626168 ;0.305295950156 ;0.316199376947 ;0.325545171340 ;0.338006230530 ;0.348909657321 ;0.355140186916 ;0.361370716511 ;0.367601246106 ;0.378504672897 ;0.392523364486 ;0.404984423676 ;0.420560747664 ;0.429906542056 ;0.434579439252 ;0.442367601246 ;0.443925233645 ;0.445482866044 ;0.448598130841 ;0.448598130841 ;0.439252336449 ;0.442367601246 ;0.440809968847 ;0.439252336449 ;0.437694704050 ;0.440809968847 ;0.439252336449 ;0.437694704050 ;0.437694704050 ;0.429906542056 ;0.417445482866 ;0.398753894081 ;0.392523364486 ;0.381619937695 ;0.378504672897 ;0.375389408100 ;0.373831775701 ;0.369158878505 ;0.358255451713 ;0.352024922118 ;0.341121495327 ;0.331775700935 ;0.327102803738 ;0.319314641745 ;0.311526479751 ;0.306853582555 ;0.297507788162 ;0.285046728972 ;0.281931464174 ;0.274143302181 ;0.267912772586 ;0.267912772586 ;0.263239875389 ;0.257009345794 ;0.249221183801 ;0.239875389408 ;0.232087227414 ;0.225856697819 ;0.227414330218 ;0.233644859813 ;0.233644859813 ;0.241433021807 ;0.244548286604 ;
0.116379310345 ;0.123563218391 ;0.129310344828 ;0.135057471264 ;0.145114942529 ;0.159482758621 ;0.169540229885 ;0.182471264368 ;0.192528735632 ;0.204022988506 ;0.215517241379 ;0.224137931034 ;0.234195402299 ;0.244252873563 ;0.252873563218 ;0.262931034483 ;0.268678160920 ;0.274425287356 ;0.278735632184 ;0.283045977011 ;0.291666666667 ;0.295977011494 ;0.304597701149 ;0.313218390805 ;0.317528735632 ;0.318965517241 ;0.316091954023 ;0.313218390805 ;0.311781609195 ;0.311781609195 ;0.310344827586 ;0.313218390805 ;0.313218390805 ;0.310344827586 ;0.310344827586 ;0.306034482759 ;0.301724137931 ;0.293103448276 ;0.285919540230 ;0.280172413793 ;0.275862068966 ;0.265804597701 ;0.257183908046 ;0.245689655172 ;0.241379310345 ;0.232758620690 ;0.228448275862 ;0.225574712644 ;0.218390804598 ;0.215517241379 ;0.202586206897 ;0.193965517241 ;0.186781609195 ;0.182471264368 ;0.173850574713 ;0.165229885057 ;0.166666666667 ;0.168103448276 ;0.166666666667 ;0.165229885057 ;0.160919540230 ;0.156609195402 ;0.150862068966 ;0.146551724138 ;0.146551724138 ;0.147988505747 ;0.149425287356 ;0.156609195402 ;0.163793103448 ;0.169540229885 ;0.176724137931 ;0.185344827586 ;0.195402298851 ;0.201149425287 ;0.202586206897 ;0.204022988506 ;0.204022988506 ;0.205459770115 ;0.208333333333 ;0.214080459770 ;0.219827586207 ;0.224137931034 ;0.227011494253 ;0.221264367816 ;0.211206896552 ;0.192528735632 ;0.178160919540 ;0.159482758621 ;0.147988505747 ;0.136494252874 ;0.127873563218 ;0.126436781609 ;0.129310344828 ;0.132183908046 ;0.130747126437 ;0.136494252874 ;0.137931034483 ;0.139367816092 ;0.137931034483 ;0.137931034483 ;0.135057471264 ;0.126436781609 ;0.127873563218 ;0.130747126437 ;0.136494252874 ;0.143678160920 ;0.146551724138 ;0.152298850575 ;0.149425287356 ;0.146551724138 ;0.145114942529 ;0.142241379310 ;0.142241379310 ;0.142241379310 ;0.146551724138 ;0.146551724138 ;0.146551724138 ;0.143678160920 ;0.137931034483 ;0.140804597701 ;0.166666666667 ;0.214080459770 ;0.275862068966 ;0.369252873563 ;0.477011494253 ;0.602011494253 ;0.742816091954 ;0.866379310345 ;0.959770114943 ;1.000000000000 ;0.978448275862 ;0.903735632184 ;0.794540229885 ;0.663793103448 ;0.521551724138 ;0.390804597701 ;0.270114942529 ;0.168103448276 ;0.081896551724 ;0.024425287356 ;0.000000000000 ;0.001436781609 ;0.022988505747 ;0.054597701149 ;0.084770114943 ;0.109195402299 ;0.119252873563 ;0.119252873563 ;0.113505747126 ;0.100574712644 ;0.089080459770 ;0.087643678161 ;0.084770114943 ;0.084770114943 ;0.084770114943 ;0.090517241379 ;0.087643678161 ;0.093390804598 ;0.093390804598 ;0.086206896552 ;0.081896551724 ;0.074712643678 ;0.071839080460 ;0.070402298851 ;0.068965517241 ;0.067528735632 ;0.074712643678 ;0.079022988506 ;0.079022988506 ;0.074712643678 ;0.071839080460 ;0.068965517241 ;0.066091954023 ;0.067528735632 ;0.068965517241 ;0.073275862069 ;0.076149425287 ;0.077586206897 ;0.077586206897 ;0.083333333333 ;0.084770114943 ;0.089080459770 ;0.093390804598 ;0.100574712644 ;0.104885057471 ;0.107758620690 ;0.112068965517 ;0.117816091954 ;0.126436781609 ;0.136494252874 ;0.150862068966 ;0.162356321839 ;0.168103448276 ;0.182471264368 ;0.188218390805 ;0.198275862069 ;0.208333333333 ;0.222701149425 ;0.231321839080 ;0.242816091954 ;0.255747126437 ;0.265804597701 ;0.275862068966 ;0.285919540230 ;0.298850574713 ;0.310344827586 ;0.321839080460 ;0.334770114943 ;0.350574712644 ;0.362068965517 ;0.372126436782 ;0.382183908046 ;0.390804597701 ;0.402298850575 ;0.419540229885 ;0.431034482759 ;0.441091954023 ;0.448275862069 ;0.452586206897 ;0.449712643678 ;0.449712643678 ;0.451149425287 ;0.452586206897 ;0.456896551724 ;0.459770114943 ;0.466954022989 ;0.464080459770 ;0.459770114943 ;0.455459770115 ;0.446839080460 ;0.442528735632 ;0.435344827586 ;0.431034482759 ;0.422413793103 ;0.410919540230 ;0.400862068966 ;0.396551724138 ;0.385057471264 ;0.387931034483 ;0.382183908046 ;0.379310344828 ;0.370689655172 ;0.362068965517 ;0.350574712644 ;0.339080459770 ;0.330459770115 ;0.320402298851 ;0.314655172414 ;0.314655172414 ;0.308908045977 ;0.304597701149 ;0.297413793103 ;0.288793103448 ;0.280172413793 ;0.271551724138 ;0.261494252874 ;0.257183908046 ;0.250000000000 ;0.245689655172 ;0.242816091954 ;
0.342182890855 ;0.351032448378 ;0.361356932153 ;0.367256637168 ;0.374631268437 ;0.380530973451 ;0.383480825959 ;0.389380530973 ;0.398230088496 ;0.408554572271 ;0.421828908555 ;0.433628318584 ;0.438053097345 ;0.441002949853 ;0.442477876106 ;0.445427728614 ;0.446902654867 ;0.452802359882 ;0.455752212389 ;0.458702064897 ;0.461651917404 ;0.454277286136 ;0.443952802360 ;0.435103244838 ;0.426253687316 ;0.420353982301 ;0.415929203540 ;0.410029498525 ;0.404129793510 ;0.395280235988 ;0.384955752212 ;0.374631268437 ;0.364306784661 ;0.359882005900 ;0.351032448378 ;0.346607669617 ;0.334808259587 ;0.323008849558 ;0.314159292035 ;0.297935103245 ;0.290560471976 ;0.284660766962 ;0.280235988201 ;0.278761061947 ;0.278761061947 ;0.277286135693 ;0.272861356932 ;0.265486725664 ;0.259587020649 ;0.253687315634 ;0.253687315634 ;0.255162241888 ;0.255162241888 ;0.256637168142 ;0.258112094395 ;0.261061946903 ;0.255162241888 ;0.256637168142 ;0.258112094395 ;0.258112094395 ;0.259587020649 ;0.261061946903 ;0.259587020649 ;0.258112094395 ;0.258112094395 ;0.256637168142 ;0.259587020649 ;0.265486725664 ;0.269911504425 ;0.277286135693 ;0.281710914454 ;0.280235988201 ;0.278761061947 ;0.278761061947 ;0.283185840708 ;0.287610619469 ;0.294985250737 ;0.302359882006 ;0.306784660767 ;0.314159292035 ;0.312684365782 ;0.314159292035 ;0.315634218289 ;0.314159292035 ;0.311209439528 ;0.300884955752 ;0.286135693215 ;0.266961651917 ;0.244837758112 ;0.227138643068 ;0.215339233038 ;0.210914454277 ;0.206489675516 ;0.199115044248 ;0.202064896755 ;0.199115044248 ;0.196165191740 ;0.187315634218 ;0.185840707965 ;0.184365781711 ;0.190265486726 ;0.197640117994 ;0.197640117994 ;0.203539823009 ;0.203539823009 ;0.199115044248 ;0.197640117994 ;0.197640117994 ;0.199115044248 ;0.197640117994 ;0.196165191740 ;0.194690265487 ;0.188790560472 ;0.193215339233 ;0.188790560472 ;0.184365781711 ;0.179941002950 ;0.175516224189 ;0.176991150442 ;0.185840707965 ;0.213864306785 ;0.261061946903 ;0.333333333333 ;0.426253687316 ;0.528023598820 ;0.637168141593 ;0.761061946903 ;0.870206489676 ;0.960176991150 ;1.000000000000 ;0.989675516224 ;0.927728613569 ;0.831858407080 ;0.712389380531 ;0.581120943953 ;0.452802359882 ;0.340707964602 ;0.233038348083 ;0.137168141593 ;0.064896755162 ;0.014749262537 ;0.000000000000 ;0.013274336283 ;0.047197640118 ;0.082595870206 ;0.110619469027 ;0.126843657817 ;0.132743362832 ;0.126843657817 ;0.117994100295 ;0.109144542773 ;0.110619469027 ;0.110619469027 ;0.110619469027 ;0.107669616519 ;0.109144542773 ;0.104719764012 ;0.100294985251 ;0.097345132743 ;0.097345132743 ;0.095870206490 ;0.097345132743 ;0.097345132743 ;0.092920353982 ;0.092920353982 ;0.094395280236 ;0.092920353982 ;0.095870206490 ;0.095870206490 ;0.095870206490 ;0.091445427729 ;0.085545722714 ;0.085545722714 ;0.087020648968 ;0.091445427729 ;0.095870206490 ;0.101769911504 ;0.106194690265 ;0.103244837758 ;0.103244837758 ;0.101769911504 ;0.103244837758 ;0.110619469027 ;0.115044247788 ;0.125368731563 ;0.131268436578 ;0.138643067847 ;0.144542772861 ;0.147492625369 ;0.153392330383 ;0.159292035398 ;0.166666666667 ;0.175516224189 ;0.181415929204 ;0.190265486726 ;0.196165191740 ;0.202064896755 ;0.213864306785 ;0.225663716814 ;0.240412979351 ;0.253687315634 ;0.264011799410 ;0.275811209440 ;0.283185840708 ;0.287610619469 ;0.300884955752 ;0.311209439528 ;0.324483775811 ;0.339233038348 ;0.348082595870 ;0.359882005900 ;0.367256637168 ;0.374631268437 ;0.383480825959 ;0.395280235988 ;0.399705014749 ;0.407079646018 ;0.410029498525 ;0.411504424779 ;0.411504424779 ;0.412979351032 ;0.414454277286 ;0.420353982301 ;0.426253687316 ;0.424778761062 ;0.424778761062 ;0.418879056047 ;0.411504424779 ;0.399705014749 ;0.396755162242 ;0.393805309735 ;0.390855457227 ;0.384955752212 ;0.380530973451 ;0.373156342183 ;0.368731563422 ;0.361356932153 ;0.356932153392 ;0.351032448378 ;0.339233038348 ;0.333333333333 ;0.327433628319 ;0.317109144543 ;0.308259587021 ;0.299410029499 ;0.293510324484 ;0.292035398230 ;0.289085545723 ;0.283185840708 ;0.278761061947 ;0.274336283186 ;0.269911504425 ;0.265486725664 ;0.264011799410 ;0.262536873156 ;0.264011799410 ;0.266961651917 ;0.266961651917 ;0.269911504425 ;0.265486725664 ;
0.607142857143 ;0.607142857143 ;0.604591836735 ;0.589285714286 ;0.571428571429 ;0.553571428571 ;0.545918367347 ;0.545918367347 ;0.556122448980 ;0.558673469388 ;0.548469387755 ;0.525510204082 ;0.502551020408 ;0.489795918367 ;0.477040816327 ;0.487244897959 ;0.484693877551 ;0.464285714286 ;0.448979591837 ;0.448979591837 ;0.464285714286 ;0.456632653061 ;0.397959183673 ;0.349489795918 ;0.329081632653 ;0.344387755102 ;0.359693877551 ;0.369897959184 ;0.364795918367 ;0.346938775510 ;0.323979591837 ;0.318877551020 ;0.349489795918 ;0.377551020408 ;0.377551020408 ;0.349489795918 ;0.321428571429 ;0.308673469388 ;0.306122448980 ;0.313775510204 ;0.313775510204 ;0.323979591837 ;0.341836734694 ;0.377551020408 ;0.395408163265 ;0.380102040816 ;0.326530612245 ;0.288265306122 ;0.303571428571 ;0.352040816327 ;0.377551020408 ;0.367346938776 ;0.331632653061 ;0.311224489796 ;0.321428571429 ;0.344387755102 ;0.357142857143 ;0.364795918367 ;0.367346938776 ;0.375000000000 ;0.392857142857 ;0.403061224490 ;0.408163265306 ;0.408163265306 ;0.400510204082 ;0.400510204082 ;0.395408163265 ;0.372448979592 ;0.359693877551 ;0.369897959184 ;0.375000000000 ;0.364795918367 ;0.341836734694 ;0.326530612245 ;0.334183673469 ;0.344387755102 ;0.336734693878 ;0.331632653061 ;0.321428571429 ;0.331632653061 ;0.336734693878 ;0.357142857143 ;0.364795918367 ;0.369897959184 ;0.354591836735 ;0.331632653061 ;0.295918367347 ;0.278061224490 ;0.283163265306 ;0.303571428571 ;0.311224489796 ;0.303571428571 ;0.295918367347 ;0.295918367347 ;0.308673469388 ;0.329081632653 ;0.354591836735 ;0.354591836735 ;0.354591836735 ;0.364795918367 ;0.359693877551 ;0.326530612245 ;0.295918367347 ;0.280612244898 ;0.316326530612 ;0.349489795918 ;0.336734693878 ;0.303571428571 ;0.283163265306 ;0.298469387755 ;0.316326530612 ;0.331632653061 ;0.326530612245 ;0.323979591837 ;0.334183673469 ;0.349489795918 ;0.352040816327 ;0.346938775510 ;0.336734693878 ;0.334183673469 ;0.354591836735 ;0.357142857143 ;0.362244897959 ;0.397959183673 ;0.479591836735 ;0.584183673469 ;0.701530612245 ;0.841836734694 ;0.959183673469 ;1.000000000000 ;0.987244897959 ;0.928571428571 ;0.841836734694 ;0.739795918367 ;0.650510204082 ;0.533163265306 ;0.367346938776 ;0.178571428571 ;0.040816326531 ;0.000000000000 ;0.043367346939 ;0.117346938776 ;0.181122448980 ;0.237244897959 ;0.275510204082 ;0.280612244898 ;0.278061224490 ;0.278061224490 ;0.303571428571 ;0.323979591837 ;0.334183673469 ;0.331632653061 ;0.354591836735 ;0.372448979592 ;0.375000000000 ;0.359693877551 ;0.331632653061 ;0.318877551020 ;0.329081632653 ;0.359693877551 ;0.362244897959 ;0.354591836735 ;0.349489795918 ;0.357142857143 ;0.382653061224 ;0.385204081633 ;0.382653061224 ;0.375000000000 ;0.385204081633 ;0.403061224490 ;0.420918367347 ;0.423469387755 ;0.415816326531 ;0.415816326531 ;0.438775510204 ;0.454081632653 ;0.466836734694 ;0.471938775510 ;0.474489795918 ;0.502551020408 ;0.520408163265 ;0.538265306122 ;0.535714285714 ;0.528061224490 ;0.517857142857 ;0.533163265306 ;0.561224489796 ;0.571428571429 ;0.566326530612 ;0.543367346939 ;0.540816326531 ;0.568877551020 ;0.596938775510 ;0.599489795918 ;0.586734693878 ;0.596938775510 ;0.604591836735 ;0.604591836735 ;0.589285714286 ;0.571428571429 ;0.556122448980 ;0.543367346939 ;0.548469387755 ;0.558673469388 ;0.543367346939 ;0.530612244898 ;0.528061224490 ;0.535714285714 ;0.515306122449 ;0.474489795918 ;0.423469387755 ;0.380102040816 ;0.372448979592 ;0.400510204082 ;0.413265306122 ;0.408163265306 ;0.397959183673 ;0.387755102041 ;0.390306122449 ;0.408163265306 ;0.413265306122 ;0.372448979592 ;0.329081632653 ;0.318877551020 ;0.349489795918 ;0.372448979592 ;0.377551020408 ;0.364795918367 ;0.359693877551 ;0.344387755102 ;0.323979591837 ;0.311224489796 ;0.321428571429 ;0.318877551020 ;0.323979591837 ;0.321428571429 ;0.321428571429 ;0.323979591837 ;0.336734693878 ;0.344387755102 ;0.344387755102 ;0.331632653061 ;0.329081632653 ;0.329081632653 ;0.349489795918 ;0.367346938776 ;0.375000000000 ;0.372448979592 ;0.362244897959 ;0.367346938776 ;0.367346938776 ;0.380102040816 ;0.372448979592 ;0.377551020408 ;0.385204081633 ;0.392857142857 ;0.408163265306 ;0.443877551020 ;0.456632653061 ;0.431122448980 ;
0.600000000000 ;0.580821917808 ;0.564383561644 ;0.547945205479 ;0.545205479452 ;0.531506849315 ;0.517808219178 ;0.506849315068 ;0.490410958904 ;0.476712328767 ;0.473972602740 ;0.468493150685 ;0.460273972603 ;0.446575342466 ;0.430136986301 ;0.419178082192 ;0.419178082192 ;0.424657534247 ;0.416438356164 ;0.405479452055 ;0.391780821918 ;0.394520547945 ;0.391780821918 ;0.397260273973 ;0.397260273973 ;0.389041095890 ;0.380821917808 ;0.380821917808 ;0.386301369863 ;0.397260273973 ;0.389041095890 ;0.389041095890 ;0.375342465753 ;0.375342465753 ;0.372602739726 ;0.378082191781 ;0.378082191781 ;0.375342465753 ;0.369863013699 ;0.369863013699 ;0.380821917808 ;0.389041095890 ;0.386301369863 ;0.391780821918 ;0.386301369863 ;0.391780821918 ;0.397260273973 ;0.410958904110 ;0.408219178082 ;0.400000000000 ;0.394520547945 ;0.405479452055 ;0.413698630137 ;0.430136986301 ;0.432876712329 ;0.432876712329 ;0.432876712329 ;0.430136986301 ;0.435616438356 ;0.438356164384 ;0.427397260274 ;0.413698630137 ;0.408219178082 ;0.405479452055 ;0.408219178082 ;0.408219178082 ;0.402739726027 ;0.389041095890 ;0.372602739726 ;0.375342465753 ;0.375342465753 ;0.386301369863 ;0.389041095890 ;0.383561643836 ;0.383561643836 ;0.372602739726 ;0.375342465753 ;0.375342465753 ;0.372602739726 ;0.369863013699 ;0.361643835616 ;0.364383561644 ;0.361643835616 ;0.372602739726 ;0.367123287671 ;0.358904109589 ;0.353424657534 ;0.358904109589 ;0.369863013699 ;0.369863013699 ;0.375342465753 ;0.372602739726 ;0.369863013699 ;0.364383561644 ;0.375342465753 ;0.389041095890 ;0.386301369863 ;0.378082191781 ;0.367123287671 ;0.361643835616 ;0.375342465753 ;0.386301369863 ;0.380821917808 ;0.372602739726 ;0.364383561644 ;0.369863013699 ;0.375342465753 ;0.380821917808 ;0.380821917808 ;0.380821917808 ;0.367123287671 ;0.369863013699 ;0.378082191781 ;0.380821917808 ;0.383561643836 ;0.375342465753 ;0.361643835616 ;0.353424657534 ;0.356164383562 ;0.361643835616 ;0.369863013699 ;0.397260273973 ;0.443835616438 ;0.517808219178 ;0.610958904110 ;0.698630136986 ;0.789041095890 ;0.868493150685 ;0.934246575342 ;0.975342465753 ;1.000000000000 ;0.967123287671 ;0.876712328767 ;0.775342465753 ;0.671232876712 ;0.526027397260 ;0.358904109589 ;0.205479452055 ;0.079452054795 ;0.000000000000 ;0.005479452055 ;0.049315068493 ;0.117808219178 ;0.161643835616 ;0.202739726027 ;0.232876712329 ;0.263013698630 ;0.295890410959 ;0.326027397260 ;0.347945205479 ;0.356164383562 ;0.358904109589 ;0.353424657534 ;0.364383561644 ;0.372602739726 ;0.389041095890 ;0.391780821918 ;0.389041095890 ;0.383561643836 ;0.378082191781 ;0.386301369863 ;0.397260273973 ;0.402739726027 ;0.402739726027 ;0.397260273973 ;0.400000000000 ;0.413698630137 ;0.427397260274 ;0.430136986301 ;0.424657534247 ;0.421917808219 ;0.421917808219 ;0.441095890411 ;0.457534246575 ;0.463013698630 ;0.460273972603 ;0.449315068493 ;0.463013698630 ;0.476712328767 ;0.487671232877 ;0.501369863014 ;0.506849315068 ;0.515068493151 ;0.517808219178 ;0.539726027397 ;0.558904109589 ;0.564383561644 ;0.569863013699 ;0.569863013699 ;0.578082191781 ;0.586301369863 ;0.597260273973 ;0.602739726027 ;0.600000000000 ;0.594520547945 ;0.602739726027 ;0.613698630137 ;0.624657534247 ;0.621917808219 ;0.624657534247 ;0.616438356164 ;0.619178082192 ;0.627397260274 ;0.638356164384 ;0.632876712329 ;0.619178082192 ;0.608219178082 ;0.602739726027 ;0.602739726027 ;0.605479452055 ;0.591780821918 ;0.575342465753 ;0.558904109589 ;0.553424657534 ;0.553424657534 ;0.550684931507 ;0.536986301370 ;0.520547945205 ;0.498630136986 ;0.484931506849 ;0.476712328767 ;0.479452054795 ;0.465753424658 ;0.446575342466 ;0.430136986301 ;0.416438356164 ;0.413698630137 ;0.419178082192 ;0.410958904110 ;0.402739726027 ;0.389041095890 ;0.389041095890 ;0.389041095890 ;0.391780821918 ;0.389041095890 ;0.375342465753 ;0.375342465753 ;0.369863013699 ;0.364383561644 ;0.372602739726 ;0.369863013699 ;0.361643835616 ;0.350684931507 ;0.353424657534 ;0.358904109589 ;0.361643835616 ;0.367123287671 ;0.364383561644 ;0.350684931507 ;0.350684931507 ;0.358904109589 ;0.375342465753 ;0.369863013699 ;0.361643835616 ;0.353424657534 ;0.358904109589 ;0.358904109589 ;0.369863013699 ;0.372602739726 ;0.369863013699 ;
0.680124223602 ;0.683229813665 ;0.673913043478 ;0.677018633540 ;0.680124223602 ;0.686335403727 ;0.680124223602 ;0.673913043478 ;0.667701863354 ;0.667701863354 ;0.680124223602 ;0.677018633540 ;0.664596273292 ;0.649068322981 ;0.630434782609 ;0.624223602484 ;0.614906832298 ;0.608695652174 ;0.586956521739 ;0.562111801242 ;0.543478260870 ;0.531055900621 ;0.512422360248 ;0.506211180124 ;0.484472049689 ;0.472049689441 ;0.465838509317 ;0.453416149068 ;0.456521739130 ;0.459627329193 ;0.453416149068 ;0.437888198758 ;0.419254658385 ;0.406832298137 ;0.425465838509 ;0.431677018634 ;0.431677018634 ;0.431677018634 ;0.416149068323 ;0.409937888199 ;0.413043478261 ;0.419254658385 ;0.422360248447 ;0.416149068323 ;0.403726708075 ;0.403726708075 ;0.406832298137 ;0.419254658385 ;0.416149068323 ;0.413043478261 ;0.397515527950 ;0.403726708075 ;0.413043478261 ;0.416149068323 ;0.422360248447 ;0.422360248447 ;0.416149068323 ;0.425465838509 ;0.428571428571 ;0.447204968944 ;0.447204968944 ;0.437888198758 ;0.434782608696 ;0.437888198758 ;0.450310559006 ;0.468944099379 ;0.481366459627 ;0.475155279503 ;0.472049689441 ;0.478260869565 ;0.481366459627 ;0.484472049689 ;0.468944099379 ;0.444099378882 ;0.434782608696 ;0.431677018634 ;0.440993788820 ;0.437888198758 ;0.422360248447 ;0.413043478261 ;0.416149068323 ;0.422360248447 ;0.437888198758 ;0.444099378882 ;0.425465838509 ;0.409937888199 ;0.397515527950 ;0.397515527950 ;0.403726708075 ;0.416149068323 ;0.406832298137 ;0.394409937888 ;0.381987577640 ;0.388198757764 ;0.391304347826 ;0.406832298137 ;0.403726708075 ;0.397515527950 ;0.391304347826 ;0.394409937888 ;0.391304347826 ;0.406832298137 ;0.403726708075 ;0.394409937888 ;0.394409937888 ;0.391304347826 ;0.400621118012 ;0.413043478261 ;0.409937888199 ;0.406832298137 ;0.400621118012 ;0.400621118012 ;0.406832298137 ;0.413043478261 ;0.409937888199 ;0.403726708075 ;0.400621118012 ;0.400621118012 ;0.409937888199 ;0.416149068323 ;0.406832298137 ;0.397515527950 ;0.388198757764 ;0.419254658385 ;0.484472049689 ;0.571428571429 ;0.649068322981 ;0.732919254658 ;0.829192546584 ;0.919254658385 ;0.987577639752 ;1.000000000000 ;0.919254658385 ;0.804347826087 ;0.683229813665 ;0.509316770186 ;0.291925465839 ;0.108695652174 ;0.000000000000 ;0.000000000000 ;0.080745341615 ;0.164596273292 ;0.229813664596 ;0.288819875776 ;0.341614906832 ;0.366459627329 ;0.378881987578 ;0.394409937888 ;0.397515527950 ;0.425465838509 ;0.422360248447 ;0.416149068323 ;0.416149068323 ;0.416149068323 ;0.422360248447 ;0.428571428571 ;0.434782608696 ;0.434782608696 ;0.434782608696 ;0.453416149068 ;0.459627329193 ;0.475155279503 ;0.472049689441 ;0.475155279503 ;0.475155279503 ;0.490683229814 ;0.506211180124 ;0.515527950311 ;0.521739130435 ;0.524844720497 ;0.531055900621 ;0.543478260870 ;0.562111801242 ;0.583850931677 ;0.590062111801 ;0.593167701863 ;0.605590062112 ;0.618012422360 ;0.630434782609 ;0.636645962733 ;0.639751552795 ;0.642857142857 ;0.649068322981 ;0.655279503106 ;0.677018633540 ;0.686335403727 ;0.683229813665 ;0.677018633540 ;0.677018633540 ;0.686335403727 ;0.686335403727 ;0.698757763975 ;0.692546583851 ;0.680124223602 ;0.664596273292 ;0.655279503106 ;0.655279503106 ;0.658385093168 ;0.652173913043 ;0.630434782609 ;0.605590062112 ;0.593167701863 ;0.583850931677 ;0.571428571429 ;0.549689440994 ;0.524844720497 ;0.509316770186 ;0.487577639752 ;0.484472049689 ;0.484472049689 ;0.472049689441 ;0.453416149068 ;0.434782608696 ;0.431677018634 ;0.428571428571 ;0.437888198758 ;0.434782608696 ;0.416149068323 ;0.409937888199 ;0.406832298137 ;0.409937888199 ;0.419254658385 ;0.406832298137 ;0.397515527950 ;0.397515527950 ;0.397515527950 ;0.409937888199 ;0.422360248447 ;0.419254658385 ;0.413043478261 ;0.400621118012 ;0.403726708075 ;0.409937888199 ;0.419254658385 ;0.416149068323 ;0.413043478261 ;0.406832298137 ;0.409937888199 ;0.425465838509 ;0.434782608696 ;0.444099378882 ;0.440993788820 ;0.440993788820 ;0.440993788820 ;0.450310559006 ;0.456521739130 ;0.459627329193 ;0.453416149068 ;0.459627329193 ;0.462732919255 ;0.472049689441 ;0.487577639752 ;0.484472049689 ;0.465838509317 ;0.450310559006 ;0.456521739130 ;0.453416149068 ;0.462732919255 ;0.444099378882 ;0.431677018634 ;
0.583798882682 ;0.575418994413 ;0.558659217877 ;0.558659217877 ;0.553072625698 ;0.547486033520 ;0.525139664804 ;0.502793296089 ;0.480446927374 ;0.488826815642 ;0.486033519553 ;0.477653631285 ;0.460893854749 ;0.449720670391 ;0.438547486034 ;0.432960893855 ;0.435754189944 ;0.413407821229 ;0.410614525140 ;0.402234636872 ;0.396648044693 ;0.396648044693 ;0.402234636872 ;0.402234636872 ;0.391061452514 ;0.385474860335 ;0.382681564246 ;0.391061452514 ;0.391061452514 ;0.382681564246 ;0.377094972067 ;0.368715083799 ;0.371508379888 ;0.377094972067 ;0.382681564246 ;0.379888268156 ;0.368715083799 ;0.365921787709 ;0.377094972067 ;0.382681564246 ;0.391061452514 ;0.391061452514 ;0.388268156425 ;0.388268156425 ;0.393854748603 ;0.405027932961 ;0.413407821229 ;0.410614525140 ;0.405027932961 ;0.396648044693 ;0.405027932961 ;0.418994413408 ;0.432960893855 ;0.441340782123 ;0.435754189944 ;0.432960893855 ;0.435754189944 ;0.438547486034 ;0.432960893855 ;0.427374301676 ;0.413407821229 ;0.407821229050 ;0.402234636872 ;0.402234636872 ;0.407821229050 ;0.402234636872 ;0.391061452514 ;0.391061452514 ;0.396648044693 ;0.402234636872 ;0.410614525140 ;0.410614525140 ;0.396648044693 ;0.382681564246 ;0.379888268156 ;0.382681564246 ;0.393854748603 ;0.382681564246 ;0.377094972067 ;0.374301675978 ;0.377094972067 ;0.379888268156 ;0.385474860335 ;0.371508379888 ;0.371508379888 ;0.365921787709 ;0.365921787709 ;0.371508379888 ;0.377094972067 ;0.374301675978 ;0.371508379888 ;0.365921787709 ;0.365921787709 ;0.368715083799 ;0.382681564246 ;0.377094972067 ;0.365921787709 ;0.360335195531 ;0.360335195531 ;0.368715083799 ;0.377094972067 ;0.368715083799 ;0.371508379888 ;0.365921787709 ;0.365921787709 ;0.374301675978 ;0.377094972067 ;0.371508379888 ;0.368715083799 ;0.363128491620 ;0.363128491620 ;0.368715083799 ;0.382681564246 ;0.374301675978 ;0.360335195531 ;0.351955307263 ;0.346368715084 ;0.343575418994 ;0.346368715084 ;0.340782122905 ;0.349162011173 ;0.368715083799 ;0.427374301676 ;0.502793296089 ;0.583798882682 ;0.659217877095 ;0.734636871508 ;0.818435754190 ;0.921787709497 ;0.983240223464 ;1.000000000000 ;0.946927374302 ;0.849162011173 ;0.748603351955 ;0.622905027933 ;0.452513966480 ;0.276536312849 ;0.128491620112 ;0.025139664804 ;0.000000000000 ;0.030726256983 ;0.097765363128 ;0.153631284916 ;0.189944134078 ;0.223463687151 ;0.248603351955 ;0.298882681564 ;0.326815642458 ;0.351955307263 ;0.354748603352 ;0.354748603352 ;0.351955307263 ;0.360335195531 ;0.374301675978 ;0.385474860335 ;0.382681564246 ;0.377094972067 ;0.379888268156 ;0.382681564246 ;0.396648044693 ;0.410614525140 ;0.405027932961 ;0.405027932961 ;0.396648044693 ;0.407821229050 ;0.418994413408 ;0.427374301676 ;0.432960893855 ;0.432960893855 ;0.432960893855 ;0.435754189944 ;0.446927374302 ;0.460893854749 ;0.463687150838 ;0.466480446927 ;0.466480446927 ;0.474860335196 ;0.486033519553 ;0.500000000000 ;0.502793296089 ;0.502793296089 ;0.508379888268 ;0.516759776536 ;0.530726256983 ;0.550279329609 ;0.558659217877 ;0.561452513966 ;0.564245810056 ;0.569832402235 ;0.583798882682 ;0.597765363128 ;0.600558659218 ;0.600558659218 ;0.597765363128 ;0.606145251397 ;0.611731843575 ;0.628491620112 ;0.622905027933 ;0.625698324022 ;0.617318435754 ;0.625698324022 ;0.636871508380 ;0.645251396648 ;0.642458100559 ;0.634078212291 ;0.622905027933 ;0.628491620112 ;0.628491620112 ;0.622905027933 ;0.617318435754 ;0.603351955307 ;0.586592178771 ;0.583798882682 ;0.578212290503 ;0.567039106145 ;0.558659217877 ;0.527932960894 ;0.508379888268 ;0.500000000000 ;0.491620111732 ;0.483240223464 ;0.474860335196 ;0.446927374302 ;0.430167597765 ;0.421787709497 ;0.416201117318 ;0.421787709497 ;0.410614525140 ;0.402234636872 ;0.379888268156 ;0.379888268156 ;0.388268156425 ;0.388268156425 ;0.382681564246 ;0.368715083799 ;0.368715083799 ;0.363128491620 ;0.371508379888 ;0.377094972067 ;0.371508379888 ;0.365921787709 ;0.354748603352 ;0.357541899441 ;0.363128491620 ;0.371508379888 ;0.371508379888 ;0.357541899441 ;0.357541899441 ;0.357541899441 ;0.363128491620 ;0.371508379888 ;0.374301675978 ;0.365921787709 ;0.363128491620 ;0.357541899441 ;0.368715083799 ;0.374301675978 ;0.377094972067 ;0.377094972067 ;0.368715083799 ;
0.084063047285 ;0.087565674256 ;0.082311733800 ;0.080560420315 ;0.077057793345 ;0.077057793345 ;0.066549912434 ;0.057793345009 ;0.052539404553 ;0.043782837128 ;0.038528896673 ;0.035026269702 ;0.031523642732 ;0.026269702277 ;0.022767075306 ;0.021015761821 ;0.014010507881 ;0.010507880911 ;0.010507880911 ;0.000000000000 ;0.003502626970 ;0.005253940455 ;0.012259194396 ;0.017513134851 ;0.024518388792 ;0.043782837128 ;0.047285464098 ;0.056042031524 ;0.077057793345 ;0.087565674256 ;0.101576182137 ;0.110332749562 ;0.120840630473 ;0.133099824869 ;0.141856392294 ;0.154115586690 ;0.162872154116 ;0.173380035026 ;0.180385288967 ;0.187390542907 ;0.194395796848 ;0.197898423818 ;0.199649737303 ;0.203152364273 ;0.206654991243 ;0.213660245184 ;0.213660245184 ;0.217162872154 ;0.222416812609 ;0.227670753065 ;0.232924693520 ;0.231173380035 ;0.225919439580 ;0.227670753065 ;0.225919439580 ;0.222416812609 ;0.220665499124 ;0.222416812609 ;0.225919439580 ;0.222416812609 ;0.227670753065 ;0.227670753065 ;0.227670753065 ;0.229422066550 ;0.227670753065 ;0.224168126095 ;0.224168126095 ;0.224168126095 ;0.222416812609 ;0.224168126095 ;0.227670753065 ;0.229422066550 ;0.238178633975 ;0.236427320490 ;0.236427320490 ;0.236427320490 ;0.232924693520 ;0.232924693520 ;0.231173380035 ;0.232924693520 ;0.232924693520 ;0.231173380035 ;0.229422066550 ;0.231173380035 ;0.231173380035 ;0.231173380035 ;0.234676007005 ;0.238178633975 ;0.236427320490 ;0.238178633975 ;0.241681260946 ;0.239929947461 ;0.239929947461 ;0.239929947461 ;0.238178633975 ;0.243432574431 ;0.245183887916 ;0.245183887916 ;0.243432574431 ;0.241681260946 ;0.238178633975 ;0.238178633975 ;0.238178633975 ;0.236427320490 ;0.231173380035 ;0.229422066550 ;0.234676007005 ;0.234676007005 ;0.239929947461 ;0.241681260946 ;0.246935201401 ;0.239929947461 ;0.234676007005 ;0.229422066550 ;0.225919439580 ;0.218914185639 ;0.210157618214 ;0.217162872154 ;0.232924693520 ;0.271453590193 ;0.325744308231 ;0.395796847636 ;0.469352014011 ;0.546409807356 ;0.630472854641 ;0.723292469352 ;0.812609457093 ;0.891418563923 ;0.954465849387 ;0.992994746060 ;1.000000000000 ;0.987740805604 ;0.954465849387 ;0.882661996497 ;0.770577933450 ;0.609457092820 ;0.439579684764 ;0.304728546410 ;0.217162872154 ;0.182136602452 ;0.182136602452 ;0.197898423818 ;0.218914185639 ;0.231173380035 ;0.238178633975 ;0.231173380035 ;0.225919439580 ;0.218914185639 ;0.211908931699 ;0.208406304729 ;0.204903677758 ;0.208406304729 ;0.204903677758 ;0.208406304729 ;0.203152364273 ;0.208406304729 ;0.208406304729 ;0.208406304729 ;0.203152364273 ;0.201401050788 ;0.197898423818 ;0.196147110333 ;0.189141856392 ;0.187390542907 ;0.183887915937 ;0.183887915937 ;0.185639229422 ;0.187390542907 ;0.185639229422 ;0.187390542907 ;0.185639229422 ;0.178633975482 ;0.176882661996 ;0.171628721541 ;0.166374781086 ;0.162872154116 ;0.159369527145 ;0.155866900175 ;0.155866900175 ;0.155866900175 ;0.157618213660 ;0.159369527145 ;0.157618213660 ;0.157618213660 ;0.159369527145 ;0.154115586690 ;0.145359019264 ;0.145359019264 ;0.138353765324 ;0.136602451839 ;0.138353765324 ;0.138353765324 ;0.141856392294 ;0.145359019264 ;0.147110332750 ;0.141856392294 ;0.141856392294 ;0.136602451839 ;0.131348511384 ;0.129597197898 ;0.133099824869 ;0.129597197898 ;0.131348511384 ;0.122591943958 ;0.127845884413 ;0.126094570928 ;0.120840630473 ;0.110332749562 ;0.105078809107 ;0.099824868651 ;0.094570928196 ;0.087565674256 ;0.087565674256 ;0.082311733800 ;0.080560420315 ;0.080560420315 ;0.071803852890 ;0.073555166375 ;0.071803852890 ;0.066549912434 ;0.066549912434 ;0.056042031524 ;0.052539404553 ;0.047285464098 ;0.045534150613 ;0.043782837128 ;0.043782837128 ;0.045534150613 ;0.045534150613 ;0.056042031524 ;0.063047285464 ;0.070052539405 ;0.080560420315 ;0.082311733800 ;0.085814360771 ;0.092819614711 ;0.103327495622 ;0.112084063047 ;0.127845884413 ;0.133099824869 ;0.145359019264 ;0.154115586690 ;0.162872154116 ;0.169877408056 ;0.171628721541 ;0.180385288967 ;0.183887915937 ;0.183887915937 ;0.187390542907 ;0.192644483363 ;0.199649737303 ;0.208406304729 ;0.213660245184 ;0.222416812609 ;0.227670753065 ;0.231173380035 ;0.232924693520 ;0.232924693520 ;0.232924693520 ;0.231173380035 ;
0.472175379427 ;0.478920741990 ;0.477234401349 ;0.473861720067 ;0.468802698145 ;0.468802698145 ;0.463743676223 ;0.456998313659 ;0.456998313659 ;0.456998313659 ;0.462057335582 ;0.463743676223 ;0.463743676223 ;0.465430016863 ;0.463743676223 ;0.463743676223 ;0.462057335582 ;0.458684654300 ;0.456998313659 ;0.450252951096 ;0.455311973019 ;0.450252951096 ;0.450252951096 ;0.451939291737 ;0.453625632378 ;0.455311973019 ;0.456998313659 ;0.455311973019 ;0.450252951096 ;0.450252951096 ;0.446880269815 ;0.443507588533 ;0.441821247892 ;0.441821247892 ;0.438448566610 ;0.440134907251 ;0.441821247892 ;0.441821247892 ;0.443507588533 ;0.443507588533 ;0.443507588533 ;0.440134907251 ;0.441821247892 ;0.441821247892 ;0.443507588533 ;0.446880269815 ;0.443507588533 ;0.450252951096 ;0.450252951096 ;0.451939291737 ;0.450252951096 ;0.450252951096 ;0.446880269815 ;0.445193929174 ;0.445193929174 ;0.446880269815 ;0.453625632378 ;0.460370994941 ;0.465430016863 ;0.472175379427 ;0.475548060708 ;0.477234401349 ;0.477234401349 ;0.468802698145 ;0.456998313659 ;0.448566610455 ;0.443507588533 ;0.431703204047 ;0.426644182125 ;0.424957841484 ;0.419898819562 ;0.424957841484 ;0.426644182125 ;0.428330522766 ;0.426644182125 ;0.424957841484 ;0.421585160202 ;0.419898819562 ;0.413153456998 ;0.404721753794 ;0.394603709949 ;0.392917369309 ;0.384485666105 ;0.386172006745 ;0.384485666105 ;0.386172006745 ;0.391231028668 ;0.389544688027 ;0.389544688027 ;0.384485666105 ;0.381112984823 ;0.376053962901 ;0.374367622260 ;0.376053962901 ;0.374367622260 ;0.370994940978 ;0.376053962901 ;0.379426644182 ;0.377740303541 ;0.377740303541 ;0.374367622260 ;0.372681281619 ;0.367622259696 ;0.367622259696 ;0.369308600337 ;0.365935919056 ;0.367622259696 ;0.365935919056 ;0.367622259696 ;0.367622259696 ;0.369308600337 ;0.365935919056 ;0.360876897133 ;0.349072512648 ;0.338954468803 ;0.332209106239 ;0.330522765599 ;0.337268128162 ;0.360876897133 ;0.403035413153 ;0.455311973019 ;0.529510961214 ;0.605396290051 ;0.694772344013 ;0.780775716695 ;0.861720067454 ;0.929173693086 ;0.967959527825 ;0.996627318718 ;1.000000000000 ;0.984822934233 ;0.964586846543 ;0.919055649241 ;0.843170320405 ;0.728499156830 ;0.591905564924 ;0.451939291737 ;0.354131534570 ;0.301854974705 ;0.279932546374 ;0.286677908938 ;0.300168634064 ;0.313659359191 ;0.322091062395 ;0.323777403035 ;0.318718381113 ;0.306913996627 ;0.291736930860 ;0.288364249578 ;0.281618887015 ;0.281618887015 ;0.278246205734 ;0.278246205734 ;0.278246205734 ;0.274873524452 ;0.274873524452 ;0.274873524452 ;0.271500843170 ;0.271500843170 ;0.268128161889 ;0.263069139966 ;0.258010118044 ;0.254637436762 ;0.252951096121 ;0.251264755481 ;0.247892074199 ;0.247892074199 ;0.249578414840 ;0.249578414840 ;0.244519392917 ;0.244519392917 ;0.242833052277 ;0.242833052277 ;0.237774030354 ;0.234401349073 ;0.229342327150 ;0.229342327150 ;0.225969645868 ;0.227655986509 ;0.227655986509 ;0.225969645868 ;0.227655986509 ;0.224283305228 ;0.222596964587 ;0.217537942664 ;0.212478920742 ;0.212478920742 ;0.207419898820 ;0.207419898820 ;0.207419898820 ;0.202360876897 ;0.202360876897 ;0.202360876897 ;0.202360876897 ;0.198988195616 ;0.197301854975 ;0.193929173693 ;0.192242833052 ;0.187183811130 ;0.180438448567 ;0.178752107926 ;0.178752107926 ;0.175379426644 ;0.172006745363 ;0.172006745363 ;0.170320404722 ;0.165261382799 ;0.160202360877 ;0.153456998314 ;0.148397976391 ;0.139966273187 ;0.136593591906 ;0.131534569983 ;0.123102866779 ;0.123102866779 ;0.114671163575 ;0.112984822934 ;0.106239460371 ;0.102866779089 ;0.094435075885 ;0.089376053963 ;0.077571669477 ;0.070826306914 ;0.062394603710 ;0.053962900506 ;0.052276559865 ;0.047217537943 ;0.043844856661 ;0.035413153457 ;0.037099494098 ;0.032040472175 ;0.026981450253 ;0.021922428331 ;0.016863406408 ;0.013490725126 ;0.005059021922 ;0.003372681282 ;0.003372681282 ;0.000000000000 ;0.008431703204 ;0.013490725126 ;0.018549747049 ;0.021922428331 ;0.026981450253 ;0.033726812816 ;0.043844856661 ;0.045531197302 ;0.057335581788 ;0.064080944351 ;0.074198988196 ;0.086003372681 ;0.102866779089 ;0.116357504216 ;0.128161888702 ;0.139966273187 ;0.143338954469 ;0.153456998314 ;0.160202360877 ;0.165261382799 ;0.168634064081 ;
0.250000000000 ;0.243333333333 ;0.240000000000 ;0.233333333333 ;0.238333333333 ;0.245000000000 ;0.241666666667 ;0.241666666667 ;0.245000000000 ;0.245000000000 ;0.240000000000 ;0.240000000000 ;0.233333333333 ;0.228333333333 ;0.226666666667 ;0.226666666667 ;0.225000000000 ;0.226666666667 ;0.228333333333 ;0.226666666667 ;0.226666666667 ;0.228333333333 ;0.228333333333 ;0.226666666667 ;0.221666666667 ;0.221666666667 ;0.218333333333 ;0.213333333333 ;0.213333333333 ;0.215000000000 ;0.216666666667 ;0.218333333333 ;0.221666666667 ;0.213333333333 ;0.223333333333 ;0.218333333333 ;0.216666666667 ;0.218333333333 ;0.213333333333 ;0.216666666667 ;0.218333333333 ;0.221666666667 ;0.221666666667 ;0.220000000000 ;0.223333333333 ;0.225000000000 ;0.223333333333 ;0.221666666667 ;0.225000000000 ;0.223333333333 ;0.223333333333 ;0.226666666667 ;0.230000000000 ;0.235000000000 ;0.238333333333 ;0.238333333333 ;0.241666666667 ;0.238333333333 ;0.238333333333 ;0.235000000000 ;0.226666666667 ;0.221666666667 ;0.213333333333 ;0.211666666667 ;0.210000000000 ;0.208333333333 ;0.213333333333 ;0.215000000000 ;0.218333333333 ;0.221666666667 ;0.223333333333 ;0.225000000000 ;0.225000000000 ;0.223333333333 ;0.223333333333 ;0.233333333333 ;0.235000000000 ;0.231666666667 ;0.233333333333 ;0.233333333333 ;0.233333333333 ;0.231666666667 ;0.226666666667 ;0.228333333333 ;0.223333333333 ;0.221666666667 ;0.216666666667 ;0.216666666667 ;0.213333333333 ;0.220000000000 ;0.220000000000 ;0.215000000000 ;0.216666666667 ;0.221666666667 ;0.215000000000 ;0.215000000000 ;0.206666666667 ;0.208333333333 ;0.203333333333 ;0.205000000000 ;0.208333333333 ;0.208333333333 ;0.210000000000 ;0.213333333333 ;0.218333333333 ;0.216666666667 ;0.216666666667 ;0.216666666667 ;0.215000000000 ;0.210000000000 ;0.206666666667 ;0.200000000000 ;0.196666666667 ;0.188333333333 ;0.180000000000 ;0.181666666667 ;0.188333333333 ;0.215000000000 ;0.253333333333 ;0.310000000000 ;0.380000000000 ;0.450000000000 ;0.535000000000 ;0.626666666667 ;0.723333333333 ;0.816666666667 ;0.900000000000 ;0.956666666667 ;0.990000000000 ;1.000000000000 ;0.985000000000 ;0.956666666667 ;0.910000000000 ;0.825000000000 ;0.700000000000 ;0.545000000000 ;0.386666666667 ;0.266666666667 ;0.198333333333 ;0.168333333333 ;0.170000000000 ;0.186666666667 ;0.201666666667 ;0.210000000000 ;0.210000000000 ;0.196666666667 ;0.183333333333 ;0.176666666667 ;0.173333333333 ;0.171666666667 ;0.181666666667 ;0.191666666667 ;0.200000000000 ;0.200000000000 ;0.203333333333 ;0.200000000000 ;0.195000000000 ;0.186666666667 ;0.176666666667 ;0.173333333333 ;0.171666666667 ;0.173333333333 ;0.176666666667 ;0.171666666667 ;0.175000000000 ;0.175000000000 ;0.171666666667 ;0.168333333333 ;0.163333333333 ;0.156666666667 ;0.156666666667 ;0.153333333333 ;0.150000000000 ;0.153333333333 ;0.151666666667 ;0.153333333333 ;0.151666666667 ;0.153333333333 ;0.150000000000 ;0.146666666667 ;0.141666666667 ;0.138333333333 ;0.133333333333 ;0.130000000000 ;0.133333333333 ;0.130000000000 ;0.130000000000 ;0.131666666667 ;0.130000000000 ;0.131666666667 ;0.128333333333 ;0.128333333333 ;0.123333333333 ;0.118333333333 ;0.118333333333 ;0.113333333333 ;0.113333333333 ;0.111666666667 ;0.113333333333 ;0.105000000000 ;0.105000000000 ;0.110000000000 ;0.108333333333 ;0.103333333333 ;0.103333333333 ;0.100000000000 ;0.096666666667 ;0.096666666667 ;0.091666666667 ;0.100000000000 ;0.095000000000 ;0.095000000000 ;0.093333333333 ;0.093333333333 ;0.086666666667 ;0.078333333333 ;0.070000000000 ;0.061666666667 ;0.050000000000 ;0.040000000000 ;0.038333333333 ;0.031666666667 ;0.026666666667 ;0.021666666667 ;0.020000000000 ;0.020000000000 ;0.020000000000 ;0.015000000000 ;0.013333333333 ;0.015000000000 ;0.011666666667 ;0.008333333333 ;0.006666666667 ;0.003333333333 ;0.000000000000 ;0.006666666667 ;0.010000000000 ;0.015000000000 ;0.021666666667 ;0.031666666667 ;0.041666666667 ;0.048333333333 ;0.056666666667 ;0.068333333333 ;0.080000000000 ;0.091666666667 ;0.103333333333 ;0.111666666667 ;0.121666666667 ;0.126666666667 ;0.128333333333 ;0.140000000000 ;0.143333333333 ;0.145000000000 ;0.145000000000 ;0.148333333333 ;0.155000000000 ;0.156666666667 ;0.163333333333 ;0.166666666667 ;
0.342715231788 ;0.347682119205 ;0.352649006623 ;0.354304635762 ;0.354304635762 ;0.350993377483 ;0.347682119205 ;0.344370860927 ;0.337748344371 ;0.336092715232 ;0.336092715232 ;0.331125827815 ;0.337748344371 ;0.341059602649 ;0.341059602649 ;0.344370860927 ;0.346026490066 ;0.342715231788 ;0.336092715232 ;0.334437086093 ;0.331125827815 ;0.331125827815 ;0.331125827815 ;0.331125827815 ;0.336092715232 ;0.339403973510 ;0.341059602649 ;0.342715231788 ;0.337748344371 ;0.332781456954 ;0.331125827815 ;0.326158940397 ;0.327814569536 ;0.326158940397 ;0.329470198675 ;0.327814569536 ;0.331125827815 ;0.334437086093 ;0.336092715232 ;0.341059602649 ;0.339403973510 ;0.337748344371 ;0.337748344371 ;0.332781456954 ;0.331125827815 ;0.326158940397 ;0.327814569536 ;0.329470198675 ;0.329470198675 ;0.329470198675 ;0.332781456954 ;0.332781456954 ;0.339403973510 ;0.336092715232 ;0.332781456954 ;0.331125827815 ;0.326158940397 ;0.327814569536 ;0.327814569536 ;0.322847682119 ;0.336092715232 ;0.337748344371 ;0.332781456954 ;0.339403973510 ;0.339403973510 ;0.332781456954 ;0.329470198675 ;0.331125827815 ;0.329470198675 ;0.326158940397 ;0.327814569536 ;0.327814569536 ;0.332781456954 ;0.334437086093 ;0.332781456954 ;0.337748344371 ;0.341059602649 ;0.344370860927 ;0.341059602649 ;0.342715231788 ;0.339403973510 ;0.342715231788 ;0.342715231788 ;0.349337748344 ;0.354304635762 ;0.360927152318 ;0.364238410596 ;0.369205298013 ;0.370860927152 ;0.370860927152 ;0.369205298013 ;0.372516556291 ;0.370860927152 ;0.364238410596 ;0.367549668874 ;0.365894039735 ;0.359271523179 ;0.352649006623 ;0.354304635762 ;0.357615894040 ;0.355960264901 ;0.359271523179 ;0.357615894040 ;0.355960264901 ;0.349337748344 ;0.344370860927 ;0.337748344371 ;0.336092715232 ;0.336092715232 ;0.334437086093 ;0.336092715232 ;0.342715231788 ;0.339403973510 ;0.342715231788 ;0.344370860927 ;0.341059602649 ;0.336092715232 ;0.341059602649 ;0.347682119205 ;0.355960264901 ;0.367549668874 ;0.384105960265 ;0.407284768212 ;0.443708609272 ;0.501655629139 ;0.567880794702 ;0.665562913907 ;0.781456953642 ;0.880794701987 ;0.965231788079 ;1.000000000000 ;0.980132450331 ;0.899006622517 ;0.736754966887 ;0.524834437086 ;0.312913907285 ;0.100993377483 ;0.000000000000 ;0.011589403974 ;0.084437086093 ;0.172185430464 ;0.238410596026 ;0.276490066225 ;0.291390728477 ;0.293046357616 ;0.294701986755 ;0.296357615894 ;0.306291390728 ;0.317880794702 ;0.324503311258 ;0.326158940397 ;0.322847682119 ;0.314569536424 ;0.307947019868 ;0.306291390728 ;0.306291390728 ;0.311258278146 ;0.314569536424 ;0.319536423841 ;0.326158940397 ;0.329470198675 ;0.331125827815 ;0.331125827815 ;0.327814569536 ;0.324503311258 ;0.327814569536 ;0.329470198675 ;0.332781456954 ;0.334437086093 ;0.339403973510 ;0.337748344371 ;0.347682119205 ;0.344370860927 ;0.346026490066 ;0.347682119205 ;0.347682119205 ;0.346026490066 ;0.344370860927 ;0.346026490066 ;0.342715231788 ;0.344370860927 ;0.354304635762 ;0.357615894040 ;0.364238410596 ;0.365894039735 ;0.365894039735 ;0.360927152318 ;0.365894039735 ;0.362582781457 ;0.360927152318 ;0.362582781457 ;0.365894039735 ;0.369205298013 ;0.370860927152 ;0.377483443709 ;0.382450331126 ;0.380794701987 ;0.385761589404 ;0.382450331126 ;0.380794701987 ;0.380794701987 ;0.380794701987 ;0.382450331126 ;0.382450331126 ;0.385761589404 ;0.385761589404 ;0.392384105960 ;0.390728476821 ;0.394039735099 ;0.394039735099 ;0.395695364238 ;0.394039735099 ;0.399006622517 ;0.395695364238 ;0.397350993377 ;0.395695364238 ;0.397350993377 ;0.399006622517 ;0.402317880795 ;0.403973509934 ;0.403973509934 ;0.403973509934 ;0.400662251656 ;0.399006622517 ;0.397350993377 ;0.397350993377 ;0.397350993377 ;0.399006622517 ;0.402317880795 ;0.407284768212 ;0.408940397351 ;0.412251655629 ;0.415562913907 ;0.415562913907 ;0.415562913907 ;0.420529801325 ;0.423841059603 ;0.428807947020 ;0.432119205298 ;0.428807947020 ;0.422185430464 ;0.425496688742 ;0.423841059603 ;0.420529801325 ;0.417218543046 ;0.413907284768 ;0.408940397351 ;0.399006622517 ;0.394039735099 ;0.384105960265 ;0.384105960265 ;0.380794701987 ;0.379139072848 ;0.375827814570 ;0.372516556291 ;0.372516556291 ;0.369205298013 ;0.362582781457 ;0.360927152318 ;0.350993377483 ;
0.364672364672 ;0.363247863248 ;0.363247863248 ;0.361823361823 ;0.361823361823 ;0.358974358974 ;0.357549857550 ;0.357549857550 ;0.358974358974 ;0.358974358974 ;0.358974358974 ;0.360398860399 ;0.360398860399 ;0.358974358974 ;0.357549857550 ;0.353276353276 ;0.349002849003 ;0.349002849003 ;0.344729344729 ;0.344729344729 ;0.350427350427 ;0.351851851852 ;0.349002849003 ;0.353276353276 ;0.354700854701 ;0.354700854701 ;0.353276353276 ;0.347578347578 ;0.347578347578 ;0.346153846154 ;0.346153846154 ;0.347578347578 ;0.349002849003 ;0.349002849003 ;0.353276353276 ;0.350427350427 ;0.353276353276 ;0.353276353276 ;0.353276353276 ;0.350427350427 ;0.350427350427 ;0.344729344729 ;0.344729344729 ;0.343304843305 ;0.344729344729 ;0.347578347578 ;0.350427350427 ;0.350427350427 ;0.349002849003 ;0.351851851852 ;0.353276353276 ;0.349002849003 ;0.349002849003 ;0.346153846154 ;0.347578347578 ;0.346153846154 ;0.350427350427 ;0.347578347578 ;0.350427350427 ;0.351851851852 ;0.353276353276 ;0.353276353276 ;0.350427350427 ;0.349002849003 ;0.351851851852 ;0.347578347578 ;0.347578347578 ;0.346153846154 ;0.349002849003 ;0.349002849003 ;0.350427350427 ;0.350427350427 ;0.353276353276 ;0.357549857550 ;0.357549857550 ;0.357549857550 ;0.358974358974 ;0.357549857550 ;0.358974358974 ;0.360398860399 ;0.360398860399 ;0.364672364672 ;0.367521367521 ;0.373219373219 ;0.378917378917 ;0.378917378917 ;0.378917378917 ;0.378917378917 ;0.381766381766 ;0.384615384615 ;0.386039886040 ;0.391737891738 ;0.391737891738 ;0.388888888889 ;0.387464387464 ;0.383190883191 ;0.386039886040 ;0.378917378917 ;0.377492877493 ;0.378917378917 ;0.373219373219 ;0.373219373219 ;0.374643874644 ;0.371794871795 ;0.368945868946 ;0.366096866097 ;0.360398860399 ;0.360398860399 ;0.358974358974 ;0.357549857550 ;0.357549857550 ;0.354700854701 ;0.349002849003 ;0.350427350427 ;0.351851851852 ;0.353276353276 ;0.356125356125 ;0.353276353276 ;0.360398860399 ;0.370370370370 ;0.383190883191 ;0.398860398860 ;0.423076923077 ;0.448717948718 ;0.494301994302 ;0.561253561254 ;0.645299145299 ;0.750712250712 ;0.858974358974 ;0.951566951567 ;1.000000000000 ;0.992877492877 ;0.908831908832 ;0.735042735043 ;0.552706552707 ;0.370370370370 ;0.188034188034 ;0.005698005698 ;0.000000000000 ;0.084045584046 ;0.186609686610 ;0.263532763533 ;0.310541310541 ;0.330484330484 ;0.333333333333 ;0.329059829060 ;0.330484330484 ;0.330484330484 ;0.331908831909 ;0.336182336182 ;0.339031339031 ;0.337606837607 ;0.334757834758 ;0.336182336182 ;0.334757834758 ;0.336182336182 ;0.344729344729 ;0.344729344729 ;0.346153846154 ;0.347578347578 ;0.346153846154 ;0.346153846154 ;0.341880341880 ;0.346153846154 ;0.347578347578 ;0.351851851852 ;0.353276353276 ;0.357549857550 ;0.360398860399 ;0.358974358974 ;0.357549857550 ;0.360398860399 ;0.356125356125 ;0.357549857550 ;0.357549857550 ;0.361823361823 ;0.361823361823 ;0.364672364672 ;0.370370370370 ;0.368945868946 ;0.366096866097 ;0.370370370370 ;0.366096866097 ;0.368945868946 ;0.366096866097 ;0.370370370370 ;0.371794871795 ;0.370370370370 ;0.374643874644 ;0.376068376068 ;0.377492877493 ;0.384615384615 ;0.386039886040 ;0.384615384615 ;0.387464387464 ;0.384615384615 ;0.390313390313 ;0.390313390313 ;0.390313390313 ;0.391737891738 ;0.397435897436 ;0.401709401709 ;0.405982905983 ;0.408831908832 ;0.413105413105 ;0.415954415954 ;0.417378917379 ;0.415954415954 ;0.414529914530 ;0.413105413105 ;0.410256410256 ;0.413105413105 ;0.415954415954 ;0.415954415954 ;0.418803418803 ;0.423076923077 ;0.424501424501 ;0.424501424501 ;0.425925925926 ;0.427350427350 ;0.427350427350 ;0.424501424501 ;0.425925925926 ;0.421652421652 ;0.421652421652 ;0.427350427350 ;0.430199430199 ;0.433048433048 ;0.434472934473 ;0.434472934473 ;0.440170940171 ;0.437321937322 ;0.437321937322 ;0.438746438746 ;0.441595441595 ;0.443019943020 ;0.444444444444 ;0.451566951567 ;0.454415954416 ;0.455840455840 ;0.455840455840 ;0.450142450142 ;0.445868945869 ;0.437321937322 ;0.428774928775 ;0.424501424501 ;0.423076923077 ;0.415954415954 ;0.414529914530 ;0.410256410256 ;0.404558404558 ;0.404558404558 ;0.400284900285 ;0.398860398860 ;0.388888888889 ;0.388888888889 ;0.386039886040 ;0.377492877493 ;0.373219373219 ;0.367521367521 ;
0.163265306122 ;0.163265306122 ;0.159863945578 ;0.153061224490 ;0.142857142857 ;0.125850340136 ;0.115646258503 ;0.129251700680 ;0.136054421769 ;0.122448979592 ;0.108843537415 ;0.098639455782 ;0.095238095238 ;0.091836734694 ;0.088435374150 ;0.098639455782 ;0.095238095238 ;0.095238095238 ;0.095238095238 ;0.095238095238 ;0.112244897959 ;0.115646258503 ;0.112244897959 ;0.102040816327 ;0.088435374150 ;0.098639455782 ;0.112244897959 ;0.119047619048 ;0.108843537415 ;0.102040816327 ;0.095238095238 ;0.105442176871 ;0.122448979592 ;0.125850340136 ;0.125850340136 ;0.119047619048 ;0.122448979592 ;0.125850340136 ;0.136054421769 ;0.142857142857 ;0.136054421769 ;0.115646258503 ;0.119047619048 ;0.122448979592 ;0.122448979592 ;0.139455782313 ;0.132653061224 ;0.129251700680 ;0.129251700680 ;0.136054421769 ;0.139455782313 ;0.136054421769 ;0.112244897959 ;0.088435374150 ;0.102040816327 ;0.098639455782 ;0.108843537415 ;0.119047619048 ;0.105442176871 ;0.098639455782 ;0.108843537415 ;0.108843537415 ;0.119047619048 ;0.129251700680 ;0.122448979592 ;0.112244897959 ;0.105442176871 ;0.102040816327 ;0.125850340136 ;0.122448979592 ;0.112244897959 ;0.102040816327 ;0.095238095238 ;0.088435374150 ;0.102040816327 ;0.112244897959 ;0.105442176871 ;0.102040816327 ;0.102040816327 ;0.102040816327 ;0.115646258503 ;0.119047619048 ;0.112244897959 ;0.102040816327 ;0.098639455782 ;0.102040816327 ;0.119047619048 ;0.122448979592 ;0.122448979592 ;0.102040816327 ;0.105442176871 ;0.115646258503 ;0.115646258503 ;0.119047619048 ;0.119047619048 ;0.115646258503 ;0.105442176871 ;0.102040816327 ;0.108843537415 ;0.122448979592 ;0.122448979592 ;0.115646258503 ;0.112244897959 ;0.119047619048 ;0.132653061224 ;0.142857142857 ;0.139455782313 ;0.122448979592 ;0.119047619048 ;0.122448979592 ;0.142857142857 ;0.156462585034 ;0.163265306122 ;0.149659863946 ;0.132653061224 ;0.142857142857 ;0.159863945578 ;0.176870748299 ;0.200680272109 ;0.231292517007 ;0.272108843537 ;0.323129251701 ;0.391156462585 ;0.472789115646 ;0.564625850340 ;0.656462585034 ;0.758503401361 ;0.860544217687 ;0.945578231293 ;0.996598639456 ;1.000000000000 ;0.945578231293 ;0.833333333333 ;0.700680272109 ;0.547619047619 ;0.384353741497 ;0.204081632653 ;0.071428571429 ;0.000000000000 ;0.000000000000 ;0.034013605442 ;0.068027210884 ;0.078231292517 ;0.085034013605 ;0.081632653061 ;0.091836734694 ;0.102040816327 ;0.098639455782 ;0.085034013605 ;0.068027210884 ;0.057823129252 ;0.054421768707 ;0.074829931973 ;0.081632653061 ;0.061224489796 ;0.051020408163 ;0.051020408163 ;0.054421768707 ;0.057823129252 ;0.061224489796 ;0.057823129252 ;0.061224489796 ;0.047619047619 ;0.051020408163 ;0.057823129252 ;0.057823129252 ;0.057823129252 ;0.044217687075 ;0.044217687075 ;0.057823129252 ;0.054421768707 ;0.061224489796 ;0.057823129252 ;0.037414965986 ;0.044217687075 ;0.047619047619 ;0.057823129252 ;0.057823129252 ;0.057823129252 ;0.047619047619 ;0.054421768707 ;0.061224489796 ;0.068027210884 ;0.078231292517 ;0.074829931973 ;0.061224489796 ;0.054421768707 ;0.064625850340 ;0.068027210884 ;0.081632653061 ;0.078231292517 ;0.068027210884 ;0.068027210884 ;0.078231292517 ;0.091836734694 ;0.102040816327 ;0.098639455782 ;0.091836734694 ;0.088435374150 ;0.095238095238 ;0.108843537415 ;0.119047619048 ;0.119047619048 ;0.112244897959 ;0.129251700680 ;0.132653061224 ;0.149659863946 ;0.156462585034 ;0.142857142857 ;0.146258503401 ;0.149659863946 ;0.156462585034 ;0.176870748299 ;0.180272108844 ;0.183673469388 ;0.180272108844 ;0.180272108844 ;0.190476190476 ;0.200680272109 ;0.207482993197 ;0.207482993197 ;0.200680272109 ;0.193877551020 ;0.204081632653 ;0.200680272109 ;0.200680272109 ;0.207482993197 ;0.210884353741 ;0.210884353741 ;0.207482993197 ;0.204081632653 ;0.210884353741 ;0.207482993197 ;0.200680272109 ;0.190476190476 ;0.197278911565 ;0.204081632653 ;0.204081632653 ;0.190476190476 ;0.173469387755 ;0.166666666667 ;0.176870748299 ;0.170068027211 ;0.170068027211 ;0.156462585034 ;0.146258503401 ;0.129251700680 ;0.139455782313 ;0.132653061224 ;0.132653061224 ;0.132653061224 ;0.122448979592 ;0.115646258503 ;0.122448979592 ;0.125850340136 ;0.129251700680 ;0.122448979592 ;0.108843537415 ;0.105442176871 ;0.112244897959 ;
0.062827225131 ;0.075916230366 ;0.081151832461 ;0.086387434555 ;0.070680628272 ;0.065445026178 ;0.065445026178 ;0.070680628272 ;0.070680628272 ;0.068062827225 ;0.062827225131 ;0.065445026178 ;0.054973821990 ;0.065445026178 ;0.070680628272 ;0.070680628272 ;0.065445026178 ;0.057591623037 ;0.049738219895 ;0.049738219895 ;0.065445026178 ;0.068062827225 ;0.065445026178 ;0.060209424084 ;0.054973821990 ;0.068062827225 ;0.073298429319 ;0.075916230366 ;0.070680628272 ;0.065445026178 ;0.070680628272 ;0.081151832461 ;0.089005235602 ;0.091623036649 ;0.083769633508 ;0.078534031414 ;0.078534031414 ;0.075916230366 ;0.078534031414 ;0.081151832461 ;0.070680628272 ;0.065445026178 ;0.068062827225 ;0.068062827225 ;0.081151832461 ;0.083769633508 ;0.078534031414 ;0.073298429319 ;0.075916230366 ;0.083769633508 ;0.086387434555 ;0.083769633508 ;0.078534031414 ;0.070680628272 ;0.070680628272 ;0.068062827225 ;0.075916230366 ;0.070680628272 ;0.068062827225 ;0.065445026178 ;0.065445026178 ;0.070680628272 ;0.081151832461 ;0.078534031414 ;0.073298429319 ;0.070680628272 ;0.065445026178 ;0.065445026178 ;0.070680628272 ;0.070680628272 ;0.065445026178 ;0.065445026178 ;0.062827225131 ;0.065445026178 ;0.075916230366 ;0.070680628272 ;0.062827225131 ;0.057591623037 ;0.054973821990 ;0.065445026178 ;0.081151832461 ;0.065445026178 ;0.062827225131 ;0.060209424084 ;0.062827225131 ;0.065445026178 ;0.065445026178 ;0.062827225131 ;0.054973821990 ;0.049738219895 ;0.054973821990 ;0.068062827225 ;0.081151832461 ;0.083769633508 ;0.081151832461 ;0.068062827225 ;0.065445026178 ;0.073298429319 ;0.075916230366 ;0.083769633508 ;0.081151832461 ;0.068062827225 ;0.068062827225 ;0.081151832461 ;0.083769633508 ;0.091623036649 ;0.075916230366 ;0.081151832461 ;0.078534031414 ;0.089005235602 ;0.099476439791 ;0.099476439791 ;0.096858638743 ;0.094240837696 ;0.102094240838 ;0.107329842932 ;0.112565445026 ;0.117801047120 ;0.136125654450 ;0.159685863874 ;0.201570680628 ;0.261780104712 ;0.340314136126 ;0.429319371728 ;0.515706806283 ;0.620418848168 ;0.725130890052 ;0.832460732984 ;0.937172774869 ;0.994764397906 ;1.000000000000 ;0.926701570681 ;0.795811518325 ;0.646596858639 ;0.492146596859 ;0.335078534031 ;0.178010471204 ;0.078534031414 ;0.028795811518 ;0.020942408377 ;0.044502617801 ;0.068062827225 ;0.083769633508 ;0.081151832461 ;0.078534031414 ;0.078534031414 ;0.081151832461 ;0.062827225131 ;0.054973821990 ;0.039267015707 ;0.041884816754 ;0.041884816754 ;0.047120418848 ;0.049738219895 ;0.041884816754 ;0.028795811518 ;0.031413612565 ;0.026178010471 ;0.028795811518 ;0.034031413613 ;0.026178010471 ;0.020942408377 ;0.015706806283 ;0.023560209424 ;0.031413612565 ;0.031413612565 ;0.031413612565 ;0.028795811518 ;0.026178010471 ;0.031413612565 ;0.031413612565 ;0.023560209424 ;0.023560209424 ;0.018324607330 ;0.013089005236 ;0.023560209424 ;0.026178010471 ;0.023560209424 ;0.015706806283 ;0.005235602094 ;0.000000000000 ;0.005235602094 ;0.015706806283 ;0.023560209424 ;0.020942408377 ;0.018324607330 ;0.010471204188 ;0.010471204188 ;0.026178010471 ;0.023560209424 ;0.013089005236 ;0.010471204188 ;0.005235602094 ;0.015706806283 ;0.031413612565 ;0.034031413613 ;0.028795811518 ;0.031413612565 ;0.036649214660 ;0.044502617801 ;0.052356020942 ;0.041884816754 ;0.036649214660 ;0.034031413613 ;0.034031413613 ;0.039267015707 ;0.052356020942 ;0.041884816754 ;0.041884816754 ;0.039267015707 ;0.054973821990 ;0.060209424084 ;0.068062827225 ;0.073298429319 ;0.070680628272 ;0.070680628272 ;0.078534031414 ;0.089005235602 ;0.089005235602 ;0.094240837696 ;0.102094240838 ;0.099476439791 ;0.096858638743 ;0.102094240838 ;0.104712041885 ;0.107329842932 ;0.104712041885 ;0.107329842932 ;0.117801047120 ;0.128272251309 ;0.143979057592 ;0.149214659686 ;0.146596858639 ;0.146596858639 ;0.151832460733 ;0.164921465969 ;0.178010471204 ;0.178010471204 ;0.170157068063 ;0.180628272251 ;0.180628272251 ;0.183246073298 ;0.191099476440 ;0.191099476440 ;0.196335078534 ;0.175392670157 ;0.180628272251 ;0.180628272251 ;0.178010471204 ;0.172774869110 ;0.167539267016 ;0.159685863874 ;0.149214659686 ;0.149214659686 ;0.146596858639 ;0.146596858639 ;0.136125654450 ;0.120418848168 ;0.117801047120 ;0.123036649215 ;
0.164345403900 ;0.150417827298 ;0.147632311978 ;0.147632311978 ;0.150417827298 ;0.158774373259 ;0.153203342618 ;0.136490250696 ;0.139275766017 ;0.128133704735 ;0.139275766017 ;0.139275766017 ;0.133704735376 ;0.114206128134 ;0.108635097493 ;0.111420612813 ;0.108635097493 ;0.116991643454 ;0.111420612813 ;0.100278551532 ;0.091922005571 ;0.086350974930 ;0.091922005571 ;0.094707520891 ;0.097493036212 ;0.086350974930 ;0.083565459610 ;0.080779944290 ;0.083565459610 ;0.094707520891 ;0.094707520891 ;0.077994428969 ;0.072423398329 ;0.086350974930 ;0.086350974930 ;0.103064066852 ;0.097493036212 ;0.089136490251 ;0.086350974930 ;0.089136490251 ;0.097493036212 ;0.108635097493 ;0.091922005571 ;0.097493036212 ;0.091922005571 ;0.083565459610 ;0.091922005571 ;0.105849582173 ;0.100278551532 ;0.097493036212 ;0.094707520891 ;0.094707520891 ;0.094707520891 ;0.103064066852 ;0.105849582173 ;0.097493036212 ;0.091922005571 ;0.097493036212 ;0.105849582173 ;0.111420612813 ;0.108635097493 ;0.100278551532 ;0.083565459610 ;0.097493036212 ;0.094707520891 ;0.094707520891 ;0.086350974930 ;0.086350974930 ;0.080779944290 ;0.077994428969 ;0.083565459610 ;0.083565459610 ;0.083565459610 ;0.072423398329 ;0.072423398329 ;0.072423398329 ;0.077994428969 ;0.091922005571 ;0.083565459610 ;0.077994428969 ;0.075208913649 ;0.083565459610 ;0.094707520891 ;0.105849582173 ;0.103064066852 ;0.083565459610 ;0.083565459610 ;0.080779944290 ;0.091922005571 ;0.097493036212 ;0.097493036212 ;0.089136490251 ;0.077994428969 ;0.080779944290 ;0.097493036212 ;0.105849582173 ;0.111420612813 ;0.103064066852 ;0.089136490251 ;0.091922005571 ;0.097493036212 ;0.103064066852 ;0.111420612813 ;0.105849582173 ;0.097493036212 ;0.097493036212 ;0.105849582173 ;0.119777158774 ;0.114206128134 ;0.103064066852 ;0.094707520891 ;0.089136490251 ;0.094707520891 ;0.105849582173 ;0.105849582173 ;0.103064066852 ;0.097493036212 ;0.108635097493 ;0.142061281337 ;0.167130919220 ;0.194986072423 ;0.220055710306 ;0.278551532033 ;0.356545961003 ;0.465181058496 ;0.582172701950 ;0.707520891365 ;0.818941504178 ;0.930362116992 ;1.000000000000 ;0.997214484680 ;0.910863509749 ;0.732590529248 ;0.529247910864 ;0.339832869081 ;0.164345403900 ;0.047353760446 ;0.022284122563 ;0.036211699164 ;0.064066852368 ;0.086350974930 ;0.094707520891 ;0.103064066852 ;0.105849582173 ;0.091922005571 ;0.075208913649 ;0.052924791086 ;0.050139275766 ;0.050139275766 ;0.052924791086 ;0.047353760446 ;0.030640668524 ;0.027855153203 ;0.019498607242 ;0.030640668524 ;0.038997214485 ;0.027855153203 ;0.022284122563 ;0.013927576602 ;0.011142061281 ;0.022284122563 ;0.033426183844 ;0.030640668524 ;0.027855153203 ;0.022284122563 ;0.027855153203 ;0.027855153203 ;0.033426183844 ;0.027855153203 ;0.030640668524 ;0.025069637883 ;0.030640668524 ;0.036211699164 ;0.036211699164 ;0.025069637883 ;0.011142061281 ;0.000000000000 ;0.011142061281 ;0.011142061281 ;0.030640668524 ;0.027855153203 ;0.011142061281 ;0.005571030641 ;0.019498607242 ;0.022284122563 ;0.027855153203 ;0.027855153203 ;0.025069637883 ;0.022284122563 ;0.016713091922 ;0.022284122563 ;0.027855153203 ;0.027855153203 ;0.027855153203 ;0.019498607242 ;0.019498607242 ;0.025069637883 ;0.038997214485 ;0.033426183844 ;0.019498607242 ;0.016713091922 ;0.022284122563 ;0.038997214485 ;0.041782729805 ;0.041782729805 ;0.027855153203 ;0.027855153203 ;0.030640668524 ;0.038997214485 ;0.058495821727 ;0.069637883008 ;0.072423398329 ;0.077994428969 ;0.064066852368 ;0.077994428969 ;0.086350974930 ;0.091922005571 ;0.075208913649 ;0.072423398329 ;0.072423398329 ;0.086350974930 ;0.100278551532 ;0.100278551532 ;0.103064066852 ;0.097493036212 ;0.100278551532 ;0.108635097493 ;0.116991643454 ;0.114206128134 ;0.100278551532 ;0.116991643454 ;0.122562674095 ;0.128133704735 ;0.125348189415 ;0.119777158774 ;0.116991643454 ;0.105849582173 ;0.097493036212 ;0.100278551532 ;0.111420612813 ;0.100278551532 ;0.089136490251 ;0.080779944290 ;0.086350974930 ;0.094707520891 ;0.094707520891 ;0.086350974930 ;0.061281337047 ;0.050139275766 ;0.052924791086 ;0.058495821727 ;0.072423398329 ;0.075208913649 ;0.072423398329 ;0.050139275766 ;0.052924791086 ;0.058495821727 ;0.064066852368 ;0.061281337047 ;0.058495821727 ;
0.109090909091 ;0.118181818182 ;0.136363636364 ;0.136363636364 ;0.118181818182 ;0.100000000000 ;0.100000000000 ;0.090909090909 ;0.118181818182 ;0.118181818182 ;0.109090909091 ;0.118181818182 ;0.127272727273 ;0.136363636364 ;0.163636363636 ;0.145454545455 ;0.118181818182 ;0.100000000000 ;0.109090909091 ;0.154545454545 ;0.154545454545 ;0.172727272727 ;0.163636363636 ;0.127272727273 ;0.118181818182 ;0.136363636364 ;0.163636363636 ;0.136363636364 ;0.136363636364 ;0.100000000000 ;0.127272727273 ;0.136363636364 ;0.172727272727 ;0.163636363636 ;0.136363636364 ;0.127272727273 ;0.127272727273 ;0.154545454545 ;0.181818181818 ;0.181818181818 ;0.145454545455 ;0.136363636364 ;0.145454545455 ;0.145454545455 ;0.190909090909 ;0.181818181818 ;0.154545454545 ;0.118181818182 ;0.118181818182 ;0.136363636364 ;0.172727272727 ;0.172727272727 ;0.172727272727 ;0.154545454545 ;0.163636363636 ;0.181818181818 ;0.209090909091 ;0.190909090909 ;0.200000000000 ;0.154545454545 ;0.172727272727 ;0.172727272727 ;0.190909090909 ;0.190909090909 ;0.181818181818 ;0.181818181818 ;0.209090909091 ;0.227272727273 ;0.272727272727 ;0.245454545455 ;0.236363636364 ;0.209090909091 ;0.209090909091 ;0.227272727273 ;0.281818181818 ;0.281818181818 ;0.272727272727 ;0.254545454545 ;0.300000000000 ;0.345454545455 ;0.381818181818 ;0.409090909091 ;0.409090909091 ;0.418181818182 ;0.409090909091 ;0.436363636364 ;0.472727272727 ;0.445454545455 ;0.390909090909 ;0.372727272727 ;0.345454545455 ;0.354545454545 ;0.372727272727 ;0.354545454545 ;0.309090909091 ;0.281818181818 ;0.236363636364 ;0.200000000000 ;0.209090909091 ;0.181818181818 ;0.145454545455 ;0.127272727273 ;0.100000000000 ;0.109090909091 ;0.154545454545 ;0.136363636364 ;0.127272727273 ;0.118181818182 ;0.109090909091 ;0.136363636364 ;0.154545454545 ;0.163636363636 ;0.145454545455 ;0.118181818182 ;0.136363636364 ;0.145454545455 ;0.190909090909 ;0.209090909091 ;0.200000000000 ;0.154545454545 ;0.118181818182 ;0.127272727273 ;0.127272727273 ;0.109090909091 ;0.127272727273 ;0.209090909091 ;0.409090909091 ;0.654545454545 ;0.881818181818 ;1.000000000000 ;0.927272727273 ;0.654545454545 ;0.290909090909 ;0.054545454545 ;0.000000000000 ;0.027272727273 ;0.081818181818 ;0.145454545455 ;0.163636363636 ;0.154545454545 ;0.181818181818 ;0.163636363636 ;0.154545454545 ;0.081818181818 ;0.118181818182 ;0.154545454545 ;0.200000000000 ;0.190909090909 ;0.181818181818 ;0.145454545455 ;0.154545454545 ;0.181818181818 ;0.227272727273 ;0.218181818182 ;0.181818181818 ;0.181818181818 ;0.190909090909 ;0.209090909091 ;0.236363636364 ;0.236363636364 ;0.254545454545 ;0.245454545455 ;0.200000000000 ;0.236363636364 ;0.254545454545 ;0.254545454545 ;0.227272727273 ;0.227272727273 ;0.236363636364 ;0.209090909091 ;0.272727272727 ;0.254545454545 ;0.245454545455 ;0.254545454545 ;0.254545454545 ;0.263636363636 ;0.281818181818 ;0.281818181818 ;0.227272727273 ;0.209090909091 ;0.245454545455 ;0.254545454545 ;0.300000000000 ;0.309090909091 ;0.281818181818 ;0.263636363636 ;0.245454545455 ;0.300000000000 ;0.336363636364 ;0.318181818182 ;0.300000000000 ;0.245454545455 ;0.254545454545 ;0.281818181818 ;0.300000000000 ;0.327272727273 ;0.300000000000 ;0.263636363636 ;0.281818181818 ;0.327272727273 ;0.300000000000 ;0.345454545455 ;0.327272727273 ;0.300000000000 ;0.309090909091 ;0.327272727273 ;0.354545454545 ;0.363636363636 ;0.336363636364 ;0.336363636364 ;0.336363636364 ;0.354545454545 ;0.409090909091 ;0.400000000000 ;0.363636363636 ;0.363636363636 ;0.327272727273 ;0.372727272727 ;0.400000000000 ;0.381818181818 ;0.390909090909 ;0.381818181818 ;0.409090909091 ;0.445454545455 ;0.500000000000 ;0.527272727273 ;0.490909090909 ;0.436363636364 ;0.409090909091 ;0.381818181818 ;0.418181818182 ;0.400000000000 ;0.390909090909 ;0.363636363636 ;0.363636363636 ;0.400000000000 ;0.400000000000 ;0.390909090909 ;0.372727272727 ;0.336363636364 ;0.345454545455 ;0.309090909091 ;0.309090909091 ;0.309090909091 ;0.281818181818 ;0.236363636364 ;0.236363636364 ;0.263636363636 ;0.290909090909 ;0.272727272727 ;0.236363636364 ;0.209090909091 ;0.200000000000 ;0.263636363636 ;0.281818181818 ;0.272727272727 ;0.272727272727 ;0.245454545455 ;0.281818181818 ;0.300000000000 ;
0.130252100840 ;0.147058823529 ;0.193277310924 ;0.231092436975 ;0.281512605042 ;0.319327731092 ;0.327731092437 ;0.336134453782 ;0.344537815126 ;0.361344537815 ;0.357142857143 ;0.348739495798 ;0.336134453782 ;0.340336134454 ;0.357142857143 ;0.357142857143 ;0.348739495798 ;0.344537815126 ;0.331932773109 ;0.336134453782 ;0.336134453782 ;0.340336134454 ;0.327731092437 ;0.310924369748 ;0.285714285714 ;0.298319327731 ;0.310924369748 ;0.302521008403 ;0.285714285714 ;0.256302521008 ;0.239495798319 ;0.231092436975 ;0.247899159664 ;0.252100840336 ;0.243697478992 ;0.210084033613 ;0.210084033613 ;0.210084033613 ;0.231092436975 ;0.235294117647 ;0.214285714286 ;0.201680672269 ;0.193277310924 ;0.201680672269 ;0.210084033613 ;0.210084033613 ;0.197478991597 ;0.176470588235 ;0.168067226891 ;0.176470588235 ;0.172268907563 ;0.172268907563 ;0.184873949580 ;0.172268907563 ;0.163865546218 ;0.176470588235 ;0.184873949580 ;0.189075630252 ;0.180672268908 ;0.163865546218 ;0.155462184874 ;0.159663865546 ;0.168067226891 ;0.180672268908 ;0.151260504202 ;0.130252100840 ;0.113445378151 ;0.117647058824 ;0.109243697479 ;0.092436974790 ;0.067226890756 ;0.037815126050 ;0.025210084034 ;0.012605042017 ;0.016806722689 ;0.021008403361 ;0.012605042017 ;0.004201680672 ;0.000000000000 ;0.012605042017 ;0.033613445378 ;0.050420168067 ;0.071428571429 ;0.075630252101 ;0.079831932773 ;0.113445378151 ;0.155462184874 ;0.189075630252 ;0.214285714286 ;0.210084033613 ;0.231092436975 ;0.256302521008 ;0.277310924370 ;0.277310924370 ;0.285714285714 ;0.273109243697 ;0.260504201681 ;0.277310924370 ;0.285714285714 ;0.289915966387 ;0.281512605042 ;0.273109243697 ;0.260504201681 ;0.273109243697 ;0.273109243697 ;0.281512605042 ;0.268907563025 ;0.264705882353 ;0.252100840336 ;0.264705882353 ;0.264705882353 ;0.260504201681 ;0.247899159664 ;0.239495798319 ;0.235294117647 ;0.243697478992 ;0.260504201681 ;0.277310924370 ;0.252100840336 ;0.222689075630 ;0.184873949580 ;0.151260504202 ;0.168067226891 ;0.214285714286 ;0.302521008403 ;0.441176470588 ;0.613445378151 ;0.789915966387 ;0.936974789916 ;1.000000000000 ;0.932773109244 ;0.768907563025 ;0.558823529412 ;0.373949579832 ;0.268907563025 ;0.231092436975 ;0.243697478992 ;0.260504201681 ;0.243697478992 ;0.243697478992 ;0.222689075630 ;0.205882352941 ;0.180672268908 ;0.163865546218 ;0.134453781513 ;0.130252100840 ;0.134453781513 ;0.142857142857 ;0.130252100840 ;0.117647058824 ;0.117647058824 ;0.126050420168 ;0.151260504202 ;0.168067226891 ;0.180672268908 ;0.180672268908 ;0.176470588235 ;0.210084033613 ;0.235294117647 ;0.260504201681 ;0.268907563025 ;0.281512605042 ;0.285714285714 ;0.298319327731 ;0.323529411765 ;0.336134453782 ;0.357142857143 ;0.348739495798 ;0.344537815126 ;0.352941176471 ;0.361344537815 ;0.361344537815 ;0.373949579832 ;0.352941176471 ;0.357142857143 ;0.352941176471 ;0.361344537815 ;0.365546218487 ;0.365546218487 ;0.361344537815 ;0.361344537815 ;0.357142857143 ;0.361344537815 ;0.369747899160 ;0.361344537815 ;0.348739495798 ;0.344537815126 ;0.357142857143 ;0.361344537815 ;0.369747899160 ;0.357142857143 ;0.352941176471 ;0.340336134454 ;0.336134453782 ;0.344537815126 ;0.336134453782 ;0.319327731092 ;0.310924369748 ;0.302521008403 ;0.298319327731 ;0.302521008403 ;0.306722689076 ;0.310924369748 ;0.298319327731 ;0.285714285714 ;0.277310924370 ;0.277310924370 ;0.289915966387 ;0.264705882353 ;0.252100840336 ;0.239495798319 ;0.218487394958 ;0.222689075630 ;0.222689075630 ;0.193277310924 ;0.151260504202 ;0.105042016807 ;0.100840336134 ;0.100840336134 ;0.113445378151 ;0.092436974790 ;0.067226890756 ;0.054621848739 ;0.050420168067 ;0.054621848739 ;0.067226890756 ;0.058823529412 ;0.042016806723 ;0.025210084034 ;0.050420168067 ;0.067226890756 ;0.084033613445 ;0.079831932773 ;0.084033613445 ;0.100840336134 ;0.126050420168 ;0.163865546218 ;0.189075630252 ;0.193277310924 ;0.168067226891 ;0.155462184874 ;0.168067226891 ;0.193277310924 ;0.210084033613 ;0.210084033613 ;0.201680672269 ;0.189075630252 ;0.222689075630 ;0.243697478992 ;0.252100840336 ;0.239495798319 ;0.226890756303 ;0.214285714286 ;0.214285714286 ;0.218487394958 ;0.243697478992 ;0.222689075630 ;0.222689075630 ;0.226890756303 ;0.222689075630 ;
0.205811138015 ;0.205811138015 ;0.205811138015 ;0.208232445521 ;0.208232445521 ;0.210653753027 ;0.210653753027 ;0.200968523002 ;0.188861985472 ;0.191283292978 ;0.184019370460 ;0.181598062954 ;0.186440677966 ;0.188861985472 ;0.205811138015 ;0.208232445521 ;0.198547215496 ;0.205811138015 ;0.205811138015 ;0.200968523002 ;0.200968523002 ;0.198547215496 ;0.191283292978 ;0.193704600484 ;0.193704600484 ;0.188861985472 ;0.184019370460 ;0.181598062954 ;0.186440677966 ;0.191283292978 ;0.193704600484 ;0.198547215496 ;0.196125907990 ;0.203389830508 ;0.193704600484 ;0.186440677966 ;0.179176755448 ;0.181598062954 ;0.188861985472 ;0.200968523002 ;0.208232445521 ;0.210653753027 ;0.205811138015 ;0.196125907990 ;0.186440677966 ;0.174334140436 ;0.176755447942 ;0.181598062954 ;0.184019370460 ;0.191283292978 ;0.208232445521 ;0.217917675545 ;0.225181598063 ;0.227602905569 ;0.217917675545 ;0.213075060533 ;0.196125907990 ;0.200968523002 ;0.198547215496 ;0.208232445521 ;0.213075060533 ;0.220338983051 ;0.230024213075 ;0.242130750605 ;0.242130750605 ;0.244552058111 ;0.234866828087 ;0.234866828087 ;0.234866828087 ;0.244552058111 ;0.249394673123 ;0.259079903148 ;0.263922518160 ;0.259079903148 ;0.254237288136 ;0.249394673123 ;0.244552058111 ;0.249394673123 ;0.239709443099 ;0.242130750605 ;0.237288135593 ;0.232445520581 ;0.234866828087 ;0.225181598063 ;0.234866828087 ;0.225181598063 ;0.225181598063 ;0.213075060533 ;0.205811138015 ;0.196125907990 ;0.191283292978 ;0.179176755448 ;0.174334140436 ;0.171912832930 ;0.167070217918 ;0.167070217918 ;0.162227602906 ;0.162227602906 ;0.167070217918 ;0.176755447942 ;0.171912832930 ;0.179176755448 ;0.179176755448 ;0.171912832930 ;0.169491525424 ;0.169491525424 ;0.176755447942 ;0.179176755448 ;0.186440677966 ;0.196125907990 ;0.196125907990 ;0.198547215496 ;0.200968523002 ;0.208232445521 ;0.215496368039 ;0.234866828087 ;0.254237288136 ;0.288135593220 ;0.324455205811 ;0.372881355932 ;0.418886198547 ;0.472154963680 ;0.539951573850 ;0.624697336562 ;0.709443099274 ;0.796610169492 ;0.874092009685 ;0.929782082324 ;0.968523002421 ;0.985472154964 ;1.000000000000 ;0.990314769976 ;0.949152542373 ;0.864406779661 ;0.743341404358 ;0.610169491525 ;0.479418886199 ;0.363196125908 ;0.278450363196 ;0.215496368039 ;0.184019370460 ;0.169491525424 ;0.167070217918 ;0.169491525424 ;0.179176755448 ;0.179176755448 ;0.181598062954 ;0.181598062954 ;0.179176755448 ;0.169491525424 ;0.162227602906 ;0.142857142857 ;0.123486682809 ;0.106537530266 ;0.113801452785 ;0.113801452785 ;0.125907990315 ;0.138014527845 ;0.150121065375 ;0.157384987893 ;0.152542372881 ;0.142857142857 ;0.121065375303 ;0.108958837772 ;0.099273607748 ;0.094430992736 ;0.099273607748 ;0.108958837772 ;0.111380145278 ;0.121065375303 ;0.118644067797 ;0.121065375303 ;0.113801452785 ;0.113801452785 ;0.104116222760 ;0.108958837772 ;0.099273607748 ;0.094430992736 ;0.089588377724 ;0.094430992736 ;0.099273607748 ;0.106537530266 ;0.111380145278 ;0.118644067797 ;0.118644067797 ;0.111380145278 ;0.099273607748 ;0.089588377724 ;0.084745762712 ;0.077481840194 ;0.082324455206 ;0.084745762712 ;0.087167070218 ;0.089588377724 ;0.096852300242 ;0.092009685230 ;0.084745762712 ;0.072639225182 ;0.070217917676 ;0.062953995157 ;0.055690072639 ;0.060532687651 ;0.060532687651 ;0.070217917676 ;0.070217917676 ;0.062953995157 ;0.055690072639 ;0.046004842615 ;0.043583535109 ;0.046004842615 ;0.053268765133 ;0.053268765133 ;0.050847457627 ;0.041162227603 ;0.036319612591 ;0.029055690073 ;0.026634382567 ;0.021791767554 ;0.029055690073 ;0.026634382567 ;0.021791767554 ;0.016949152542 ;0.007263922518 ;0.000000000000 ;0.004842615012 ;0.012106537530 ;0.016949152542 ;0.031476997579 ;0.038740920097 ;0.043583535109 ;0.043583535109 ;0.043583535109 ;0.036319612591 ;0.031476997579 ;0.031476997579 ;0.038740920097 ;0.046004842615 ;0.050847457627 ;0.050847457627 ;0.060532687651 ;0.067796610169 ;0.065375302663 ;0.065375302663 ;0.079903147700 ;0.082324455206 ;0.099273607748 ;0.099273607748 ;0.106537530266 ;0.116222760291 ;0.113801452785 ;0.125907990315 ;0.123486682809 ;0.130750605327 ;0.133171912833 ;0.133171912833 ;0.140435835351 ;0.140435835351 ;0.135593220339 ;0.130750605327 ;0.133171912833 ;
0.093117408907 ;0.091093117409 ;0.082995951417 ;0.082995951417 ;0.082995951417 ;0.076923076923 ;0.072874493927 ;0.070850202429 ;0.078947368421 ;0.078947368421 ;0.078947368421 ;0.082995951417 ;0.087044534413 ;0.089068825911 ;0.085020242915 ;0.085020242915 ;0.089068825911 ;0.085020242915 ;0.089068825911 ;0.089068825911 ;0.095141700405 ;0.095141700405 ;0.105263157895 ;0.107287449393 ;0.111336032389 ;0.111336032389 ;0.109311740891 ;0.115384615385 ;0.113360323887 ;0.111336032389 ;0.103238866397 ;0.107287449393 ;0.111336032389 ;0.117408906883 ;0.117408906883 ;0.123481781377 ;0.127530364372 ;0.125506072874 ;0.125506072874 ;0.119433198381 ;0.119433198381 ;0.121457489879 ;0.121457489879 ;0.123481781377 ;0.127530364372 ;0.127530364372 ;0.135627530364 ;0.137651821862 ;0.141700404858 ;0.139676113360 ;0.139676113360 ;0.135627530364 ;0.133603238866 ;0.133603238866 ;0.133603238866 ;0.137651821862 ;0.141700404858 ;0.145748987854 ;0.147773279352 ;0.153846153846 ;0.153846153846 ;0.155870445344 ;0.159919028340 ;0.155870445344 ;0.153846153846 ;0.155870445344 ;0.157894736842 ;0.161943319838 ;0.170040485830 ;0.176113360324 ;0.182186234818 ;0.190283400810 ;0.194331983806 ;0.192307692308 ;0.196356275304 ;0.194331983806 ;0.192307692308 ;0.188259109312 ;0.186234817814 ;0.182186234818 ;0.178137651822 ;0.174089068826 ;0.174089068826 ;0.172064777328 ;0.170040485830 ;0.161943319838 ;0.151821862348 ;0.143724696356 ;0.139676113360 ;0.129554655870 ;0.129554655870 ;0.123481781377 ;0.121457489879 ;0.121457489879 ;0.123481781377 ;0.125506072874 ;0.125506072874 ;0.127530364372 ;0.127530364372 ;0.127530364372 ;0.121457489879 ;0.119433198381 ;0.119433198381 ;0.121457489879 ;0.127530364372 ;0.137651821862 ;0.137651821862 ;0.145748987854 ;0.147773279352 ;0.145748987854 ;0.149797570850 ;0.145748987854 ;0.151821862348 ;0.159919028340 ;0.176113360324 ;0.196356275304 ;0.216599190283 ;0.244939271255 ;0.283400809717 ;0.336032388664 ;0.392712550607 ;0.457489878543 ;0.532388663968 ;0.605263157895 ;0.682186234818 ;0.746963562753 ;0.795546558704 ;0.844129554656 ;0.888663967611 ;0.939271255061 ;0.981781376518 ;1.000000000000 ;0.963562753036 ;0.852226720648 ;0.692307692308 ;0.495951417004 ;0.305668016194 ;0.143724696356 ;0.046558704453 ;0.002024291498 ;0.000000000000 ;0.022267206478 ;0.050607287449 ;0.074898785425 ;0.093117408907 ;0.097165991903 ;0.097165991903 ;0.097165991903 ;0.091093117409 ;0.089068825911 ;0.085020242915 ;0.082995951417 ;0.087044534413 ;0.087044534413 ;0.089068825911 ;0.093117408907 ;0.095141700405 ;0.089068825911 ;0.089068825911 ;0.085020242915 ;0.080971659919 ;0.074898785425 ;0.072874493927 ;0.074898785425 ;0.078947368421 ;0.085020242915 ;0.085020242915 ;0.085020242915 ;0.085020242915 ;0.082995951417 ;0.074898785425 ;0.076923076923 ;0.074898785425 ;0.068825910931 ;0.064777327935 ;0.066801619433 ;0.068825910931 ;0.068825910931 ;0.066801619433 ;0.068825910931 ;0.070850202429 ;0.072874493927 ;0.066801619433 ;0.060728744939 ;0.056680161943 ;0.054655870445 ;0.054655870445 ;0.048582995951 ;0.052631578947 ;0.056680161943 ;0.052631578947 ;0.056680161943 ;0.058704453441 ;0.054655870445 ;0.048582995951 ;0.046558704453 ;0.046558704453 ;0.038461538462 ;0.036437246964 ;0.034412955466 ;0.036437246964 ;0.040485829960 ;0.044534412955 ;0.046558704453 ;0.042510121457 ;0.044534412955 ;0.038461538462 ;0.034412955466 ;0.036437246964 ;0.036437246964 ;0.042510121457 ;0.044534412955 ;0.054655870445 ;0.052631578947 ;0.064777327935 ;0.070850202429 ;0.068825910931 ;0.072874493927 ;0.076923076923 ;0.078947368421 ;0.087044534413 ;0.089068825911 ;0.091093117409 ;0.097165991903 ;0.101214574899 ;0.109311740891 ;0.117408906883 ;0.127530364372 ;0.137651821862 ;0.141700404858 ;0.145748987854 ;0.151821862348 ;0.155870445344 ;0.155870445344 ;0.157894736842 ;0.161943319838 ;0.163967611336 ;0.163967611336 ;0.165991902834 ;0.170040485830 ;0.170040485830 ;0.170040485830 ;0.165991902834 ;0.165991902834 ;0.163967611336 ;0.159919028340 ;0.157894736842 ;0.155870445344 ;0.155870445344 ;0.155870445344 ;0.157894736842 ;0.159919028340 ;0.165991902834 ;0.163967611336 ;0.161943319838 ;0.155870445344 ;0.155870445344 ;0.149797570850 ;0.149797570850 ;0.149797570850 ;
0.148080438757 ;0.148080438757 ;0.140767824497 ;0.137111517367 ;0.137111517367 ;0.140767824497 ;0.137111517367 ;0.140767824497 ;0.140767824497 ;0.144424131627 ;0.146252285192 ;0.144424131627 ;0.142595978062 ;0.138939670932 ;0.138939670932 ;0.137111517367 ;0.133455210238 ;0.129798903108 ;0.131627056673 ;0.137111517367 ;0.135283363803 ;0.135283363803 ;0.137111517367 ;0.133455210238 ;0.135283363803 ;0.133455210238 ;0.124314442413 ;0.124314442413 ;0.120658135283 ;0.120658135283 ;0.122486288848 ;0.124314442413 ;0.126142595978 ;0.124314442413 ;0.127970749543 ;0.124314442413 ;0.115173674589 ;0.111517367459 ;0.111517367459 ;0.109689213894 ;0.109689213894 ;0.107861060329 ;0.111517367459 ;0.113345521024 ;0.115173674589 ;0.115173674589 ;0.117001828154 ;0.115173674589 ;0.115173674589 ;0.111517367459 ;0.113345521024 ;0.111517367459 ;0.115173674589 ;0.115173674589 ;0.124314442413 ;0.126142595978 ;0.124314442413 ;0.129798903108 ;0.131627056673 ;0.133455210238 ;0.138939670932 ;0.135283363803 ;0.137111517367 ;0.137111517367 ;0.135283363803 ;0.142595978062 ;0.142595978062 ;0.151736745887 ;0.155393053016 ;0.160877513711 ;0.164533820841 ;0.168190127971 ;0.175502742230 ;0.180987202925 ;0.184643510055 ;0.182815356490 ;0.186471663620 ;0.190127970750 ;0.186471663620 ;0.186471663620 ;0.186471663620 ;0.184643510055 ;0.182815356490 ;0.177330895795 ;0.168190127971 ;0.162705667276 ;0.153564899452 ;0.148080438757 ;0.144424131627 ;0.144424131627 ;0.142595978062 ;0.140767824497 ;0.127970749543 ;0.135283363803 ;0.129798903108 ;0.124314442413 ;0.126142595978 ;0.124314442413 ;0.122486288848 ;0.124314442413 ;0.122486288848 ;0.126142595978 ;0.127970749543 ;0.129798903108 ;0.127970749543 ;0.131627056673 ;0.137111517367 ;0.135283363803 ;0.135283363803 ;0.135283363803 ;0.138939670932 ;0.138939670932 ;0.146252285192 ;0.151736745887 ;0.166361974406 ;0.182815356490 ;0.206581352834 ;0.234003656307 ;0.270566727605 ;0.310786106033 ;0.354661791590 ;0.404021937843 ;0.460694698355 ;0.533820840951 ;0.603290676417 ;0.672760511883 ;0.729433272395 ;0.789762340037 ;0.848263254113 ;0.912248628885 ;0.974405850091 ;1.000000000000 ;0.965265082267 ;0.851919561243 ;0.689213893967 ;0.488117001828 ;0.296160877514 ;0.142595978062 ;0.049360146252 ;0.007312614260 ;0.009140767824 ;0.031078610603 ;0.056672760512 ;0.074954296161 ;0.087751371115 ;0.093235831810 ;0.093235831810 ;0.085923217550 ;0.076782449726 ;0.074954296161 ;0.074954296161 ;0.074954296161 ;0.073126142596 ;0.076782449726 ;0.082266910420 ;0.073126142596 ;0.074954296161 ;0.071297989031 ;0.067641681901 ;0.065813528336 ;0.060329067642 ;0.063985374771 ;0.063985374771 ;0.065813528336 ;0.063985374771 ;0.063985374771 ;0.065813528336 ;0.060329067642 ;0.056672760512 ;0.054844606947 ;0.049360146252 ;0.049360146252 ;0.047531992687 ;0.047531992687 ;0.047531992687 ;0.049360146252 ;0.049360146252 ;0.051188299817 ;0.047531992687 ;0.042047531993 ;0.040219378428 ;0.034734917733 ;0.032906764168 ;0.031078610603 ;0.031078610603 ;0.027422303473 ;0.025594149909 ;0.027422303473 ;0.029250457038 ;0.031078610603 ;0.029250457038 ;0.027422303473 ;0.027422303473 ;0.018281535649 ;0.014625228519 ;0.010968921389 ;0.005484460695 ;0.009140767824 ;0.007312614260 ;0.010968921389 ;0.010968921389 ;0.010968921389 ;0.009140767824 ;0.009140767824 ;0.001828153565 ;0.003656307130 ;0.003656307130 ;0.000000000000 ;0.005484460695 ;0.001828153565 ;0.000000000000 ;0.010968921389 ;0.009140767824 ;0.014625228519 ;0.016453382084 ;0.023765996344 ;0.029250457038 ;0.032906764168 ;0.036563071298 ;0.034734917733 ;0.043875685558 ;0.049360146252 ;0.056672760512 ;0.065813528336 ;0.076782449726 ;0.087751371115 ;0.096892138940 ;0.100548446069 ;0.100548446069 ;0.111517367459 ;0.106032906764 ;0.109689213894 ;0.115173674589 ;0.117001828154 ;0.118829981718 ;0.124314442413 ;0.131627056673 ;0.140767824497 ;0.140767824497 ;0.140767824497 ;0.135283363803 ;0.140767824497 ;0.135283363803 ;0.135283363803 ;0.131627056673 ;0.135283363803 ;0.137111517367 ;0.131627056673 ;0.135283363803 ;0.135283363803 ;0.142595978062 ;0.140767824497 ;0.140767824497 ;0.138939670932 ;0.138939670932 ;0.133455210238 ;0.131627056673 ;0.127970749543 ;0.124314442413 ;0.129798903108 ;
0.130434782609 ;0.152173913043 ;0.168478260870 ;0.173913043478 ;0.173913043478 ;0.173913043478 ;0.184782608696 ;0.184782608696 ;0.184782608696 ;0.168478260870 ;0.163043478261 ;0.163043478261 ;0.168478260870 ;0.184782608696 ;0.190217391304 ;0.201086956522 ;0.195652173913 ;0.190217391304 ;0.190217391304 ;0.206521739130 ;0.201086956522 ;0.201086956522 ;0.173913043478 ;0.173913043478 ;0.201086956522 ;0.217391304348 ;0.244565217391 ;0.244565217391 ;0.255434782609 ;0.255434782609 ;0.255434782609 ;0.282608695652 ;0.298913043478 ;0.288043478261 ;0.293478260870 ;0.282608695652 ;0.277173913043 ;0.309782608696 ;0.315217391304 ;0.282608695652 ;0.260869565217 ;0.260869565217 ;0.239130434783 ;0.266304347826 ;0.271739130435 ;0.271739130435 ;0.250000000000 ;0.211956521739 ;0.217391304348 ;0.195652173913 ;0.184782608696 ;0.168478260870 ;0.157608695652 ;0.141304347826 ;0.163043478261 ;0.173913043478 ;0.168478260870 ;0.179347826087 ;0.157608695652 ;0.141304347826 ;0.130434782609 ;0.125000000000 ;0.135869565217 ;0.125000000000 ;0.119565217391 ;0.125000000000 ;0.130434782609 ;0.114130434783 ;0.114130434783 ;0.092391304348 ;0.043478260870 ;0.054347826087 ;0.070652173913 ;0.081521739130 ;0.092391304348 ;0.108695652174 ;0.108695652174 ;0.097826086957 ;0.114130434783 ;0.119565217391 ;0.119565217391 ;0.125000000000 ;0.141304347826 ;0.157608695652 ;0.168478260870 ;0.179347826087 ;0.184782608696 ;0.173913043478 ;0.179347826087 ;0.184782608696 ;0.206521739130 ;0.217391304348 ;0.211956521739 ;0.211956521739 ;0.233695652174 ;0.228260869565 ;0.233695652174 ;0.239130434783 ;0.228260869565 ;0.239130434783 ;0.217391304348 ;0.211956521739 ;0.211956521739 ;0.222826086957 ;0.228260869565 ;0.217391304348 ;0.211956521739 ;0.184782608696 ;0.168478260870 ;0.168478260870 ;0.135869565217 ;0.076086956522 ;0.032608695652 ;0.000000000000 ;0.021739130435 ;0.054347826087 ;0.097826086957 ;0.135869565217 ;0.152173913043 ;0.173913043478 ;0.206521739130 ;0.239130434783 ;0.293478260870 ;0.353260869565 ;0.445652173913 ;0.586956521739 ;0.771739130435 ;0.934782608696 ;1.000000000000 ;0.983695652174 ;0.918478260870 ;0.836956521739 ;0.706521739130 ;0.597826086957 ;0.494565217391 ;0.418478260870 ;0.353260869565 ;0.298913043478 ;0.288043478261 ;0.266304347826 ;0.255434782609 ;0.239130434783 ;0.222826086957 ;0.228260869565 ;0.244565217391 ;0.255434782609 ;0.282608695652 ;0.288043478261 ;0.250000000000 ;0.260869565217 ;0.255434782609 ;0.266304347826 ;0.266304347826 ;0.266304347826 ;0.266304347826 ;0.277173913043 ;0.293478260870 ;0.304347826087 ;0.293478260870 ;0.288043478261 ;0.271739130435 ;0.288043478261 ;0.298913043478 ;0.331521739130 ;0.347826086957 ;0.326086956522 ;0.331521739130 ;0.326086956522 ;0.326086956522 ;0.326086956522 ;0.326086956522 ;0.320652173913 ;0.315217391304 ;0.315217391304 ;0.342391304348 ;0.336956521739 ;0.347826086957 ;0.353260869565 ;0.336956521739 ;0.342391304348 ;0.358695652174 ;0.380434782609 ;0.391304347826 ;0.385869565217 ;0.380434782609 ;0.385869565217 ;0.402173913043 ;0.402173913043 ;0.407608695652 ;0.402173913043 ;0.391304347826 ;0.407608695652 ;0.413043478261 ;0.423913043478 ;0.440217391304 ;0.418478260870 ;0.413043478261 ;0.407608695652 ;0.423913043478 ;0.445652173913 ;0.445652173913 ;0.456521739130 ;0.445652173913 ;0.445652173913 ;0.440217391304 ;0.467391304348 ;0.478260869565 ;0.467391304348 ;0.461956521739 ;0.461956521739 ;0.472826086957 ;0.489130434783 ;0.494565217391 ;0.500000000000 ;0.489130434783 ;0.483695652174 ;0.489130434783 ;0.505434782609 ;0.505434782609 ;0.510869565217 ;0.500000000000 ;0.494565217391 ;0.500000000000 ;0.521739130435 ;0.510869565217 ;0.489130434783 ;0.472826086957 ;0.461956521739 ;0.467391304348 ;0.472826086957 ;0.478260869565 ;0.456521739130 ;0.434782608696 ;0.418478260870 ;0.385869565217 ;0.375000000000 ;0.364130434783 ;0.353260869565 ;0.331521739130 ;0.347826086957 ;0.347826086957 ;0.358695652174 ;0.342391304348 ;0.331521739130 ;0.293478260870 ;0.277173913043 ;0.266304347826 ;0.266304347826 ;0.266304347826 ;0.250000000000 ;0.244565217391 ;0.233695652174 ;0.222826086957 ;0.239130434783 ;0.217391304348 ;0.179347826087 ;0.163043478261 ;0.163043478261 ;0.179347826087 ;0.195652173913 ;
0.181818181818 ;0.197628458498 ;0.193675889328 ;0.189723320158 ;0.177865612648 ;0.169960474308 ;0.169960474308 ;0.185770750988 ;0.173913043478 ;0.177865612648 ;0.166007905138 ;0.177865612648 ;0.189723320158 ;0.197628458498 ;0.197628458498 ;0.181818181818 ;0.169960474308 ;0.166007905138 ;0.173913043478 ;0.185770750988 ;0.189723320158 ;0.209486166008 ;0.213438735178 ;0.237154150198 ;0.260869565217 ;0.280632411067 ;0.280632411067 ;0.276679841897 ;0.264822134387 ;0.272727272727 ;0.284584980237 ;0.280632411067 ;0.292490118577 ;0.288537549407 ;0.296442687747 ;0.292490118577 ;0.288537549407 ;0.276679841897 ;0.264822134387 ;0.245059288538 ;0.229249011858 ;0.213438735178 ;0.217391304348 ;0.213438735178 ;0.205533596838 ;0.185770750988 ;0.166007905138 ;0.150197628458 ;0.154150197628 ;0.158102766798 ;0.162055335968 ;0.166007905138 ;0.166007905138 ;0.166007905138 ;0.166007905138 ;0.177865612648 ;0.169960474308 ;0.162055335968 ;0.142292490119 ;0.122529644269 ;0.110671936759 ;0.106719367589 ;0.118577075099 ;0.114624505929 ;0.110671936759 ;0.118577075099 ;0.114624505929 ;0.118577075099 ;0.094861660079 ;0.079051383399 ;0.071146245059 ;0.075098814229 ;0.098814229249 ;0.134387351779 ;0.142292490119 ;0.130434782609 ;0.118577075099 ;0.114624505929 ;0.142292490119 ;0.162055335968 ;0.173913043478 ;0.177865612648 ;0.169960474308 ;0.181818181818 ;0.201581027668 ;0.217391304348 ;0.213438735178 ;0.201581027668 ;0.177865612648 ;0.166007905138 ;0.177865612648 ;0.193675889328 ;0.189723320158 ;0.193675889328 ;0.185770750988 ;0.197628458498 ;0.221343873518 ;0.241106719368 ;0.225296442688 ;0.217391304348 ;0.205533596838 ;0.193675889328 ;0.205533596838 ;0.213438735178 ;0.209486166008 ;0.197628458498 ;0.181818181818 ;0.185770750988 ;0.169960474308 ;0.142292490119 ;0.106719367589 ;0.055335968379 ;0.000000000000 ;0.003952569170 ;0.007905138340 ;0.043478260870 ;0.071146245059 ;0.114624505929 ;0.162055335968 ;0.217391304348 ;0.264822134387 ;0.288537549407 ;0.296442687747 ;0.316205533597 ;0.383399209486 ;0.529644268775 ;0.715415019763 ;0.881422924901 ;0.972332015810 ;1.000000000000 ;0.964426877470 ;0.916996047431 ;0.849802371542 ;0.754940711462 ;0.608695652174 ;0.462450592885 ;0.355731225296 ;0.308300395257 ;0.272727272727 ;0.276679841897 ;0.272727272727 ;0.284584980237 ;0.256916996047 ;0.260869565217 ;0.264822134387 ;0.260869565217 ;0.260869565217 ;0.237154150198 ;0.225296442688 ;0.241106719368 ;0.264822134387 ;0.276679841897 ;0.288537549407 ;0.288537549407 ;0.284584980237 ;0.288537549407 ;0.272727272727 ;0.268774703557 ;0.264822134387 ;0.260869565217 ;0.260869565217 ;0.260869565217 ;0.280632411067 ;0.288537549407 ;0.284584980237 ;0.284584980237 ;0.280632411067 ;0.288537549407 ;0.300395256917 ;0.304347826087 ;0.300395256917 ;0.304347826087 ;0.288537549407 ;0.284584980237 ;0.292490118577 ;0.312252964427 ;0.308300395257 ;0.316205533597 ;0.308300395257 ;0.320158102767 ;0.312252964427 ;0.308300395257 ;0.324110671937 ;0.324110671937 ;0.296442687747 ;0.304347826087 ;0.316205533597 ;0.335968379447 ;0.343873517787 ;0.339920948617 ;0.332015810277 ;0.335968379447 ;0.332015810277 ;0.332015810277 ;0.332015810277 ;0.328063241107 ;0.316205533597 ;0.324110671937 ;0.335968379447 ;0.355731225296 ;0.359683794466 ;0.363636363636 ;0.367588932806 ;0.375494071146 ;0.391304347826 ;0.407114624506 ;0.415019762846 ;0.411067193676 ;0.399209486166 ;0.403162055336 ;0.422924901186 ;0.422924901186 ;0.411067193676 ;0.387351778656 ;0.351778656126 ;0.347826086957 ;0.367588932806 ;0.399209486166 ;0.434782608696 ;0.458498023715 ;0.458498023715 ;0.482213438735 ;0.466403162055 ;0.466403162055 ;0.446640316206 ;0.418972332016 ;0.399209486166 ;0.395256916996 ;0.403162055336 ;0.430830039526 ;0.446640316206 ;0.438735177866 ;0.422924901186 ;0.415019762846 ;0.407114624506 ;0.403162055336 ;0.383399209486 ;0.367588932806 ;0.339920948617 ;0.332015810277 ;0.324110671937 ;0.320158102767 ;0.320158102767 ;0.320158102767 ;0.304347826087 ;0.296442687747 ;0.280632411067 ;0.276679841897 ;0.264822134387 ;0.264822134387 ;0.252964426877 ;0.241106719368 ;0.256916996047 ;0.252964426877 ;0.252964426877 ;0.233201581028 ;0.221343873518 ;0.213438735178 ;0.217391304348 ;0.221343873518 ;
0.225287356322 ;0.232183908046 ;0.232183908046 ;0.227586206897 ;0.227586206897 ;0.229885057471 ;0.225287356322 ;0.222988505747 ;0.222988505747 ;0.222988505747 ;0.225287356322 ;0.225287356322 ;0.222988505747 ;0.225287356322 ;0.227586206897 ;0.229885057471 ;0.220689655172 ;0.218390804598 ;0.220689655172 ;0.220689655172 ;0.220689655172 ;0.220689655172 ;0.227586206897 ;0.222988505747 ;0.225287356322 ;0.232183908046 ;0.229885057471 ;0.229885057471 ;0.229885057471 ;0.227586206897 ;0.229885057471 ;0.225287356322 ;0.220689655172 ;0.216091954023 ;0.216091954023 ;0.220689655172 ;0.220689655172 ;0.225287356322 ;0.232183908046 ;0.232183908046 ;0.229885057471 ;0.227586206897 ;0.222988505747 ;0.222988505747 ;0.218390804598 ;0.218390804598 ;0.218390804598 ;0.220689655172 ;0.222988505747 ;0.232183908046 ;0.229885057471 ;0.236781609195 ;0.236781609195 ;0.232183908046 ;0.232183908046 ;0.234482758621 ;0.229885057471 ;0.234482758621 ;0.243678160920 ;0.257471264368 ;0.259770114943 ;0.266666666667 ;0.273563218391 ;0.275862068966 ;0.278160919540 ;0.273563218391 ;0.280459770115 ;0.280459770115 ;0.282758620690 ;0.282758620690 ;0.285057471264 ;0.282758620690 ;0.282758620690 ;0.280459770115 ;0.278160919540 ;0.275862068966 ;0.275862068966 ;0.268965517241 ;0.259770114943 ;0.255172413793 ;0.248275862069 ;0.243678160920 ;0.243678160920 ;0.245977011494 ;0.245977011494 ;0.245977011494 ;0.239080459770 ;0.236781609195 ;0.232183908046 ;0.229885057471 ;0.225287356322 ;0.222988505747 ;0.218390804598 ;0.220689655172 ;0.229885057471 ;0.236781609195 ;0.241379310345 ;0.252873563218 ;0.257471264368 ;0.264367816092 ;0.268965517241 ;0.271264367816 ;0.273563218391 ;0.280459770115 ;0.282758620690 ;0.289655172414 ;0.308045977011 ;0.321839080460 ;0.335632183908 ;0.351724137931 ;0.360919540230 ;0.370114942529 ;0.381609195402 ;0.400000000000 ;0.411494252874 ;0.427586206897 ;0.445977011494 ;0.459770114943 ;0.485057471264 ;0.503448275862 ;0.521839080460 ;0.551724137931 ;0.581609195402 ;0.629885057471 ;0.685057471264 ;0.744827586207 ;0.811494252874 ;0.880459770115 ;0.933333333333 ;0.981609195402 ;1.000000000000 ;0.979310344828 ;0.926436781609 ;0.839080459770 ;0.719540229885 ;0.570114942529 ;0.409195402299 ;0.241379310345 ;0.114942528736 ;0.032183908046 ;0.000000000000 ;0.006896551724 ;0.041379310345 ;0.091954022989 ;0.140229885057 ;0.179310344828 ;0.204597701149 ;0.213793103448 ;0.213793103448 ;0.209195402299 ;0.202298850575 ;0.204597701149 ;0.200000000000 ;0.197701149425 ;0.200000000000 ;0.204597701149 ;0.209195402299 ;0.216091954023 ;0.218390804598 ;0.220689655172 ;0.218390804598 ;0.209195402299 ;0.209195402299 ;0.211494252874 ;0.209195402299 ;0.211494252874 ;0.213793103448 ;0.211494252874 ;0.213793103448 ;0.225287356322 ;0.225287356322 ;0.227586206897 ;0.225287356322 ;0.220689655172 ;0.225287356322 ;0.218390804598 ;0.216091954023 ;0.213793103448 ;0.220689655172 ;0.227586206897 ;0.225287356322 ;0.225287356322 ;0.232183908046 ;0.232183908046 ;0.225287356322 ;0.229885057471 ;0.222988505747 ;0.225287356322 ;0.222988505747 ;0.220689655172 ;0.222988505747 ;0.218390804598 ;0.218390804598 ;0.227586206897 ;0.227586206897 ;0.232183908046 ;0.234482758621 ;0.234482758621 ;0.236781609195 ;0.236781609195 ;0.241379310345 ;0.239080459770 ;0.239080459770 ;0.248275862069 ;0.250574712644 ;0.257471264368 ;0.259770114943 ;0.268965517241 ;0.271264367816 ;0.262068965517 ;0.266666666667 ;0.259770114943 ;0.257471264368 ;0.259770114943 ;0.259770114943 ;0.271264367816 ;0.278160919540 ;0.282758620690 ;0.287356321839 ;0.289655172414 ;0.287356321839 ;0.287356321839 ;0.280459770115 ;0.287356321839 ;0.285057471264 ;0.285057471264 ;0.285057471264 ;0.296551724138 ;0.294252873563 ;0.291954022989 ;0.289655172414 ;0.291954022989 ;0.282758620690 ;0.273563218391 ;0.264367816092 ;0.257471264368 ;0.262068965517 ;0.257471264368 ;0.257471264368 ;0.259770114943 ;0.257471264368 ;0.255172413793 ;0.250574712644 ;0.257471264368 ;0.245977011494 ;0.241379310345 ;0.241379310345 ;0.236781609195 ;0.234482758621 ;0.234482758621 ;0.232183908046 ;0.236781609195 ;0.236781609195 ;0.229885057471 ;0.229885057471 ;0.236781609195 ;0.234482758621 ;0.234482758621 ;0.229885057471 ;0.229885057471 ;
0.259391771020 ;0.259391771020 ;0.262969588551 ;0.259391771020 ;0.259391771020 ;0.261180679785 ;0.259391771020 ;0.266547406082 ;0.264758497317 ;0.264758497317 ;0.270125223614 ;0.266547406082 ;0.261180679785 ;0.255813953488 ;0.255813953488 ;0.252236135957 ;0.252236135957 ;0.259391771020 ;0.261180679785 ;0.262969588551 ;0.262969588551 ;0.262969588551 ;0.264758497317 ;0.264758497317 ;0.262969588551 ;0.261180679785 ;0.261180679785 ;0.257602862254 ;0.254025044723 ;0.255813953488 ;0.262969588551 ;0.264758497317 ;0.264758497317 ;0.262969588551 ;0.264758497317 ;0.264758497317 ;0.262969588551 ;0.261180679785 ;0.262969588551 ;0.262969588551 ;0.262969588551 ;0.266547406082 ;0.268336314848 ;0.264758497317 ;0.266547406082 ;0.264758497317 ;0.266547406082 ;0.266547406082 ;0.270125223614 ;0.266547406082 ;0.268336314848 ;0.270125223614 ;0.271914132379 ;0.273703041145 ;0.279069767442 ;0.286225402504 ;0.284436493739 ;0.291592128801 ;0.288014311270 ;0.295169946333 ;0.298747763864 ;0.298747763864 ;0.302325581395 ;0.304114490161 ;0.304114490161 ;0.305903398927 ;0.309481216458 ;0.314847942755 ;0.314847942755 ;0.320214669052 ;0.322003577818 ;0.322003577818 ;0.320214669052 ;0.316636851521 ;0.313059033989 ;0.313059033989 ;0.305903398927 ;0.300536672630 ;0.296958855098 ;0.296958855098 ;0.293381037567 ;0.291592128801 ;0.291592128801 ;0.280858676208 ;0.280858676208 ;0.277280858676 ;0.266547406082 ;0.261180679785 ;0.259391771020 ;0.259391771020 ;0.257602862254 ;0.261180679785 ;0.259391771020 ;0.264758497317 ;0.271914132379 ;0.273703041145 ;0.279069767442 ;0.280858676208 ;0.282647584973 ;0.284436493739 ;0.282647584973 ;0.286225402504 ;0.302325581395 ;0.309481216458 ;0.325581395349 ;0.332737030411 ;0.345259391771 ;0.354203935599 ;0.363148479428 ;0.366726296959 ;0.375670840787 ;0.384615384615 ;0.398926654741 ;0.415026833631 ;0.438282647585 ;0.457960644007 ;0.477638640429 ;0.491949910555 ;0.495527728086 ;0.502683363148 ;0.508050089445 ;0.527728085868 ;0.556350626118 ;0.599284436494 ;0.658318425760 ;0.720930232558 ;0.801431127013 ;0.874776386404 ;0.944543828265 ;0.987477638640 ;1.000000000000 ;0.969588550984 ;0.898032200358 ;0.779964221825 ;0.631484794275 ;0.456171735242 ;0.277280858676 ;0.127012522361 ;0.026833631485 ;0.000000000000 ;0.021466905188 ;0.073345259392 ;0.144901610018 ;0.203935599284 ;0.248658318426 ;0.275491949911 ;0.282647584973 ;0.280858676208 ;0.273703041145 ;0.270125223614 ;0.262969588551 ;0.262969588551 ;0.261180679785 ;0.262969588551 ;0.261180679785 ;0.259391771020 ;0.262969588551 ;0.266547406082 ;0.262969588551 ;0.266547406082 ;0.264758497317 ;0.271914132379 ;0.270125223614 ;0.271914132379 ;0.273703041145 ;0.270125223614 ;0.273703041145 ;0.271914132379 ;0.273703041145 ;0.271914132379 ;0.270125223614 ;0.268336314848 ;0.270125223614 ;0.268336314848 ;0.270125223614 ;0.273703041145 ;0.273703041145 ;0.275491949911 ;0.279069767442 ;0.275491949911 ;0.273703041145 ;0.271914132379 ;0.264758497317 ;0.264758497317 ;0.264758497317 ;0.266547406082 ;0.270125223614 ;0.277280858676 ;0.277280858676 ;0.279069767442 ;0.280858676208 ;0.282647584973 ;0.271914132379 ;0.273703041145 ;0.271914132379 ;0.275491949911 ;0.271914132379 ;0.275491949911 ;0.273703041145 ;0.280858676208 ;0.291592128801 ;0.293381037567 ;0.296958855098 ;0.293381037567 ;0.298747763864 ;0.295169946333 ;0.295169946333 ;0.295169946333 ;0.295169946333 ;0.298747763864 ;0.302325581395 ;0.307692307692 ;0.313059033989 ;0.320214669052 ;0.320214669052 ;0.325581395349 ;0.325581395349 ;0.327370304114 ;0.325581395349 ;0.323792486583 ;0.327370304114 ;0.329159212880 ;0.336314847943 ;0.338103756708 ;0.338103756708 ;0.332737030411 ;0.327370304114 ;0.322003577818 ;0.313059033989 ;0.307692307692 ;0.304114490161 ;0.300536672630 ;0.298747763864 ;0.295169946333 ;0.296958855098 ;0.296958855098 ;0.293381037567 ;0.293381037567 ;0.288014311270 ;0.289803220036 ;0.289803220036 ;0.288014311270 ;0.284436493739 ;0.280858676208 ;0.273703041145 ;0.275491949911 ;0.273703041145 ;0.279069767442 ;0.279069767442 ;0.277280858676 ;0.280858676208 ;0.277280858676 ;0.275491949911 ;0.277280858676 ;0.271914132379 ;0.264758497317 ;0.266547406082 ;0.261180679785 ;0.268336314848 ;0.270125223614 ;
0.362500000000 ;0.358928571429 ;0.355357142857 ;0.357142857143 ;0.355357142857 ;0.358928571429 ;0.355357142857 ;0.355357142857 ;0.366071428571 ;0.360714285714 ;0.364285714286 ;0.360714285714 ;0.362500000000 ;0.362500000000 ;0.369642857143 ;0.367857142857 ;0.371428571429 ;0.373214285714 ;0.375000000000 ;0.380357142857 ;0.375000000000 ;0.380357142857 ;0.378571428571 ;0.378571428571 ;0.378571428571 ;0.376785714286 ;0.378571428571 ;0.375000000000 ;0.378571428571 ;0.376785714286 ;0.378571428571 ;0.382142857143 ;0.385714285714 ;0.380357142857 ;0.387500000000 ;0.383928571429 ;0.383928571429 ;0.382142857143 ;0.378571428571 ;0.375000000000 ;0.380357142857 ;0.380357142857 ;0.382142857143 ;0.385714285714 ;0.382142857143 ;0.382142857143 ;0.383928571429 ;0.380357142857 ;0.378571428571 ;0.375000000000 ;0.375000000000 ;0.376785714286 ;0.376785714286 ;0.380357142857 ;0.382142857143 ;0.387500000000 ;0.392857142857 ;0.396428571429 ;0.394642857143 ;0.392857142857 ;0.392857142857 ;0.396428571429 ;0.398214285714 ;0.398214285714 ;0.400000000000 ;0.403571428571 ;0.414285714286 ;0.417857142857 ;0.425000000000 ;0.428571428571 ;0.428571428571 ;0.428571428571 ;0.426785714286 ;0.417857142857 ;0.417857142857 ;0.410714285714 ;0.407142857143 ;0.407142857143 ;0.408928571429 ;0.405357142857 ;0.403571428571 ;0.401785714286 ;0.398214285714 ;0.389285714286 ;0.387500000000 ;0.383928571429 ;0.376785714286 ;0.375000000000 ;0.373214285714 ;0.371428571429 ;0.367857142857 ;0.369642857143 ;0.369642857143 ;0.369642857143 ;0.367857142857 ;0.367857142857 ;0.367857142857 ;0.369642857143 ;0.373214285714 ;0.373214285714 ;0.378571428571 ;0.383928571429 ;0.382142857143 ;0.392857142857 ;0.392857142857 ;0.391071428571 ;0.389285714286 ;0.392857142857 ;0.389285714286 ;0.391071428571 ;0.389285714286 ;0.394642857143 ;0.394642857143 ;0.394642857143 ;0.398214285714 ;0.405357142857 ;0.410714285714 ;0.421428571429 ;0.426785714286 ;0.433928571429 ;0.444642857143 ;0.471428571429 ;0.510714285714 ;0.562500000000 ;0.628571428571 ;0.708928571429 ;0.789285714286 ;0.873214285714 ;0.939285714286 ;0.987500000000 ;1.000000000000 ;0.966071428571 ;0.883928571429 ;0.764285714286 ;0.612500000000 ;0.435714285714 ;0.260714285714 ;0.116071428571 ;0.023214285714 ;0.000000000000 ;0.035714285714 ;0.110714285714 ;0.201785714286 ;0.283928571429 ;0.351785714286 ;0.391071428571 ;0.407142857143 ;0.410714285714 ;0.407142857143 ;0.398214285714 ;0.392857142857 ;0.389285714286 ;0.392857142857 ;0.396428571429 ;0.396428571429 ;0.400000000000 ;0.400000000000 ;0.403571428571 ;0.403571428571 ;0.407142857143 ;0.408928571429 ;0.412500000000 ;0.419642857143 ;0.425000000000 ;0.437500000000 ;0.441071428571 ;0.444642857143 ;0.446428571429 ;0.446428571429 ;0.448214285714 ;0.446428571429 ;0.448214285714 ;0.444642857143 ;0.450000000000 ;0.453571428571 ;0.451785714286 ;0.455357142857 ;0.457142857143 ;0.464285714286 ;0.464285714286 ;0.464285714286 ;0.464285714286 ;0.464285714286 ;0.464285714286 ;0.467857142857 ;0.469642857143 ;0.473214285714 ;0.476785714286 ;0.482142857143 ;0.485714285714 ;0.485714285714 ;0.485714285714 ;0.487500000000 ;0.491071428571 ;0.492857142857 ;0.498214285714 ;0.501785714286 ;0.507142857143 ;0.512500000000 ;0.521428571429 ;0.521428571429 ;0.523214285714 ;0.525000000000 ;0.523214285714 ;0.521428571429 ;0.523214285714 ;0.523214285714 ;0.519642857143 ;0.519642857143 ;0.523214285714 ;0.521428571429 ;0.516071428571 ;0.519642857143 ;0.517857142857 ;0.521428571429 ;0.514285714286 ;0.510714285714 ;0.505357142857 ;0.498214285714 ;0.491071428571 ;0.489285714286 ;0.482142857143 ;0.476785714286 ;0.469642857143 ;0.458928571429 ;0.455357142857 ;0.442857142857 ;0.430357142857 ;0.416071428571 ;0.401785714286 ;0.389285714286 ;0.383928571429 ;0.375000000000 ;0.373214285714 ;0.367857142857 ;0.367857142857 ;0.362500000000 ;0.360714285714 ;0.357142857143 ;0.350000000000 ;0.348214285714 ;0.344642857143 ;0.342857142857 ;0.339285714286 ;0.342857142857 ;0.341071428571 ;0.350000000000 ;0.357142857143 ;0.360714285714 ;0.362500000000 ;0.366071428571 ;0.366071428571 ;0.369642857143 ;0.369642857143 ;0.366071428571 ;0.366071428571 ;0.367857142857 ;0.369642857143 ;0.371428571429 ;0.376785714286 ;
0.056689342404 ;0.070294784580 ;0.083900226757 ;0.099773242630 ;0.117913832200 ;0.122448979592 ;0.129251700680 ;0.138321995465 ;0.138321995465 ;0.140589569161 ;0.147392290249 ;0.158730158730 ;0.172335600907 ;0.181405895692 ;0.190476190476 ;0.192743764172 ;0.199546485261 ;0.208616780045 ;0.217687074830 ;0.229024943311 ;0.235827664399 ;0.238095238095 ;0.229024943311 ;0.215419501134 ;0.201814058957 ;0.195011337868 ;0.188208616780 ;0.188208616780 ;0.195011337868 ;0.195011337868 ;0.201814058957 ;0.217687074830 ;0.222222222222 ;0.222222222222 ;0.229024943311 ;0.229024943311 ;0.222222222222 ;0.217687074830 ;0.206349206349 ;0.206349206349 ;0.199546485261 ;0.204081632653 ;0.213151927438 ;0.213151927438 ;0.217687074830 ;0.213151927438 ;0.210884353741 ;0.210884353741 ;0.206349206349 ;0.204081632653 ;0.204081632653 ;0.210884353741 ;0.204081632653 ;0.206349206349 ;0.210884353741 ;0.206349206349 ;0.217687074830 ;0.215419501134 ;0.213151927438 ;0.213151927438 ;0.213151927438 ;0.219954648526 ;0.222222222222 ;0.235827664399 ;0.238095238095 ;0.247165532880 ;0.249433106576 ;0.258503401361 ;0.260770975057 ;0.265306122449 ;0.267573696145 ;0.274376417234 ;0.272108843537 ;0.278911564626 ;0.297052154195 ;0.308390022676 ;0.328798185941 ;0.342403628118 ;0.349206349206 ;0.342403628118 ;0.335600907029 ;0.326530612245 ;0.324263038549 ;0.319727891156 ;0.321995464853 ;0.333333333333 ;0.333333333333 ;0.335600907029 ;0.331065759637 ;0.317460317460 ;0.303854875283 ;0.292517006803 ;0.276643990930 ;0.263038548753 ;0.253968253968 ;0.247165532880 ;0.238095238095 ;0.240362811791 ;0.231292517007 ;0.226757369615 ;0.224489795918 ;0.219954648526 ;0.215419501134 ;0.210884353741 ;0.210884353741 ;0.210884353741 ;0.210884353741 ;0.208616780045 ;0.213151927438 ;0.213151927438 ;0.217687074830 ;0.222222222222 ;0.224489795918 ;0.215419501134 ;0.217687074830 ;0.208616780045 ;0.210884353741 ;0.213151927438 ;0.238095238095 ;0.285714285714 ;0.349206349206 ;0.439909297052 ;0.523809523810 ;0.621315192744 ;0.696145124717 ;0.768707482993 ;0.843537414966 ;0.900226757370 ;0.954648526077 ;0.990929705215 ;1.000000000000 ;0.975056689342 ;0.931972789116 ;0.836734693878 ;0.721088435374 ;0.580498866213 ;0.455782312925 ;0.353741496599 ;0.290249433107 ;0.263038548753 ;0.244897959184 ;0.242630385488 ;0.231292517007 ;0.222222222222 ;0.208616780045 ;0.179138321995 ;0.167800453515 ;0.158730158730 ;0.154195011338 ;0.154195011338 ;0.154195011338 ;0.151927437642 ;0.149659863946 ;0.145124716553 ;0.138321995465 ;0.138321995465 ;0.138321995465 ;0.136054421769 ;0.136054421769 ;0.140589569161 ;0.142857142857 ;0.140589569161 ;0.142857142857 ;0.136054421769 ;0.136054421769 ;0.129251700680 ;0.129251700680 ;0.126984126984 ;0.129251700680 ;0.129251700680 ;0.129251700680 ;0.129251700680 ;0.133786848073 ;0.124716553288 ;0.126984126984 ;0.126984126984 ;0.117913832200 ;0.117913832200 ;0.113378684807 ;0.113378684807 ;0.104308390023 ;0.106575963719 ;0.104308390023 ;0.099773242630 ;0.099773242630 ;0.095238095238 ;0.095238095238 ;0.081632653061 ;0.077097505669 ;0.074829931973 ;0.065759637188 ;0.061224489796 ;0.056689342404 ;0.052154195011 ;0.045351473923 ;0.040816326531 ;0.038548752834 ;0.031746031746 ;0.029478458050 ;0.020408163265 ;0.018140589569 ;0.013605442177 ;0.004535147392 ;0.000000000000 ;0.002267573696 ;0.002267573696 ;0.009070294785 ;0.011337868481 ;0.015873015873 ;0.018140589569 ;0.024943310658 ;0.029478458050 ;0.034013605442 ;0.036281179138 ;0.043083900227 ;0.049886621315 ;0.056689342404 ;0.068027210884 ;0.081632653061 ;0.095238095238 ;0.111111111111 ;0.120181405896 ;0.136054421769 ;0.140589569161 ;0.142857142857 ;0.151927437642 ;0.156462585034 ;0.163265306122 ;0.174603174603 ;0.181405895692 ;0.183673469388 ;0.201814058957 ;0.208616780045 ;0.210884353741 ;0.210884353741 ;0.210884353741 ;0.210884353741 ;0.204081632653 ;0.199546485261 ;0.204081632653 ;0.199546485261 ;0.204081632653 ;0.206349206349 ;0.208616780045 ;0.206349206349 ;0.213151927438 ;0.206349206349 ;0.197278911565 ;0.199546485261 ;0.199546485261 ;0.204081632653 ;0.201814058957 ;0.204081632653 ;0.204081632653 ;0.199546485261 ;0.201814058957 ;0.206349206349 ;0.208616780045 ;0.210884353741 ;0.208616780045 ;
0.002123142251 ;0.000000000000 ;0.002123142251 ;0.006369426752 ;0.008492569002 ;0.019108280255 ;0.023354564756 ;0.036093418259 ;0.038216560510 ;0.048832271762 ;0.059447983015 ;0.072186836518 ;0.093418259023 ;0.104033970276 ;0.118895966030 ;0.129511677282 ;0.142250530786 ;0.161358811040 ;0.167728237792 ;0.176220806794 ;0.180467091295 ;0.182590233546 ;0.188959660297 ;0.195329087049 ;0.208067940552 ;0.220806794055 ;0.227176220807 ;0.233545647558 ;0.237791932059 ;0.242038216561 ;0.242038216561 ;0.239915074310 ;0.246284501062 ;0.250530785563 ;0.242038216561 ;0.231422505308 ;0.229299363057 ;0.218683651805 ;0.227176220807 ;0.229299363057 ;0.235668789809 ;0.237791932059 ;0.242038216561 ;0.233545647558 ;0.229299363057 ;0.231422505308 ;0.229299363057 ;0.227176220807 ;0.225053078556 ;0.229299363057 ;0.237791932059 ;0.244161358811 ;0.244161358811 ;0.244161358811 ;0.242038216561 ;0.237791932059 ;0.233545647558 ;0.229299363057 ;0.227176220807 ;0.233545647558 ;0.237791932059 ;0.246284501062 ;0.254777070064 ;0.259023354565 ;0.263269639066 ;0.261146496815 ;0.261146496815 ;0.263269639066 ;0.261146496815 ;0.276008492569 ;0.280254777070 ;0.284501061571 ;0.280254777070 ;0.286624203822 ;0.290870488323 ;0.299363057325 ;0.312101910828 ;0.322717622081 ;0.341825902335 ;0.354564755839 ;0.360934182590 ;0.360934182590 ;0.354564755839 ;0.341825902335 ;0.337579617834 ;0.335456475584 ;0.335456475584 ;0.343949044586 ;0.350318471338 ;0.354564755839 ;0.348195329087 ;0.335456475584 ;0.322717622081 ;0.301486199575 ;0.284501061571 ;0.267515923567 ;0.261146496815 ;0.254777070064 ;0.254777070064 ;0.250530785563 ;0.246284501062 ;0.242038216561 ;0.237791932059 ;0.237791932059 ;0.227176220807 ;0.227176220807 ;0.220806794055 ;0.214437367304 ;0.222929936306 ;0.225053078556 ;0.233545647558 ;0.233545647558 ;0.233545647558 ;0.231422505308 ;0.227176220807 ;0.225053078556 ;0.229299363057 ;0.242038216561 ;0.269639065817 ;0.312101910828 ;0.373673036093 ;0.452229299363 ;0.541401273885 ;0.632696390658 ;0.713375796178 ;0.787685774947 ;0.853503184713 ;0.919320594480 ;0.966029723992 ;0.993630573248 ;1.000000000000 ;0.978768577495 ;0.934182590234 ;0.845010615711 ;0.721868365180 ;0.581740976645 ;0.456475583864 ;0.365180467091 ;0.295116772824 ;0.261146496815 ;0.244161358811 ;0.239915074310 ;0.233545647558 ;0.229299363057 ;0.212314225053 ;0.201698513800 ;0.186836518047 ;0.182590233546 ;0.182590233546 ;0.186836518047 ;0.188959660297 ;0.191082802548 ;0.188959660297 ;0.182590233546 ;0.186836518047 ;0.182590233546 ;0.174097664544 ;0.178343949045 ;0.174097664544 ;0.171974522293 ;0.178343949045 ;0.178343949045 ;0.178343949045 ;0.178343949045 ;0.167728237792 ;0.165605095541 ;0.157112526539 ;0.152866242038 ;0.154989384289 ;0.157112526539 ;0.165605095541 ;0.165605095541 ;0.165605095541 ;0.169851380042 ;0.171974522293 ;0.176220806794 ;0.176220806794 ;0.171974522293 ;0.159235668790 ;0.152866242038 ;0.140127388535 ;0.144373673036 ;0.142250530786 ;0.144373673036 ;0.146496815287 ;0.148619957537 ;0.142250530786 ;0.135881104034 ;0.131634819533 ;0.118895966030 ;0.110403397028 ;0.106157112527 ;0.104033970276 ;0.095541401274 ;0.097664543524 ;0.099787685775 ;0.099787685775 ;0.095541401274 ;0.091295116773 ;0.089171974522 ;0.082802547771 ;0.080679405520 ;0.078556263270 ;0.074309978769 ;0.072186836518 ;0.070063694268 ;0.070063694268 ;0.072186836518 ;0.074309978769 ;0.080679405520 ;0.080679405520 ;0.087048832272 ;0.089171974522 ;0.095541401274 ;0.101910828025 ;0.110403397028 ;0.123142250531 ;0.135881104034 ;0.154989384289 ;0.165605095541 ;0.180467091295 ;0.197452229299 ;0.197452229299 ;0.195329087049 ;0.186836518047 ;0.188959660297 ;0.188959660297 ;0.193205944798 ;0.201698513800 ;0.216560509554 ;0.227176220807 ;0.235668789809 ;0.244161358811 ;0.244161358811 ;0.235668789809 ;0.233545647558 ;0.231422505308 ;0.229299363057 ;0.229299363057 ;0.229299363057 ;0.229299363057 ;0.235668789809 ;0.235668789809 ;0.242038216561 ;0.242038216561 ;0.246284501062 ;0.246284501062 ;0.248407643312 ;0.242038216561 ;0.235668789809 ;0.237791932059 ;0.233545647558 ;0.231422505308 ;0.233545647558 ;0.244161358811 ;0.250530785563 ;0.254777070064 ;0.254777070064 ;0.250530785563 ;0.246284501062 ;
0.272552783109 ;0.268714011516 ;0.266794625720 ;0.262955854127 ;0.255278310940 ;0.253358925144 ;0.247600767754 ;0.249520153551 ;0.255278310940 ;0.259117082534 ;0.270633397313 ;0.276391554702 ;0.274472168906 ;0.268714011516 ;0.266794625720 ;0.257197696737 ;0.247600767754 ;0.243761996161 ;0.239923224568 ;0.239923224568 ;0.239923224568 ;0.245681381958 ;0.247600767754 ;0.247600767754 ;0.255278310940 ;0.249520153551 ;0.247600767754 ;0.247600767754 ;0.247600767754 ;0.247600767754 ;0.245681381958 ;0.241842610365 ;0.241842610365 ;0.239923224568 ;0.243761996161 ;0.247600767754 ;0.249520153551 ;0.251439539347 ;0.253358925144 ;0.247600767754 ;0.245681381958 ;0.249520153551 ;0.243761996161 ;0.245681381958 ;0.238003838772 ;0.238003838772 ;0.236084452975 ;0.239923224568 ;0.239923224568 ;0.243761996161 ;0.238003838772 ;0.238003838772 ;0.234165067179 ;0.234165067179 ;0.239923224568 ;0.243761996161 ;0.249520153551 ;0.253358925144 ;0.255278310940 ;0.251439539347 ;0.251439539347 ;0.253358925144 ;0.255278310940 ;0.253358925144 ;0.264875239923 ;0.262955854127 ;0.274472168906 ;0.278310940499 ;0.282149712092 ;0.287907869482 ;0.291746641075 ;0.299424184261 ;0.305182341651 ;0.307101727447 ;0.314779270633 ;0.324376199616 ;0.333973128599 ;0.345489443378 ;0.355086372361 ;0.358925143954 ;0.357005758157 ;0.353166986564 ;0.351247600768 ;0.345489443378 ;0.337811900192 ;0.339731285988 ;0.349328214971 ;0.353166986564 ;0.345489443378 ;0.339731285988 ;0.330134357006 ;0.318618042226 ;0.310940499040 ;0.309021113244 ;0.295585412668 ;0.289827255278 ;0.284069097889 ;0.272552783109 ;0.266794625720 ;0.259117082534 ;0.251439539347 ;0.239923224568 ;0.230326295585 ;0.222648752399 ;0.224568138196 ;0.226487523992 ;0.236084452975 ;0.243761996161 ;0.251439539347 ;0.251439539347 ;0.245681381958 ;0.234165067179 ;0.228406909789 ;0.226487523992 ;0.226487523992 ;0.230326295585 ;0.238003838772 ;0.249520153551 ;0.266794625720 ;0.307101727447 ;0.376199616123 ;0.452975047985 ;0.545105566219 ;0.623800383877 ;0.704414587332 ;0.773512476008 ;0.840690978887 ;0.902111324376 ;0.955854126679 ;0.988483685221 ;1.000000000000 ;0.988483685221 ;0.950095969290 ;0.880998080614 ;0.777351247601 ;0.656429942418 ;0.535508637236 ;0.439539347409 ;0.372360844530 ;0.332053742802 ;0.310940499040 ;0.293666026871 ;0.287907869482 ;0.278310940499 ;0.261036468330 ;0.232245681382 ;0.201535508637 ;0.182341650672 ;0.172744721689 ;0.168905950096 ;0.165067178503 ;0.168905950096 ;0.168905950096 ;0.168905950096 ;0.165067178503 ;0.159309021113 ;0.163147792706 ;0.157389635317 ;0.161228406910 ;0.166986564299 ;0.166986564299 ;0.157389635317 ;0.153550863724 ;0.151631477927 ;0.153550863724 ;0.161228406910 ;0.159309021113 ;0.159309021113 ;0.166986564299 ;0.157389635317 ;0.151631477927 ;0.142034548944 ;0.138195777351 ;0.136276391555 ;0.138195777351 ;0.136276391555 ;0.136276391555 ;0.138195777351 ;0.136276391555 ;0.138195777351 ;0.134357005758 ;0.126679462572 ;0.120921305182 ;0.119001919386 ;0.120921305182 ;0.120921305182 ;0.119001919386 ;0.120921305182 ;0.115163147793 ;0.107485604607 ;0.097888675624 ;0.090211132438 ;0.088291746641 ;0.082533589251 ;0.078694817658 ;0.071017274472 ;0.063339731286 ;0.055662188100 ;0.047984644914 ;0.042226487524 ;0.032629558541 ;0.030710172745 ;0.023032629559 ;0.021113243762 ;0.019193857965 ;0.011516314779 ;0.003838771593 ;0.001919385797 ;0.003838771593 ;0.003838771593 ;0.005758157390 ;0.007677543186 ;0.005758157390 ;0.005758157390 ;0.003838771593 ;0.000000000000 ;0.003838771593 ;0.001919385797 ;0.003838771593 ;0.015355086372 ;0.024952015355 ;0.036468330134 ;0.049904030710 ;0.059500959693 ;0.071017274472 ;0.082533589251 ;0.090211132438 ;0.109404990403 ;0.122840690979 ;0.132437619962 ;0.138195777351 ;0.149712092131 ;0.163147792706 ;0.168905950096 ;0.172744721689 ;0.184261036468 ;0.193857965451 ;0.211132437620 ;0.216890595010 ;0.222648752399 ;0.226487523992 ;0.224568138196 ;0.230326295585 ;0.222648752399 ;0.234165067179 ;0.234165067179 ;0.236084452975 ;0.238003838772 ;0.243761996161 ;0.239923224568 ;0.245681381958 ;0.247600767754 ;0.255278310940 ;0.261036468330 ;0.264875239923 ;0.257197696737 ;0.255278310940 ;0.249520153551 ;0.253358925144 ;0.255278310940 ;
0.079754601227 ;0.085889570552 ;0.088957055215 ;0.092024539877 ;0.101226993865 ;0.098159509202 ;0.095092024540 ;0.098159509202 ;0.092024539877 ;0.092024539877 ;0.085889570552 ;0.079754601227 ;0.082822085890 ;0.070552147239 ;0.067484662577 ;0.073619631902 ;0.079754601227 ;0.082822085890 ;0.079754601227 ;0.082822085890 ;0.073619631902 ;0.073619631902 ;0.073619631902 ;0.073619631902 ;0.070552147239 ;0.073619631902 ;0.079754601227 ;0.085889570552 ;0.082822085890 ;0.095092024540 ;0.092024539877 ;0.095092024540 ;0.092024539877 ;0.085889570552 ;0.082822085890 ;0.079754601227 ;0.085889570552 ;0.092024539877 ;0.098159509202 ;0.098159509202 ;0.104294478528 ;0.098159509202 ;0.101226993865 ;0.104294478528 ;0.095092024540 ;0.095092024540 ;0.085889570552 ;0.085889570552 ;0.085889570552 ;0.095092024540 ;0.098159509202 ;0.098159509202 ;0.110429447853 ;0.107361963190 ;0.104294478528 ;0.107361963190 ;0.098159509202 ;0.095092024540 ;0.088957055215 ;0.079754601227 ;0.076687116564 ;0.092024539877 ;0.098159509202 ;0.101226993865 ;0.104294478528 ;0.119631901840 ;0.116564417178 ;0.122699386503 ;0.125766871166 ;0.128834355828 ;0.122699386503 ;0.116564417178 ;0.125766871166 ;0.128834355828 ;0.134969325153 ;0.147239263804 ;0.168711656442 ;0.177914110429 ;0.180981595092 ;0.196319018405 ;0.205521472393 ;0.202453987730 ;0.196319018405 ;0.190184049080 ;0.180981595092 ;0.180981595092 ;0.187116564417 ;0.180981595092 ;0.174846625767 ;0.177914110429 ;0.168711656442 ;0.156441717791 ;0.150306748466 ;0.141104294479 ;0.122699386503 ;0.107361963190 ;0.095092024540 ;0.079754601227 ;0.079754601227 ;0.079754601227 ;0.073619631902 ;0.076687116564 ;0.073619631902 ;0.070552147239 ;0.064417177914 ;0.064417177914 ;0.061349693252 ;0.055214723926 ;0.049079754601 ;0.049079754601 ;0.049079754601 ;0.055214723926 ;0.058282208589 ;0.064417177914 ;0.070552147239 ;0.070552147239 ;0.058282208589 ;0.058282208589 ;0.064417177914 ;0.079754601227 ;0.113496932515 ;0.165644171779 ;0.236196319018 ;0.340490797546 ;0.453987730061 ;0.576687116564 ;0.708588957055 ;0.831288343558 ;0.932515337423 ;0.990797546012 ;1.000000000000 ;0.941717791411 ;0.825153374233 ;0.690184049080 ;0.524539877301 ;0.386503067485 ;0.257668711656 ;0.165644171779 ;0.101226993865 ;0.076687116564 ;0.061349693252 ;0.058282208589 ;0.058282208589 ;0.064417177914 ;0.058282208589 ;0.055214723926 ;0.046012269939 ;0.036809815951 ;0.027607361963 ;0.021472392638 ;0.018404907975 ;0.012269938650 ;0.024539877301 ;0.015337423313 ;0.006134969325 ;0.000000000000 ;0.000000000000 ;0.003067484663 ;0.006134969325 ;0.006134969325 ;0.009202453988 ;0.015337423313 ;0.015337423313 ;0.018404907975 ;0.021472392638 ;0.018404907975 ;0.006134969325 ;0.006134969325 ;0.006134969325 ;0.009202453988 ;0.018404907975 ;0.027607361963 ;0.027607361963 ;0.036809815951 ;0.039877300613 ;0.039877300613 ;0.036809815951 ;0.027607361963 ;0.018404907975 ;0.018404907975 ;0.018404907975 ;0.018404907975 ;0.024539877301 ;0.027607361963 ;0.033742331288 ;0.046012269939 ;0.049079754601 ;0.052147239264 ;0.049079754601 ;0.036809815951 ;0.042944785276 ;0.033742331288 ;0.036809815951 ;0.039877300613 ;0.046012269939 ;0.052147239264 ;0.058282208589 ;0.064417177914 ;0.073619631902 ;0.073619631902 ;0.073619631902 ;0.064417177914 ;0.067484662577 ;0.061349693252 ;0.055214723926 ;0.061349693252 ;0.064417177914 ;0.070552147239 ;0.073619631902 ;0.079754601227 ;0.076687116564 ;0.079754601227 ;0.079754601227 ;0.070552147239 ;0.073619631902 ;0.067484662577 ;0.070552147239 ;0.070552147239 ;0.073619631902 ;0.076687116564 ;0.076687116564 ;0.095092024540 ;0.098159509202 ;0.107361963190 ;0.110429447853 ;0.110429447853 ;0.113496932515 ;0.113496932515 ;0.110429447853 ;0.113496932515 ;0.113496932515 ;0.110429447853 ;0.119631901840 ;0.134969325153 ;0.131901840491 ;0.134969325153 ;0.125766871166 ;0.116564417178 ;0.113496932515 ;0.104294478528 ;0.104294478528 ;0.104294478528 ;0.101226993865 ;0.107361963190 ;0.107361963190 ;0.113496932515 ;0.116564417178 ;0.107361963190 ;0.116564417178 ;0.119631901840 ;0.110429447853 ;0.110429447853 ;0.110429447853 ;0.107361963190 ;0.110429447853 ;0.107361963190 ;0.110429447853 ;0.116564417178 ;0.116564417178 ;0.116564417178 ;
0.101876675603 ;0.099195710456 ;0.096514745308 ;0.096514745308 ;0.104557640751 ;0.104557640751 ;0.109919571046 ;0.109919571046 ;0.109919571046 ;0.109919571046 ;0.112600536193 ;0.104557640751 ;0.101876675603 ;0.096514745308 ;0.091152815013 ;0.096514745308 ;0.101876675603 ;0.107238605898 ;0.112600536193 ;0.101876675603 ;0.104557640751 ;0.093833780161 ;0.093833780161 ;0.096514745308 ;0.099195710456 ;0.101876675603 ;0.096514745308 ;0.091152815013 ;0.093833780161 ;0.096514745308 ;0.101876675603 ;0.107238605898 ;0.104557640751 ;0.107238605898 ;0.107238605898 ;0.107238605898 ;0.112600536193 ;0.107238605898 ;0.099195710456 ;0.099195710456 ;0.093833780161 ;0.096514745308 ;0.099195710456 ;0.093833780161 ;0.101876675603 ;0.104557640751 ;0.101876675603 ;0.107238605898 ;0.101876675603 ;0.099195710456 ;0.093833780161 ;0.091152815013 ;0.093833780161 ;0.104557640751 ;0.104557640751 ;0.109919571046 ;0.115281501340 ;0.112600536193 ;0.109919571046 ;0.109919571046 ;0.109919571046 ;0.107238605898 ;0.109919571046 ;0.101876675603 ;0.096514745308 ;0.093833780161 ;0.107238605898 ;0.120643431635 ;0.126005361930 ;0.128686327078 ;0.131367292225 ;0.139410187668 ;0.147453083110 ;0.150134048257 ;0.147453083110 ;0.160857908847 ;0.155495978552 ;0.158176943700 ;0.168900804290 ;0.176943699732 ;0.190348525469 ;0.195710455764 ;0.201072386059 ;0.201072386059 ;0.203753351206 ;0.195710455764 ;0.190348525469 ;0.182305630027 ;0.171581769437 ;0.171581769437 ;0.171581769437 ;0.168900804290 ;0.163538873995 ;0.144772117962 ;0.131367292225 ;0.126005361930 ;0.117962466488 ;0.104557640751 ;0.093833780161 ;0.085790884718 ;0.072386058981 ;0.067024128686 ;0.069705093834 ;0.067024128686 ;0.069705093834 ;0.072386058981 ;0.072386058981 ;0.067024128686 ;0.058981233244 ;0.056300268097 ;0.056300268097 ;0.056300268097 ;0.053619302949 ;0.053619302949 ;0.064343163539 ;0.061662198391 ;0.056300268097 ;0.050938337802 ;0.045576407507 ;0.053619302949 ;0.072386058981 ;0.101876675603 ;0.152815013405 ;0.233243967828 ;0.340482573727 ;0.469168900804 ;0.621983914209 ;0.769436997319 ;0.898123324397 ;0.978552278820 ;1.000000000000 ;0.943699731903 ;0.828418230563 ;0.656836461126 ;0.477211796247 ;0.308310991957 ;0.176943699732 ;0.091152815013 ;0.053619302949 ;0.042895442359 ;0.053619302949 ;0.067024128686 ;0.083109919571 ;0.088471849866 ;0.077747989276 ;0.067024128686 ;0.042895442359 ;0.029490616622 ;0.021447721180 ;0.016085790885 ;0.021447721180 ;0.026809651475 ;0.024128686327 ;0.024128686327 ;0.021447721180 ;0.018766756032 ;0.021447721180 ;0.021447721180 ;0.010723860590 ;0.005361930295 ;0.000000000000 ;0.005361930295 ;0.005361930295 ;0.005361930295 ;0.018766756032 ;0.018766756032 ;0.024128686327 ;0.034852546917 ;0.032171581769 ;0.026809651475 ;0.018766756032 ;0.021447721180 ;0.021447721180 ;0.026809651475 ;0.029490616622 ;0.034852546917 ;0.037533512064 ;0.040214477212 ;0.037533512064 ;0.037533512064 ;0.032171581769 ;0.032171581769 ;0.034852546917 ;0.032171581769 ;0.040214477212 ;0.040214477212 ;0.056300268097 ;0.061662198391 ;0.064343163539 ;0.061662198391 ;0.058981233244 ;0.064343163539 ;0.061662198391 ;0.058981233244 ;0.056300268097 ;0.061662198391 ;0.067024128686 ;0.083109919571 ;0.088471849866 ;0.091152815013 ;0.093833780161 ;0.088471849866 ;0.083109919571 ;0.085790884718 ;0.085790884718 ;0.091152815013 ;0.093833780161 ;0.088471849866 ;0.093833780161 ;0.091152815013 ;0.099195710456 ;0.101876675603 ;0.104557640751 ;0.101876675603 ;0.096514745308 ;0.096514745308 ;0.093833780161 ;0.096514745308 ;0.085790884718 ;0.088471849866 ;0.093833780161 ;0.091152815013 ;0.096514745308 ;0.101876675603 ;0.101876675603 ;0.107238605898 ;0.115281501340 ;0.117962466488 ;0.120643431635 ;0.126005361930 ;0.123324396783 ;0.126005361930 ;0.123324396783 ;0.131367292225 ;0.128686327078 ;0.134048257373 ;0.131367292225 ;0.128686327078 ;0.131367292225 ;0.126005361930 ;0.131367292225 ;0.128686327078 ;0.115281501340 ;0.117962466488 ;0.115281501340 ;0.120643431635 ;0.123324396783 ;0.123324396783 ;0.123324396783 ;0.117962466488 ;0.115281501340 ;0.112600536193 ;0.117962466488 ;0.112600536193 ;0.109919571046 ;0.104557640751 ;0.104557640751 ;0.109919571046 ;0.120643431635 ;0.123324396783 ;
0.123287671233 ;0.126027397260 ;0.120547945205 ;0.126027397260 ;0.131506849315 ;0.136986301370 ;0.145205479452 ;0.145205479452 ;0.139726027397 ;0.134246575342 ;0.128767123288 ;0.123287671233 ;0.117808219178 ;0.115068493151 ;0.115068493151 ;0.117808219178 ;0.123287671233 ;0.134246575342 ;0.142465753425 ;0.147945205479 ;0.142465753425 ;0.131506849315 ;0.126027397260 ;0.123287671233 ;0.120547945205 ;0.120547945205 ;0.128767123288 ;0.128767123288 ;0.134246575342 ;0.145205479452 ;0.145205479452 ;0.147945205479 ;0.147945205479 ;0.145205479452 ;0.134246575342 ;0.120547945205 ;0.106849315068 ;0.104109589041 ;0.117808219178 ;0.128767123288 ;0.145205479452 ;0.150684931507 ;0.150684931507 ;0.147945205479 ;0.136986301370 ;0.120547945205 ;0.115068493151 ;0.117808219178 ;0.126027397260 ;0.145205479452 ;0.158904109589 ;0.158904109589 ;0.153424657534 ;0.134246575342 ;0.112328767123 ;0.109589041096 ;0.104109589041 ;0.109589041096 ;0.115068493151 ;0.120547945205 ;0.126027397260 ;0.128767123288 ;0.128767123288 ;0.136986301370 ;0.131506849315 ;0.139726027397 ;0.136986301370 ;0.142465753425 ;0.145205479452 ;0.145205479452 ;0.150684931507 ;0.150684931507 ;0.158904109589 ;0.169863013699 ;0.172602739726 ;0.178082191781 ;0.169863013699 ;0.167123287671 ;0.172602739726 ;0.180821917808 ;0.200000000000 ;0.219178082192 ;0.227397260274 ;0.216438356164 ;0.213698630137 ;0.194520547945 ;0.186301369863 ;0.183561643836 ;0.194520547945 ;0.200000000000 ;0.200000000000 ;0.189041095890 ;0.172602739726 ;0.156164383562 ;0.147945205479 ;0.134246575342 ;0.131506849315 ;0.128767123288 ;0.120547945205 ;0.115068493151 ;0.109589041096 ;0.101369863014 ;0.073972602740 ;0.065753424658 ;0.060273972603 ;0.063013698630 ;0.073972602740 ;0.082191780822 ;0.095890410959 ;0.095890410959 ;0.087671232877 ;0.084931506849 ;0.076712328767 ;0.073972602740 ;0.054794520548 ;0.046575342466 ;0.035616438356 ;0.049315068493 ;0.063013698630 ;0.095890410959 ;0.145205479452 ;0.200000000000 ;0.273972602740 ;0.372602739726 ;0.487671232877 ;0.632876712329 ;0.778082191781 ;0.904109589041 ;0.983561643836 ;1.000000000000 ;0.950684931507 ;0.841095890411 ;0.687671232877 ;0.504109589041 ;0.334246575342 ;0.194520547945 ;0.101369863014 ;0.057534246575 ;0.049315068493 ;0.063013698630 ;0.076712328767 ;0.082191780822 ;0.073972602740 ;0.057534246575 ;0.043835616438 ;0.035616438356 ;0.032876712329 ;0.030136986301 ;0.027397260274 ;0.027397260274 ;0.021917808219 ;0.021917808219 ;0.016438356164 ;0.021917808219 ;0.024657534247 ;0.024657534247 ;0.030136986301 ;0.035616438356 ;0.032876712329 ;0.030136986301 ;0.016438356164 ;0.008219178082 ;0.002739726027 ;0.005479452055 ;0.005479452055 ;0.000000000000 ;0.005479452055 ;0.005479452055 ;0.008219178082 ;0.013698630137 ;0.021917808219 ;0.016438356164 ;0.019178082192 ;0.027397260274 ;0.021917808219 ;0.021917808219 ;0.024657534247 ;0.013698630137 ;0.013698630137 ;0.013698630137 ;0.019178082192 ;0.030136986301 ;0.035616438356 ;0.035616438356 ;0.027397260274 ;0.021917808219 ;0.030136986301 ;0.035616438356 ;0.046575342466 ;0.041095890411 ;0.038356164384 ;0.032876712329 ;0.027397260274 ;0.032876712329 ;0.041095890411 ;0.041095890411 ;0.046575342466 ;0.046575342466 ;0.043835616438 ;0.041095890411 ;0.043835616438 ;0.041095890411 ;0.046575342466 ;0.054794520548 ;0.060273972603 ;0.060273972603 ;0.057534246575 ;0.049315068493 ;0.043835616438 ;0.054794520548 ;0.057534246575 ;0.063013698630 ;0.065753424658 ;0.046575342466 ;0.035616438356 ;0.030136986301 ;0.041095890411 ;0.046575342466 ;0.043835616438 ;0.049315068493 ;0.054794520548 ;0.054794520548 ;0.057534246575 ;0.063013698630 ;0.057534246575 ;0.063013698630 ;0.068493150685 ;0.076712328767 ;0.087671232877 ;0.090410958904 ;0.093150684932 ;0.093150684932 ;0.095890410959 ;0.101369863014 ;0.101369863014 ;0.101369863014 ;0.098630136986 ;0.090410958904 ;0.084931506849 ;0.087671232877 ;0.090410958904 ;0.084931506849 ;0.087671232877 ;0.093150684932 ;0.098630136986 ;0.101369863014 ;0.098630136986 ;0.093150684932 ;0.079452054795 ;0.071232876712 ;0.065753424658 ;0.071232876712 ;0.073972602740 ;0.076712328767 ;0.079452054795 ;0.090410958904 ;0.084931506849 ;0.090410958904 ;0.084931506849 ;0.084931506849 ;
0.356275303644 ;0.366396761134 ;0.364372469636 ;0.364372469636 ;0.360323886640 ;0.356275303644 ;0.360323886640 ;0.362348178138 ;0.360323886640 ;0.356275303644 ;0.350202429150 ;0.348178137652 ;0.352226720648 ;0.348178137652 ;0.344129554656 ;0.346153846154 ;0.340080971660 ;0.338056680162 ;0.340080971660 ;0.344129554656 ;0.340080971660 ;0.338056680162 ;0.336032388664 ;0.338056680162 ;0.344129554656 ;0.348178137652 ;0.350202429150 ;0.350202429150 ;0.346153846154 ;0.342105263158 ;0.344129554656 ;0.348178137652 ;0.350202429150 ;0.352226720648 ;0.352226720648 ;0.350202429150 ;0.360323886640 ;0.366396761134 ;0.370445344130 ;0.364372469636 ;0.358299595142 ;0.360323886640 ;0.360323886640 ;0.358299595142 ;0.354251012146 ;0.350202429150 ;0.350202429150 ;0.348178137652 ;0.358299595142 ;0.360323886640 ;0.362348178138 ;0.360323886640 ;0.356275303644 ;0.348178137652 ;0.350202429150 ;0.346153846154 ;0.334008097166 ;0.317813765182 ;0.303643724696 ;0.291497975709 ;0.285425101215 ;0.283400809717 ;0.267206477733 ;0.263157894737 ;0.255060728745 ;0.251012145749 ;0.251012145749 ;0.257085020243 ;0.248987854251 ;0.251012145749 ;0.244939271255 ;0.246963562753 ;0.253036437247 ;0.257085020243 ;0.257085020243 ;0.253036437247 ;0.253036437247 ;0.253036437247 ;0.255060728745 ;0.259109311741 ;0.257085020243 ;0.257085020243 ;0.251012145749 ;0.253036437247 ;0.259109311741 ;0.259109311741 ;0.263157894737 ;0.263157894737 ;0.259109311741 ;0.261133603239 ;0.265182186235 ;0.267206477733 ;0.267206477733 ;0.269230769231 ;0.261133603239 ;0.263157894737 ;0.265182186235 ;0.271255060729 ;0.277327935223 ;0.269230769231 ;0.269230769231 ;0.273279352227 ;0.271255060729 ;0.277327935223 ;0.279352226721 ;0.275303643725 ;0.273279352227 ;0.271255060729 ;0.271255060729 ;0.267206477733 ;0.255060728745 ;0.251012145749 ;0.251012145749 ;0.271255060729 ;0.313765182186 ;0.370445344130 ;0.439271255061 ;0.491902834008 ;0.536437246964 ;0.568825910931 ;0.613360323887 ;0.674089068826 ;0.734817813765 ;0.801619433198 ;0.858299595142 ;0.910931174089 ;0.957489878543 ;0.989878542510 ;0.997975708502 ;1.000000000000 ;0.993927125506 ;0.965587044534 ;0.917004048583 ;0.838056680162 ;0.761133603239 ;0.694331983806 ;0.635627530364 ;0.566801619433 ;0.497975708502 ;0.419028340081 ;0.329959514170 ;0.251012145749 ;0.172064777328 ;0.115384615385 ;0.072874493927 ;0.044534412955 ;0.026315789474 ;0.012145748988 ;0.002024291498 ;0.000000000000 ;0.014170040486 ;0.022267206478 ;0.026315789474 ;0.024291497976 ;0.034412955466 ;0.052631578947 ;0.072874493927 ;0.093117408907 ;0.107287449393 ;0.109311740891 ;0.115384615385 ;0.125506072874 ;0.139676113360 ;0.153846153846 ;0.165991902834 ;0.168016194332 ;0.170040485830 ;0.172064777328 ;0.174089068826 ;0.184210526316 ;0.182186234818 ;0.176113360324 ;0.170040485830 ;0.165991902834 ;0.170040485830 ;0.172064777328 ;0.170040485830 ;0.163967611336 ;0.163967611336 ;0.157894736842 ;0.157894736842 ;0.163967611336 ;0.157894736842 ;0.153846153846 ;0.149797570850 ;0.147773279352 ;0.147773279352 ;0.149797570850 ;0.149797570850 ;0.137651821862 ;0.141700404858 ;0.139676113360 ;0.143724696356 ;0.143724696356 ;0.143724696356 ;0.141700404858 ;0.137651821862 ;0.135627530364 ;0.141700404858 ;0.149797570850 ;0.149797570850 ;0.147773279352 ;0.139676113360 ;0.145748987854 ;0.149797570850 ;0.157894736842 ;0.161943319838 ;0.161943319838 ;0.161943319838 ;0.161943319838 ;0.172064777328 ;0.178137651822 ;0.184210526316 ;0.188259109312 ;0.192307692308 ;0.196356275304 ;0.204453441296 ;0.214574898785 ;0.220647773279 ;0.224696356275 ;0.232793522267 ;0.232793522267 ;0.244939271255 ;0.257085020243 ;0.265182186235 ;0.271255060729 ;0.269230769231 ;0.277327935223 ;0.285425101215 ;0.293522267206 ;0.301619433198 ;0.307692307692 ;0.313765182186 ;0.315789473684 ;0.325910931174 ;0.336032388664 ;0.340080971660 ;0.344129554656 ;0.340080971660 ;0.344129554656 ;0.354251012146 ;0.360323886640 ;0.360323886640 ;0.362348178138 ;0.364372469636 ;0.362348178138 ;0.368421052632 ;0.374493927126 ;0.372469635628 ;0.368421052632 ;0.368421052632 ;0.364372469636 ;0.370445344130 ;0.370445344130 ;0.364372469636 ;0.366396761134 ;0.358299595142 ;0.358299595142 ;0.362348178138 ;0.362348178138 ;
0.357740585774 ;0.357740585774 ;0.355648535565 ;0.351464435146 ;0.349372384937 ;0.343096234310 ;0.349372384937 ;0.347280334728 ;0.347280334728 ;0.343096234310 ;0.338912133891 ;0.334728033473 ;0.336820083682 ;0.334728033473 ;0.336820083682 ;0.332635983264 ;0.332635983264 ;0.328451882845 ;0.341004184100 ;0.341004184100 ;0.343096234310 ;0.345188284519 ;0.345188284519 ;0.347280334728 ;0.351464435146 ;0.357740585774 ;0.353556485356 ;0.357740585774 ;0.357740585774 ;0.361924686192 ;0.368200836820 ;0.372384937238 ;0.374476987448 ;0.366108786611 ;0.366108786611 ;0.359832635983 ;0.366108786611 ;0.366108786611 ;0.364016736402 ;0.355648535565 ;0.353556485356 ;0.349372384937 ;0.357740585774 ;0.357740585774 ;0.364016736402 ;0.364016736402 ;0.359832635983 ;0.353556485356 ;0.355648535565 ;0.351464435146 ;0.347280334728 ;0.324267782427 ;0.309623430962 ;0.301255230126 ;0.292887029289 ;0.290794979079 ;0.282426778243 ;0.271966527197 ;0.263598326360 ;0.261506276151 ;0.259414225941 ;0.265690376569 ;0.261506276151 ;0.259414225941 ;0.255230125523 ;0.255230125523 ;0.261506276151 ;0.261506276151 ;0.263598326360 ;0.259414225941 ;0.257322175732 ;0.257322175732 ;0.267782426778 ;0.265690376569 ;0.267782426778 ;0.261506276151 ;0.261506276151 ;0.261506276151 ;0.265690376569 ;0.269874476987 ;0.267782426778 ;0.269874476987 ;0.261506276151 ;0.259414225941 ;0.263598326360 ;0.269874476987 ;0.271966527197 ;0.267782426778 ;0.271966527197 ;0.269874476987 ;0.278242677824 ;0.278242677824 ;0.280334728033 ;0.278242677824 ;0.276150627615 ;0.271966527197 ;0.284518828452 ;0.282426778243 ;0.284518828452 ;0.288702928870 ;0.278242677824 ;0.276150627615 ;0.286610878661 ;0.284518828452 ;0.284518828452 ;0.282426778243 ;0.276150627615 ;0.265690376569 ;0.263598326360 ;0.257322175732 ;0.251046025105 ;0.248953974895 ;0.253138075314 ;0.282426778243 ;0.330543933054 ;0.387029288703 ;0.441422594142 ;0.489539748954 ;0.531380753138 ;0.566945606695 ;0.606694560669 ;0.661087866109 ;0.728033472803 ;0.780334728033 ;0.832635983264 ;0.895397489540 ;0.949790794979 ;0.981171548117 ;0.997907949791 ;1.000000000000 ;0.991631799163 ;0.974895397490 ;0.933054393305 ;0.866108786611 ;0.790794979079 ;0.715481171548 ;0.648535564854 ;0.581589958159 ;0.514644351464 ;0.435146443515 ;0.347280334728 ;0.261506276151 ;0.200836820084 ;0.142259414226 ;0.096234309623 ;0.054393305439 ;0.029288702929 ;0.008368200837 ;0.002092050209 ;0.000000000000 ;0.006276150628 ;0.016736401674 ;0.014644351464 ;0.018828451883 ;0.025104602510 ;0.039748953975 ;0.066945606695 ;0.085774058577 ;0.100418410042 ;0.104602510460 ;0.110878661088 ;0.123430962343 ;0.135983263598 ;0.152719665272 ;0.161087866109 ;0.165271966527 ;0.165271966527 ;0.169456066946 ;0.171548117155 ;0.177824267782 ;0.169456066946 ;0.169456066946 ;0.163179916318 ;0.156903765690 ;0.158995815900 ;0.163179916318 ;0.161087866109 ;0.154811715481 ;0.156903765690 ;0.148535564854 ;0.148535564854 ;0.150627615063 ;0.152719665272 ;0.150627615063 ;0.142259414226 ;0.142259414226 ;0.142259414226 ;0.144351464435 ;0.140167364017 ;0.135983263598 ;0.138075313808 ;0.140167364017 ;0.146443514644 ;0.146443514644 ;0.146443514644 ;0.144351464435 ;0.142259414226 ;0.140167364017 ;0.140167364017 ;0.148535564854 ;0.142259414226 ;0.142259414226 ;0.142259414226 ;0.140167364017 ;0.146443514644 ;0.148535564854 ;0.161087866109 ;0.158995815900 ;0.158995815900 ;0.161087866109 ;0.173640167364 ;0.182008368201 ;0.190376569038 ;0.190376569038 ;0.194560669456 ;0.200836820084 ;0.209205020921 ;0.217573221757 ;0.228033472803 ;0.230125523013 ;0.234309623431 ;0.238493723849 ;0.251046025105 ;0.261506276151 ;0.267782426778 ;0.280334728033 ;0.286610878661 ;0.290794979079 ;0.297071129707 ;0.305439330544 ;0.305439330544 ;0.311715481172 ;0.320083682008 ;0.317991631799 ;0.330543933054 ;0.332635983264 ;0.336820083682 ;0.336820083682 ;0.341004184100 ;0.341004184100 ;0.349372384937 ;0.357740585774 ;0.357740585774 ;0.359832635983 ;0.355648535565 ;0.349372384937 ;0.357740585774 ;0.357740585774 ;0.366108786611 ;0.357740585774 ;0.351464435146 ;0.353556485356 ;0.349372384937 ;0.351464435146 ;0.355648535565 ;0.347280334728 ;0.345188284519 ;0.345188284519 ;0.345188284519 ;0.351464435146 ;
0.359342915811 ;0.357289527721 ;0.361396303901 ;0.363449691992 ;0.367556468172 ;0.361396303901 ;0.353182751540 ;0.351129363450 ;0.353182751540 ;0.353182751540 ;0.353182751540 ;0.353182751540 ;0.349075975359 ;0.349075975359 ;0.353182751540 ;0.359342915811 ;0.359342915811 ;0.359342915811 ;0.353182751540 ;0.351129363450 ;0.355236139630 ;0.357289527721 ;0.353182751540 ;0.351129363450 ;0.344969199179 ;0.347022587269 ;0.349075975359 ;0.359342915811 ;0.361396303901 ;0.365503080082 ;0.367556468172 ;0.367556468172 ;0.365503080082 ;0.367556468172 ;0.371663244353 ;0.361396303901 ;0.355236139630 ;0.355236139630 ;0.353182751540 ;0.359342915811 ;0.359342915811 ;0.357289527721 ;0.353182751540 ;0.359342915811 ;0.369609856263 ;0.369609856263 ;0.365503080082 ;0.357289527721 ;0.340862422998 ;0.328542094456 ;0.314168377823 ;0.310061601643 ;0.301848049281 ;0.287474332649 ;0.279260780287 ;0.268993839836 ;0.264887063655 ;0.266940451745 ;0.262833675565 ;0.258726899384 ;0.258726899384 ;0.256673511294 ;0.258726899384 ;0.262833675565 ;0.266940451745 ;0.254620123203 ;0.252566735113 ;0.254620123203 ;0.260780287474 ;0.268993839836 ;0.266940451745 ;0.262833675565 ;0.260780287474 ;0.256673511294 ;0.258726899384 ;0.268993839836 ;0.266940451745 ;0.266940451745 ;0.260780287474 ;0.262833675565 ;0.264887063655 ;0.271047227926 ;0.275154004107 ;0.271047227926 ;0.264887063655 ;0.266940451745 ;0.271047227926 ;0.275154004107 ;0.275154004107 ;0.275154004107 ;0.271047227926 ;0.271047227926 ;0.277207392197 ;0.283367556468 ;0.279260780287 ;0.279260780287 ;0.277207392197 ;0.275154004107 ;0.279260780287 ;0.283367556468 ;0.285420944559 ;0.281314168378 ;0.279260780287 ;0.277207392197 ;0.281314168378 ;0.283367556468 ;0.281314168378 ;0.271047227926 ;0.260780287474 ;0.250513347023 ;0.250513347023 ;0.260780287474 ;0.277207392197 ;0.316221765914 ;0.357289527721 ;0.410677618070 ;0.466119096509 ;0.519507186858 ;0.556468172485 ;0.585215605749 ;0.624229979466 ;0.679671457906 ;0.749486652977 ;0.811088295688 ;0.868583162218 ;0.919917864476 ;0.958932238193 ;0.983572895277 ;0.995893223819 ;1.000000000000 ;0.991786447639 ;0.975359342916 ;0.928131416838 ;0.864476386037 ;0.786447638604 ;0.726899383984 ;0.661190965092 ;0.601642710472 ;0.535934291581 ;0.457905544148 ;0.375770020534 ;0.295687885010 ;0.225872689938 ;0.174537987680 ;0.119096509240 ;0.073921971253 ;0.039014373717 ;0.018480492813 ;0.004106776181 ;0.000000000000 ;0.000000000000 ;0.004106776181 ;0.006160164271 ;0.012320328542 ;0.016427104723 ;0.020533880903 ;0.028747433265 ;0.047227926078 ;0.063655030801 ;0.082135523614 ;0.094455852156 ;0.102669404517 ;0.104722792608 ;0.112936344969 ;0.125256673511 ;0.137577002053 ;0.147843942505 ;0.151950718686 ;0.158110882957 ;0.162217659138 ;0.162217659138 ;0.170431211499 ;0.170431211499 ;0.166324435318 ;0.166324435318 ;0.162217659138 ;0.166324435318 ;0.164271047228 ;0.166324435318 ;0.158110882957 ;0.158110882957 ;0.151950718686 ;0.154004106776 ;0.158110882957 ;0.156057494867 ;0.151950718686 ;0.149897330595 ;0.145790554415 ;0.147843942505 ;0.149897330595 ;0.141683778234 ;0.143737166324 ;0.141683778234 ;0.133470225873 ;0.137577002053 ;0.139630390144 ;0.143737166324 ;0.139630390144 ;0.135523613963 ;0.133470225873 ;0.137577002053 ;0.137577002053 ;0.143737166324 ;0.139630390144 ;0.139630390144 ;0.135523613963 ;0.139630390144 ;0.145790554415 ;0.143737166324 ;0.149897330595 ;0.149897330595 ;0.145790554415 ;0.151950718686 ;0.164271047228 ;0.166324435318 ;0.168377823409 ;0.170431211499 ;0.172484599589 ;0.180698151951 ;0.188911704312 ;0.195071868583 ;0.197125256674 ;0.201232032854 ;0.203285420945 ;0.213552361396 ;0.221765913758 ;0.227926078029 ;0.236139630390 ;0.234086242300 ;0.236139630390 ;0.246406570842 ;0.252566735113 ;0.258726899384 ;0.262833675565 ;0.266940451745 ;0.271047227926 ;0.283367556468 ;0.295687885010 ;0.299794661191 ;0.297741273101 ;0.297741273101 ;0.301848049281 ;0.310061601643 ;0.318275154004 ;0.326488706366 ;0.326488706366 ;0.332648870637 ;0.332648870637 ;0.338809034908 ;0.344969199179 ;0.347022587269 ;0.349075975359 ;0.349075975359 ;0.347022587269 ;0.351129363450 ;0.357289527721 ;0.357289527721 ;0.357289527721 ;0.353182751540 ;0.353182751540 ;
0.219123505976 ;0.207171314741 ;0.207171314741 ;0.203187250996 ;0.199203187251 ;0.203187250996 ;0.223107569721 ;0.219123505976 ;0.219123505976 ;0.207171314741 ;0.219123505976 ;0.231075697211 ;0.223107569721 ;0.231075697211 ;0.207171314741 ;0.187250996016 ;0.191235059761 ;0.187250996016 ;0.211155378486 ;0.215139442231 ;0.215139442231 ;0.211155378486 ;0.215139442231 ;0.219123505976 ;0.219123505976 ;0.219123505976 ;0.215139442231 ;0.207171314741 ;0.223107569721 ;0.231075697211 ;0.247011952191 ;0.254980079681 ;0.262948207171 ;0.250996015936 ;0.254980079681 ;0.262948207171 ;0.274900398406 ;0.262948207171 ;0.262948207171 ;0.258964143426 ;0.278884462151 ;0.290836653386 ;0.294820717131 ;0.294820717131 ;0.286852589641 ;0.278884462151 ;0.278884462151 ;0.278884462151 ;0.282868525896 ;0.274900398406 ;0.262948207171 ;0.250996015936 ;0.239043824701 ;0.231075697211 ;0.247011952191 ;0.254980079681 ;0.235059760956 ;0.215139442231 ;0.219123505976 ;0.235059760956 ;0.227091633466 ;0.227091633466 ;0.227091633466 ;0.219123505976 ;0.207171314741 ;0.207171314741 ;0.207171314741 ;0.211155378486 ;0.227091633466 ;0.215139442231 ;0.207171314741 ;0.203187250996 ;0.203187250996 ;0.207171314741 ;0.199203187251 ;0.187250996016 ;0.199203187251 ;0.199203187251 ;0.203187250996 ;0.207171314741 ;0.195219123506 ;0.191235059761 ;0.191235059761 ;0.199203187251 ;0.207171314741 ;0.211155378486 ;0.199203187251 ;0.199203187251 ;0.187250996016 ;0.199203187251 ;0.207171314741 ;0.207171314741 ;0.191235059761 ;0.191235059761 ;0.183266932271 ;0.195219123506 ;0.215139442231 ;0.219123505976 ;0.215139442231 ;0.195219123506 ;0.183266932271 ;0.203187250996 ;0.215139442231 ;0.215139442231 ;0.203187250996 ;0.223107569721 ;0.239043824701 ;0.262948207171 ;0.294820717131 ;0.318725099602 ;0.346613545817 ;0.386454183267 ;0.454183266932 ;0.517928286853 ;0.557768924303 ;0.581673306773 ;0.565737051793 ;0.513944223108 ;0.426294820717 ;0.362549800797 ;0.338645418327 ;0.362549800797 ;0.426294820717 ;0.517928286853 ;0.641434262948 ;0.776892430279 ;0.892430278884 ;0.960159362550 ;1.000000000000 ;0.968127490040 ;0.900398406375 ;0.812749003984 ;0.737051792829 ;0.657370517928 ;0.565737051793 ;0.454183266932 ;0.330677290837 ;0.227091633466 ;0.163346613546 ;0.099601593625 ;0.055776892430 ;0.019920318725 ;0.000000000000 ;0.019920318725 ;0.055776892430 ;0.091633466135 ;0.111553784861 ;0.135458167331 ;0.143426294821 ;0.159362549801 ;0.167330677291 ;0.175298804781 ;0.179282868526 ;0.163346613546 ;0.163346613546 ;0.187250996016 ;0.195219123506 ;0.195219123506 ;0.191235059761 ;0.183266932271 ;0.183266932271 ;0.191235059761 ;0.191235059761 ;0.203187250996 ;0.195219123506 ;0.183266932271 ;0.187250996016 ;0.203187250996 ;0.211155378486 ;0.219123505976 ;0.211155378486 ;0.207171314741 ;0.195219123506 ;0.219123505976 ;0.235059760956 ;0.239043824701 ;0.235059760956 ;0.223107569721 ;0.235059760956 ;0.247011952191 ;0.258964143426 ;0.274900398406 ;0.262948207171 ;0.250996015936 ;0.258964143426 ;0.278884462151 ;0.294820717131 ;0.310756972112 ;0.302788844622 ;0.302788844622 ;0.314741035857 ;0.322709163347 ;0.346613545817 ;0.362549800797 ;0.362549800797 ;0.358565737052 ;0.366533864542 ;0.390438247012 ;0.406374501992 ;0.414342629482 ;0.422310756972 ;0.422310756972 ;0.438247011952 ;0.450199203187 ;0.474103585657 ;0.490039840637 ;0.482071713147 ;0.486055776892 ;0.482071713147 ;0.498007968127 ;0.513944223108 ;0.525896414343 ;0.517928286853 ;0.517928286853 ;0.513944223108 ;0.537848605578 ;0.553784860558 ;0.553784860558 ;0.549800796813 ;0.545816733068 ;0.541832669323 ;0.545816733068 ;0.545816733068 ;0.537848605578 ;0.505976095618 ;0.470119521912 ;0.462151394422 ;0.442231075697 ;0.426294820717 ;0.418326693227 ;0.398406374502 ;0.358565737052 ;0.338645418327 ;0.334661354582 ;0.334661354582 ;0.330677290837 ;0.306772908367 ;0.286852589641 ;0.266932270916 ;0.274900398406 ;0.274900398406 ;0.270916334661 ;0.254980079681 ;0.247011952191 ;0.247011952191 ;0.243027888446 ;0.254980079681 ;0.250996015936 ;0.235059760956 ;0.207171314741 ;0.227091633466 ;0.235059760956 ;0.239043824701 ;0.231075697211 ;0.223107569721 ;0.215139442231 ;0.219123505976 ;0.227091633466 ;0.235059760956 ;0.243027888446 ;
0.417582417582 ;0.412087912088 ;0.417582417582 ;0.434065934066 ;0.434065934066 ;0.428571428571 ;0.417582417582 ;0.428571428571 ;0.428571428571 ;0.439560439560 ;0.428571428571 ;0.428571428571 ;0.412087912088 ;0.428571428571 ;0.450549450549 ;0.456043956044 ;0.461538461538 ;0.450549450549 ;0.450549450549 ;0.439560439560 ;0.456043956044 ;0.467032967033 ;0.461538461538 ;0.461538461538 ;0.461538461538 ;0.472527472527 ;0.505494505495 ;0.516483516484 ;0.510989010989 ;0.500000000000 ;0.483516483516 ;0.472527472527 ;0.489010989011 ;0.500000000000 ;0.489010989011 ;0.478021978022 ;0.450549450549 ;0.450549450549 ;0.445054945055 ;0.445054945055 ;0.439560439560 ;0.423076923077 ;0.412087912088 ;0.390109890110 ;0.428571428571 ;0.434065934066 ;0.417582417582 ;0.384615384615 ;0.368131868132 ;0.362637362637 ;0.384615384615 ;0.401098901099 ;0.395604395604 ;0.362637362637 ;0.324175824176 ;0.340659340659 ;0.357142857143 ;0.379120879121 ;0.368131868132 ;0.346153846154 ;0.313186813187 ;0.313186813187 ;0.346153846154 ;0.362637362637 ;0.335164835165 ;0.335164835165 ;0.324175824176 ;0.335164835165 ;0.351648351648 ;0.357142857143 ;0.346153846154 ;0.318681318681 ;0.291208791209 ;0.313186813187 ;0.324175824176 ;0.335164835165 ;0.340659340659 ;0.329670329670 ;0.313186813187 ;0.313186813187 ;0.324175824176 ;0.346153846154 ;0.351648351648 ;0.324175824176 ;0.324175824176 ;0.329670329670 ;0.340659340659 ;0.346153846154 ;0.335164835165 ;0.335164835165 ;0.307692307692 ;0.329670329670 ;0.362637362637 ;0.373626373626 ;0.379120879121 ;0.406593406593 ;0.434065934066 ;0.467032967033 ;0.538461538462 ;0.626373626374 ;0.741758241758 ;0.791208791209 ;0.835164835165 ;0.851648351648 ;0.851648351648 ;0.791208791209 ;0.686813186813 ;0.549450549451 ;0.456043956044 ;0.412087912088 ;0.450549450549 ;0.543956043956 ;0.659340659341 ;0.752747252747 ;0.851648351648 ;0.923076923077 ;0.989010989011 ;1.000000000000 ;0.928571428571 ;0.791208791209 ;0.664835164835 ;0.532967032967 ;0.445054945055 ;0.368131868132 ;0.263736263736 ;0.153846153846 ;0.087912087912 ;0.043956043956 ;0.005494505495 ;0.010989010989 ;0.005494505495 ;0.000000000000 ;0.010989010989 ;0.071428571429 ;0.131868131868 ;0.175824175824 ;0.203296703297 ;0.197802197802 ;0.197802197802 ;0.208791208791 ;0.236263736264 ;0.269230769231 ;0.269230769231 ;0.247252747253 ;0.230769230769 ;0.241758241758 ;0.263736263736 ;0.291208791209 ;0.296703296703 ;0.274725274725 ;0.269230769231 ;0.269230769231 ;0.274725274725 ;0.296703296703 ;0.280219780220 ;0.274725274725 ;0.285714285714 ;0.296703296703 ;0.307692307692 ;0.307692307692 ;0.313186813187 ;0.296703296703 ;0.302197802198 ;0.318681318681 ;0.335164835165 ;0.357142857143 ;0.357142857143 ;0.351648351648 ;0.357142857143 ;0.379120879121 ;0.395604395604 ;0.401098901099 ;0.401098901099 ;0.401098901099 ;0.395604395604 ;0.417582417582 ;0.445054945055 ;0.472527472527 ;0.467032967033 ;0.478021978022 ;0.478021978022 ;0.500000000000 ;0.554945054945 ;0.593406593407 ;0.582417582418 ;0.593406593407 ;0.604395604396 ;0.626373626374 ;0.659340659341 ;0.670329670330 ;0.681318681319 ;0.703296703297 ;0.692307692308 ;0.725274725275 ;0.747252747253 ;0.774725274725 ;0.802197802198 ;0.813186813187 ;0.802197802198 ;0.824175824176 ;0.840659340659 ;0.829670329670 ;0.824175824176 ;0.780219780220 ;0.741758241758 ;0.708791208791 ;0.697802197802 ;0.670329670330 ;0.626373626374 ;0.565934065934 ;0.521978021978 ;0.510989010989 ;0.516483516484 ;0.516483516484 ;0.489010989011 ;0.450549450549 ;0.439560439560 ;0.423076923077 ;0.417582417582 ;0.428571428571 ;0.412087912088 ;0.395604395604 ;0.384615384615 ;0.395604395604 ;0.401098901099 ;0.417582417582 ;0.395604395604 ;0.379120879121 ;0.357142857143 ;0.351648351648 ;0.368131868132 ;0.357142857143 ;0.357142857143 ;0.351648351648 ;0.357142857143 ;0.340659340659 ;0.340659340659 ;0.351648351648 ;0.357142857143 ;0.351648351648 ;0.362637362637 ;0.368131868132 ;0.368131868132 ;0.357142857143 ;0.368131868132 ;0.357142857143 ;0.340659340659 ;0.357142857143 ;0.379120879121 ;0.373626373626 ;0.362637362637 ;0.346153846154 ;0.346153846154 ;0.384615384615 ;0.384615384615 ;0.401098901099 ;0.395604395604 ;0.379120879121 ;0.368131868132 ;0.384615384615 ;
0.220472440945 ;0.224409448819 ;0.224409448819 ;0.220472440945 ;0.216535433071 ;0.224409448819 ;0.236220472441 ;0.228346456693 ;0.224409448819 ;0.224409448819 ;0.220472440945 ;0.220472440945 ;0.240157480315 ;0.228346456693 ;0.212598425197 ;0.204724409449 ;0.212598425197 ;0.224409448819 ;0.236220472441 ;0.232283464567 ;0.224409448819 ;0.208661417323 ;0.208661417323 ;0.220472440945 ;0.228346456693 ;0.232283464567 ;0.224409448819 ;0.212598425197 ;0.200787401575 ;0.212598425197 ;0.224409448819 ;0.228346456693 ;0.232283464567 ;0.240157480315 ;0.240157480315 ;0.248031496063 ;0.240157480315 ;0.251968503937 ;0.244094488189 ;0.244094488189 ;0.240157480315 ;0.263779527559 ;0.283464566929 ;0.275590551181 ;0.275590551181 ;0.263779527559 ;0.267716535433 ;0.275590551181 ;0.287401574803 ;0.279527559055 ;0.263779527559 ;0.248031496063 ;0.248031496063 ;0.248031496063 ;0.251968503937 ;0.251968503937 ;0.236220472441 ;0.228346456693 ;0.220472440945 ;0.220472440945 ;0.228346456693 ;0.216535433071 ;0.208661417323 ;0.200787401575 ;0.192913385827 ;0.196850393701 ;0.204724409449 ;0.192913385827 ;0.185039370079 ;0.181102362205 ;0.161417322835 ;0.169291338583 ;0.173228346457 ;0.177165354331 ;0.169291338583 ;0.161417322835 ;0.161417322835 ;0.161417322835 ;0.173228346457 ;0.165354330709 ;0.157480314961 ;0.157480314961 ;0.149606299213 ;0.165354330709 ;0.169291338583 ;0.169291338583 ;0.165354330709 ;0.153543307087 ;0.145669291339 ;0.145669291339 ;0.169291338583 ;0.169291338583 ;0.161417322835 ;0.157480314961 ;0.153543307087 ;0.169291338583 ;0.173228346457 ;0.181102362205 ;0.169291338583 ;0.157480314961 ;0.165354330709 ;0.165354330709 ;0.188976377953 ;0.192913385827 ;0.185039370079 ;0.192913385827 ;0.208661417323 ;0.244094488189 ;0.287401574803 ;0.318897637795 ;0.370078740157 ;0.421259842520 ;0.484251968504 ;0.535433070866 ;0.555118110236 ;0.535433070866 ;0.480314960630 ;0.413385826772 ;0.362204724409 ;0.346456692913 ;0.381889763780 ;0.440944881890 ;0.519685039370 ;0.590551181102 ;0.704724409449 ;0.818897637795 ;0.913385826772 ;0.980314960630 ;1.000000000000 ;0.960629921260 ;0.893700787402 ;0.826771653543 ;0.775590551181 ;0.700787401575 ;0.629921259843 ;0.562992125984 ;0.472440944882 ;0.385826771654 ;0.311023622047 ;0.224409448819 ;0.137795275591 ;0.059055118110 ;0.019685039370 ;0.000000000000 ;0.000000000000 ;0.011811023622 ;0.031496062992 ;0.047244094488 ;0.062992125984 ;0.094488188976 ;0.110236220472 ;0.118110236220 ;0.110236220472 ;0.114173228346 ;0.102362204724 ;0.110236220472 ;0.122047244094 ;0.129921259843 ;0.125984251969 ;0.129921259843 ;0.133858267717 ;0.141732283465 ;0.145669291339 ;0.133858267717 ;0.125984251969 ;0.114173228346 ;0.125984251969 ;0.141732283465 ;0.161417322835 ;0.157480314961 ;0.149606299213 ;0.137795275591 ;0.137795275591 ;0.145669291339 ;0.157480314961 ;0.153543307087 ;0.145669291339 ;0.149606299213 ;0.157480314961 ;0.165354330709 ;0.181102362205 ;0.185039370079 ;0.173228346457 ;0.165354330709 ;0.173228346457 ;0.185039370079 ;0.200787401575 ;0.192913385827 ;0.196850393701 ;0.181102362205 ;0.192913385827 ;0.212598425197 ;0.224409448819 ;0.232283464567 ;0.216535433071 ;0.224409448819 ;0.224409448819 ;0.248031496063 ;0.271653543307 ;0.271653543307 ;0.267716535433 ;0.267716535433 ;0.275590551181 ;0.279527559055 ;0.291338582677 ;0.307086614173 ;0.303149606299 ;0.299212598425 ;0.307086614173 ;0.318897637795 ;0.346456692913 ;0.362204724409 ;0.374015748031 ;0.358267716535 ;0.374015748031 ;0.381889763780 ;0.397637795276 ;0.405511811024 ;0.421259842520 ;0.421259842520 ;0.440944881890 ;0.456692913386 ;0.468503937008 ;0.460629921260 ;0.452755905512 ;0.448818897638 ;0.440944881890 ;0.444881889764 ;0.444881889764 ;0.425196850394 ;0.397637795276 ;0.374015748031 ;0.350393700787 ;0.350393700787 ;0.350393700787 ;0.330708661417 ;0.303149606299 ;0.287401574803 ;0.275590551181 ;0.271653543307 ;0.275590551181 ;0.267716535433 ;0.244094488189 ;0.232283464567 ;0.228346456693 ;0.228346456693 ;0.224409448819 ;0.228346456693 ;0.204724409449 ;0.188976377953 ;0.192913385827 ;0.204724409449 ;0.208661417323 ;0.208661417323 ;0.196850393701 ;0.185039370079 ;0.181102362205 ;0.196850393701 ;0.204724409449 ;0.212598425197 ;
0.631436314363 ;0.626016260163 ;0.634146341463 ;0.647696476965 ;0.639566395664 ;0.628726287263 ;0.620596205962 ;0.626016260163 ;0.623306233062 ;0.631436314363 ;0.636856368564 ;0.626016260163 ;0.617886178862 ;0.623306233062 ;0.620596205962 ;0.617886178862 ;0.612466124661 ;0.609756097561 ;0.601626016260 ;0.612466124661 ;0.617886178862 ;0.620596205962 ;0.617886178862 ;0.612466124661 ;0.607046070461 ;0.609756097561 ;0.609756097561 ;0.604336043360 ;0.609756097561 ;0.604336043360 ;0.609756097561 ;0.607046070461 ;0.609756097561 ;0.617886178862 ;0.620596205962 ;0.615176151762 ;0.612466124661 ;0.612466124661 ;0.609756097561 ;0.617886178862 ;0.609756097561 ;0.596205962060 ;0.582655826558 ;0.585365853659 ;0.593495934959 ;0.604336043360 ;0.609756097561 ;0.598915989160 ;0.579945799458 ;0.582655826558 ;0.588075880759 ;0.598915989160 ;0.604336043360 ;0.601626016260 ;0.596205962060 ;0.585365853659 ;0.590785907859 ;0.588075880759 ;0.596205962060 ;0.596205962060 ;0.596205962060 ;0.598915989160 ;0.593495934959 ;0.607046070461 ;0.617886178862 ;0.607046070461 ;0.615176151762 ;0.604336043360 ;0.596205962060 ;0.582655826558 ;0.574525745257 ;0.577235772358 ;0.582655826558 ;0.590785907859 ;0.604336043360 ;0.607046070461 ;0.617886178862 ;0.620596205962 ;0.615176151762 ;0.598915989160 ;0.579945799458 ;0.588075880759 ;0.588075880759 ;0.593495934959 ;0.601626016260 ;0.607046070461 ;0.609756097561 ;0.617886178862 ;0.609756097561 ;0.601626016260 ;0.593495934959 ;0.585365853659 ;0.588075880759 ;0.593495934959 ;0.601626016260 ;0.601626016260 ;0.604336043360 ;0.607046070461 ;0.609756097561 ;0.620596205962 ;0.620596205962 ;0.612466124661 ;0.615176151762 ;0.617886178862 ;0.626016260163 ;0.636856368564 ;0.647696476965 ;0.653116531165 ;0.650406504065 ;0.653116531165 ;0.636856368564 ;0.628726287263 ;0.617886178862 ;0.607046070461 ;0.596205962060 ;0.588075880759 ;0.577235772358 ;0.569105691057 ;0.528455284553 ;0.463414634146 ;0.406504065041 ;0.376693766938 ;0.373983739837 ;0.352303523035 ;0.279132791328 ;0.165311653117 ;0.054200542005 ;0.000000000000 ;0.002710027100 ;0.043360433604 ;0.056910569106 ;0.062330623306 ;0.092140921409 ;0.132791327913 ;0.173441734417 ;0.224932249322 ;0.281842818428 ;0.333333333333 ;0.373983739837 ;0.409214092141 ;0.433604336043 ;0.466124661247 ;0.490514905149 ;0.509485094851 ;0.542005420054 ;0.585365853659 ;0.623306233062 ;0.658536585366 ;0.680216802168 ;0.685636856369 ;0.688346883469 ;0.693766937669 ;0.701897018970 ;0.710027100271 ;0.712737127371 ;0.710027100271 ;0.712737127371 ;0.718157181572 ;0.720867208672 ;0.728997289973 ;0.734417344173 ;0.731707317073 ;0.726287262873 ;0.734417344173 ;0.747967479675 ;0.761517615176 ;0.750677506775 ;0.742547425474 ;0.745257452575 ;0.742547425474 ;0.756097560976 ;0.766937669377 ;0.772357723577 ;0.772357723577 ;0.775067750678 ;0.777777777778 ;0.780487804878 ;0.791327913279 ;0.794037940379 ;0.802168021680 ;0.799457994580 ;0.804878048780 ;0.815718157182 ;0.823848238482 ;0.840108401084 ;0.840108401084 ;0.831978319783 ;0.840108401084 ;0.850948509485 ;0.867208672087 ;0.880758807588 ;0.878048780488 ;0.875338753388 ;0.878048780488 ;0.891598915989 ;0.894308943089 ;0.905149051491 ;0.907859078591 ;0.907859078591 ;0.913279132791 ;0.926829268293 ;0.940379403794 ;0.945799457995 ;0.934959349593 ;0.932249322493 ;0.937669376694 ;0.948509485095 ;0.956639566396 ;0.959349593496 ;0.959349593496 ;0.951219512195 ;0.964769647696 ;0.975609756098 ;0.983739837398 ;0.986449864499 ;0.981029810298 ;0.972899728997 ;0.978319783198 ;0.981029810298 ;0.983739837398 ;0.986449864499 ;0.986449864499 ;0.978319783198 ;0.981029810298 ;0.991869918699 ;1.000000000000 ;0.989159891599 ;0.978319783198 ;0.972899728997 ;0.981029810298 ;0.981029810298 ;0.981029810298 ;0.978319783198 ;0.970189701897 ;0.962059620596 ;0.953929539295 ;0.962059620596 ;0.964769647696 ;0.953929539295 ;0.948509485095 ;0.940379403794 ;0.937669376694 ;0.940379403794 ;0.945799457995 ;0.940379403794 ;0.926829268293 ;0.913279132791 ;0.918699186992 ;0.918699186992 ;0.924119241192 ;0.907859078591 ;0.913279132791 ;0.907859078591 ;0.899728997290 ;0.899728997290 ;0.907859078591 ;0.907859078591 ;0.897018970190 ;0.891598915989 ;0.894308943089 ;
0.743975903614 ;0.737951807229 ;0.740963855422 ;0.759036144578 ;0.746987951807 ;0.746987951807 ;0.743975903614 ;0.743975903614 ;0.740963855422 ;0.746987951807 ;0.750000000000 ;0.743975903614 ;0.734939759036 ;0.740963855422 ;0.743975903614 ;0.743975903614 ;0.743975903614 ;0.743975903614 ;0.728915662651 ;0.728915662651 ;0.734939759036 ;0.746987951807 ;0.750000000000 ;0.753012048193 ;0.753012048193 ;0.759036144578 ;0.771084337349 ;0.780120481928 ;0.777108433735 ;0.765060240964 ;0.759036144578 ;0.746987951807 ;0.753012048193 ;0.762048192771 ;0.756024096386 ;0.746987951807 ;0.743975903614 ;0.743975903614 ;0.737951807229 ;0.743975903614 ;0.740963855422 ;0.737951807229 ;0.731927710843 ;0.722891566265 ;0.731927710843 ;0.737951807229 ;0.734939759036 ;0.728915662651 ;0.716867469880 ;0.719879518072 ;0.722891566265 ;0.734939759036 ;0.737951807229 ;0.725903614458 ;0.722891566265 ;0.710843373494 ;0.722891566265 ;0.725903614458 ;0.719879518072 ;0.716867469880 ;0.713855421687 ;0.710843373494 ;0.716867469880 ;0.725903614458 ;0.728915662651 ;0.719879518072 ;0.719879518072 ;0.716867469880 ;0.728915662651 ;0.728915662651 ;0.728915662651 ;0.713855421687 ;0.713855421687 ;0.713855421687 ;0.722891566265 ;0.722891566265 ;0.722891566265 ;0.716867469880 ;0.716867469880 ;0.710843373494 ;0.722891566265 ;0.725903614458 ;0.731927710843 ;0.722891566265 ;0.722891566265 ;0.725903614458 ;0.731927710843 ;0.737951807229 ;0.731927710843 ;0.719879518072 ;0.716867469880 ;0.716867469880 ;0.722891566265 ;0.728915662651 ;0.719879518072 ;0.719879518072 ;0.713855421687 ;0.716867469880 ;0.722891566265 ;0.716867469880 ;0.719879518072 ;0.725903614458 ;0.722891566265 ;0.725903614458 ;0.737951807229 ;0.753012048193 ;0.753012048193 ;0.746987951807 ;0.737951807229 ;0.731927710843 ;0.713855421687 ;0.701807228916 ;0.689759036145 ;0.668674698795 ;0.647590361446 ;0.626506024096 ;0.620481927711 ;0.602409638554 ;0.557228915663 ;0.509036144578 ;0.475903614458 ;0.448795180723 ;0.412650602410 ;0.349397590361 ;0.265060240964 ;0.162650602410 ;0.057228915663 ;0.000000000000 ;0.012048192771 ;0.051204819277 ;0.075301204819 ;0.108433734940 ;0.150602409639 ;0.174698795181 ;0.225903614458 ;0.292168674699 ;0.349397590361 ;0.382530120482 ;0.418674698795 ;0.445783132530 ;0.484939759036 ;0.509036144578 ;0.533132530120 ;0.563253012048 ;0.602409638554 ;0.647590361446 ;0.704819277108 ;0.737951807229 ;0.762048192771 ;0.771084337349 ;0.768072289157 ;0.774096385542 ;0.774096385542 ;0.783132530120 ;0.783132530120 ;0.774096385542 ;0.771084337349 ;0.774096385542 ;0.783132530120 ;0.795180722892 ;0.795180722892 ;0.786144578313 ;0.789156626506 ;0.792168674699 ;0.789156626506 ;0.795180722892 ;0.801204819277 ;0.801204819277 ;0.804216867470 ;0.804216867470 ;0.810240963855 ;0.816265060241 ;0.816265060241 ;0.816265060241 ;0.804216867470 ;0.795180722892 ;0.816265060241 ;0.828313253012 ;0.822289156627 ;0.819277108434 ;0.819277108434 ;0.813253012048 ;0.819277108434 ;0.822289156627 ;0.834337349398 ;0.831325301205 ;0.828313253012 ;0.828313253012 ;0.837349397590 ;0.849397590361 ;0.852409638554 ;0.852409638554 ;0.855421686747 ;0.858433734940 ;0.858433734940 ;0.867469879518 ;0.867469879518 ;0.864457831325 ;0.867469879518 ;0.864457831325 ;0.876506024096 ;0.879518072289 ;0.891566265060 ;0.882530120482 ;0.882530120482 ;0.888554216867 ;0.900602409639 ;0.915662650602 ;0.915662650602 ;0.921686746988 ;0.918674698795 ;0.921686746988 ;0.933734939759 ;0.945783132530 ;0.948795180723 ;0.942771084337 ;0.936746987952 ;0.942771084337 ;0.942771084337 ;0.948795180723 ;0.954819277108 ;0.948795180723 ;0.954819277108 ;0.954819277108 ;0.963855421687 ;0.969879518072 ;0.972891566265 ;0.972891566265 ;0.969879518072 ;0.969879518072 ;0.981927710843 ;0.990963855422 ;0.993975903614 ;0.990963855422 ;0.987951807229 ;0.990963855422 ;0.990963855422 ;0.996987951807 ;1.000000000000 ;0.987951807229 ;0.987951807229 ;0.987951807229 ;0.990963855422 ;0.993975903614 ;0.993975903614 ;0.990963855422 ;0.978915662651 ;0.978915662651 ;0.978915662651 ;0.981927710843 ;0.981927710843 ;0.972891566265 ;0.966867469880 ;0.972891566265 ;0.975903614458 ;0.972891566265 ;0.972891566265 ;0.969879518072 ;0.954819277108 ;0.954819277108 ;
0.161943319838 ;0.168016194332 ;0.172064777328 ;0.176113360324 ;0.174089068826 ;0.161943319838 ;0.157894736842 ;0.161943319838 ;0.159919028340 ;0.168016194332 ;0.165991902834 ;0.163967611336 ;0.157894736842 ;0.161943319838 ;0.172064777328 ;0.165991902834 ;0.163967611336 ;0.157894736842 ;0.157894736842 ;0.159919028340 ;0.170040485830 ;0.170040485830 ;0.172064777328 ;0.161943319838 ;0.153846153846 ;0.155870445344 ;0.157894736842 ;0.159919028340 ;0.161943319838 ;0.161943319838 ;0.157894736842 ;0.153846153846 ;0.159919028340 ;0.161943319838 ;0.153846153846 ;0.153846153846 ;0.155870445344 ;0.159919028340 ;0.153846153846 ;0.155870445344 ;0.159919028340 ;0.147773279352 ;0.151821862348 ;0.153846153846 ;0.165991902834 ;0.176113360324 ;0.178137651822 ;0.176113360324 ;0.172064777328 ;0.168016194332 ;0.174089068826 ;0.186234817814 ;0.178137651822 ;0.176113360324 ;0.178137651822 ;0.178137651822 ;0.186234817814 ;0.180161943320 ;0.186234817814 ;0.180161943320 ;0.176113360324 ;0.180161943320 ;0.184210526316 ;0.180161943320 ;0.182186234818 ;0.174089068826 ;0.161943319838 ;0.165991902834 ;0.176113360324 ;0.180161943320 ;0.176113360324 ;0.172064777328 ;0.165991902834 ;0.172064777328 ;0.170040485830 ;0.170040485830 ;0.165991902834 ;0.157894736842 ;0.151821862348 ;0.149797570850 ;0.149797570850 ;0.145748987854 ;0.143724696356 ;0.133603238866 ;0.129554655870 ;0.133603238866 ;0.135627530364 ;0.137651821862 ;0.139676113360 ;0.143724696356 ;0.143724696356 ;0.139676113360 ;0.139676113360 ;0.139676113360 ;0.139676113360 ;0.131578947368 ;0.129554655870 ;0.139676113360 ;0.141700404858 ;0.145748987854 ;0.143724696356 ;0.131578947368 ;0.127530364372 ;0.131578947368 ;0.137651821862 ;0.147773279352 ;0.141700404858 ;0.137651821862 ;0.145748987854 ;0.137651821862 ;0.147773279352 ;0.139676113360 ;0.145748987854 ;0.157894736842 ;0.186234817814 ;0.232793522267 ;0.279352226721 ;0.323886639676 ;0.350202429150 ;0.378542510121 ;0.419028340081 ;0.463562753036 ;0.520242914980 ;0.585020242915 ;0.645748987854 ;0.704453441296 ;0.759109311741 ;0.840080971660 ;0.912955465587 ;0.975708502024 ;1.000000000000 ;0.985829959514 ;0.955465587045 ;0.898785425101 ;0.809716599190 ;0.682186234818 ;0.540485829960 ;0.431174089069 ;0.358299595142 ;0.315789473684 ;0.301619433198 ;0.291497975709 ;0.285425101215 ;0.279352226721 ;0.279352226721 ;0.283400809717 ;0.283400809717 ;0.281376518219 ;0.265182186235 ;0.248987854251 ;0.234817813765 ;0.224696356275 ;0.218623481781 ;0.212550607287 ;0.200404858300 ;0.188259109312 ;0.172064777328 ;0.159919028340 ;0.151821862348 ;0.131578947368 ;0.109311740891 ;0.097165991903 ;0.091093117409 ;0.085020242915 ;0.087044534413 ;0.076923076923 ;0.068825910931 ;0.066801619433 ;0.056680161943 ;0.058704453441 ;0.066801619433 ;0.070850202429 ;0.068825910931 ;0.060728744939 ;0.048582995951 ;0.052631578947 ;0.058704453441 ;0.060728744939 ;0.062753036437 ;0.052631578947 ;0.046558704453 ;0.052631578947 ;0.056680161943 ;0.054655870445 ;0.056680161943 ;0.050607287449 ;0.046558704453 ;0.048582995951 ;0.052631578947 ;0.052631578947 ;0.048582995951 ;0.046558704453 ;0.038461538462 ;0.042510121457 ;0.048582995951 ;0.044534412955 ;0.044534412955 ;0.028340080972 ;0.034412955466 ;0.030364372470 ;0.036437246964 ;0.038461538462 ;0.040485829960 ;0.032388663968 ;0.024291497976 ;0.026315789474 ;0.028340080972 ;0.026315789474 ;0.022267206478 ;0.020242914980 ;0.018218623482 ;0.020242914980 ;0.022267206478 ;0.020242914980 ;0.018218623482 ;0.006072874494 ;0.002024291498 ;0.010121457490 ;0.010121457490 ;0.020242914980 ;0.014170040486 ;0.006072874494 ;0.000000000000 ;0.006072874494 ;0.006072874494 ;0.014170040486 ;0.012145748988 ;0.010121457490 ;0.012145748988 ;0.014170040486 ;0.026315789474 ;0.032388663968 ;0.038461538462 ;0.038461538462 ;0.042510121457 ;0.058704453441 ;0.060728744939 ;0.072874493927 ;0.076923076923 ;0.072874493927 ;0.085020242915 ;0.097165991903 ;0.107287449393 ;0.117408906883 ;0.113360323887 ;0.107287449393 ;0.109311740891 ;0.119433198381 ;0.129554655870 ;0.143724696356 ;0.135627530364 ;0.137651821862 ;0.127530364372 ;0.141700404858 ;0.147773279352 ;0.153846153846 ;0.149797570850 ;0.139676113360 ;0.141700404858 ;0.141700404858 ;
0.110894941634 ;0.126459143969 ;0.132295719844 ;0.134241245136 ;0.136186770428 ;0.138132295720 ;0.147859922179 ;0.157587548638 ;0.161478599222 ;0.157587548638 ;0.155642023346 ;0.149805447471 ;0.151750972763 ;0.157587548638 ;0.163424124514 ;0.159533073930 ;0.157587548638 ;0.149805447471 ;0.149805447471 ;0.151750972763 ;0.159533073930 ;0.161478599222 ;0.155642023346 ;0.149805447471 ;0.151750972763 ;0.153696498054 ;0.161478599222 ;0.161478599222 ;0.157587548638 ;0.145914396887 ;0.151750972763 ;0.155642023346 ;0.157587548638 ;0.153696498054 ;0.147859922179 ;0.145914396887 ;0.153696498054 ;0.155642023346 ;0.159533073930 ;0.157587548638 ;0.151750972763 ;0.151750972763 ;0.151750972763 ;0.159533073930 ;0.161478599222 ;0.151750972763 ;0.145914396887 ;0.142023346304 ;0.149805447471 ;0.155642023346 ;0.159533073930 ;0.153696498054 ;0.147859922179 ;0.147859922179 ;0.151750972763 ;0.155642023346 ;0.163424124514 ;0.161478599222 ;0.157587548638 ;0.151750972763 ;0.161478599222 ;0.171206225681 ;0.182879377432 ;0.186770428016 ;0.184824902724 ;0.182879377432 ;0.180933852140 ;0.184824902724 ;0.180933852140 ;0.180933852140 ;0.182879377432 ;0.184824902724 ;0.182879377432 ;0.188715953307 ;0.198443579767 ;0.196498054475 ;0.192607003891 ;0.184824902724 ;0.180933852140 ;0.178988326848 ;0.182879377432 ;0.182879377432 ;0.175097276265 ;0.177042801556 ;0.177042801556 ;0.173151750973 ;0.171206225681 ;0.165369649805 ;0.163424124514 ;0.147859922179 ;0.149805447471 ;0.147859922179 ;0.142023346304 ;0.142023346304 ;0.145914396887 ;0.149805447471 ;0.155642023346 ;0.157587548638 ;0.155642023346 ;0.147859922179 ;0.138132295720 ;0.132295719844 ;0.136186770428 ;0.145914396887 ;0.147859922179 ;0.147859922179 ;0.140077821012 ;0.136186770428 ;0.142023346304 ;0.153696498054 ;0.151750972763 ;0.153696498054 ;0.145914396887 ;0.134241245136 ;0.140077821012 ;0.153696498054 ;0.186770428016 ;0.223735408560 ;0.278210116732 ;0.322957198444 ;0.377431906615 ;0.429961089494 ;0.494163424125 ;0.554474708171 ;0.632295719844 ;0.715953307393 ;0.813229571984 ;0.912451361868 ;0.984435797665 ;1.000000000000 ;0.974708171206 ;0.928015564202 ;0.857976653696 ;0.770428015564 ;0.643968871595 ;0.496108949416 ;0.379377431907 ;0.313229571984 ;0.295719844358 ;0.311284046693 ;0.324902723735 ;0.326848249027 ;0.311284046693 ;0.287937743191 ;0.264591439689 ;0.250972762646 ;0.247081712062 ;0.237354085603 ;0.227626459144 ;0.210116731518 ;0.200389105058 ;0.186770428016 ;0.167315175097 ;0.147859922179 ;0.116731517510 ;0.114785992218 ;0.101167315175 ;0.095330739300 ;0.091439688716 ;0.077821011673 ;0.071984435798 ;0.071984435798 ;0.077821011673 ;0.071984435798 ;0.075875486381 ;0.068093385214 ;0.064202334630 ;0.064202334630 ;0.062256809339 ;0.073929961089 ;0.077821011673 ;0.068093385214 ;0.062256809339 ;0.052529182879 ;0.050583657588 ;0.060311284047 ;0.070038910506 ;0.060311284047 ;0.052529182879 ;0.048638132296 ;0.054474708171 ;0.060311284047 ;0.068093385214 ;0.062256809339 ;0.056420233463 ;0.046692607004 ;0.046692607004 ;0.048638132296 ;0.052529182879 ;0.046692607004 ;0.044747081712 ;0.038910505837 ;0.036964980545 ;0.036964980545 ;0.035019455253 ;0.031128404669 ;0.029182879377 ;0.027237354086 ;0.025291828794 ;0.027237354086 ;0.029182879377 ;0.017509727626 ;0.015564202335 ;0.007782101167 ;0.017509727626 ;0.017509727626 ;0.017509727626 ;0.013618677043 ;0.003891050584 ;0.001945525292 ;0.001945525292 ;0.007782101167 ;0.015564202335 ;0.007782101167 ;0.000000000000 ;0.000000000000 ;0.005836575875 ;0.011673151751 ;0.025291828794 ;0.023346303502 ;0.027237354086 ;0.021400778210 ;0.029182879377 ;0.044747081712 ;0.054474708171 ;0.062256809339 ;0.070038910506 ;0.073929961089 ;0.081712062257 ;0.103112840467 ;0.116731517510 ;0.122568093385 ;0.126459143969 ;0.126459143969 ;0.128404669261 ;0.138132295720 ;0.140077821012 ;0.151750972763 ;0.155642023346 ;0.151750972763 ;0.157587548638 ;0.161478599222 ;0.171206225681 ;0.165369649805 ;0.155642023346 ;0.147859922179 ;0.153696498054 ;0.157587548638 ;0.161478599222 ;0.159533073930 ;0.153696498054 ;0.143968871595 ;0.145914396887 ;0.155642023346 ;0.157587548638 ;0.157587548638 ;0.157587548638 ;0.151750972763 ;0.153696498054 ;0.159533073930 ;
0.474662162162 ;0.469594594595 ;0.469594594595 ;0.472972972973 ;0.471283783784 ;0.469594594595 ;0.466216216216 ;0.467905405405 ;0.464527027027 ;0.466216216216 ;0.472972972973 ;0.474662162162 ;0.478040540541 ;0.474662162162 ;0.474662162162 ;0.472972972973 ;0.466216216216 ;0.464527027027 ;0.464527027027 ;0.464527027027 ;0.462837837838 ;0.467905405405 ;0.476351351351 ;0.472972972973 ;0.478040540541 ;0.481418918919 ;0.484797297297 ;0.478040540541 ;0.472972972973 ;0.467905405405 ;0.464527027027 ;0.461148648649 ;0.467905405405 ;0.474662162162 ;0.478040540541 ;0.483108108108 ;0.488175675676 ;0.489864864865 ;0.493243243243 ;0.493243243243 ;0.501689189189 ;0.500000000000 ;0.500000000000 ;0.505067567568 ;0.501689189189 ;0.505067567568 ;0.511824324324 ;0.518581081081 ;0.521959459459 ;0.530405405405 ;0.538851351351 ;0.547297297297 ;0.552364864865 ;0.560810810811 ;0.562500000000 ;0.554054054054 ;0.545608108108 ;0.543918918919 ;0.537162162162 ;0.528716216216 ;0.527027027027 ;0.525337837838 ;0.532094594595 ;0.537162162162 ;0.547297297297 ;0.554054054054 ;0.554054054054 ;0.554054054054 ;0.543918918919 ;0.528716216216 ;0.518581081081 ;0.510135135135 ;0.501689189189 ;0.498310810811 ;0.496621621622 ;0.484797297297 ;0.484797297297 ;0.472972972973 ;0.466216216216 ;0.461148648649 ;0.456081081081 ;0.459459459459 ;0.461148648649 ;0.461148648649 ;0.462837837838 ;0.464527027027 ;0.466216216216 ;0.459459459459 ;0.457770270270 ;0.452702702703 ;0.445945945946 ;0.445945945946 ;0.442567567568 ;0.447635135135 ;0.444256756757 ;0.449324324324 ;0.451013513514 ;0.454391891892 ;0.456081081081 ;0.459459459459 ;0.452702702703 ;0.452702702703 ;0.451013513514 ;0.449324324324 ;0.449324324324 ;0.449324324324 ;0.454391891892 ;0.454391891892 ;0.456081081081 ;0.462837837838 ;0.452702702703 ;0.447635135135 ;0.445945945946 ;0.440878378378 ;0.444256756757 ;0.454391891892 ;0.479729729730 ;0.520270270270 ;0.572635135135 ;0.635135135135 ;0.694256756757 ;0.743243243243 ;0.765202702703 ;0.770270270270 ;0.756756756757 ;0.750000000000 ;0.765202702703 ;0.809121621622 ;0.878378378378 ;0.945945945946 ;0.993243243243 ;1.000000000000 ;0.939189189189 ;0.826013513514 ;0.653716216216 ;0.483108108108 ;0.319256756757 ;0.204391891892 ;0.128378378378 ;0.091216216216 ;0.065878378378 ;0.050675675676 ;0.037162162162 ;0.025337837838 ;0.020270270270 ;0.011824324324 ;0.006756756757 ;0.005067567568 ;0.000000000000 ;0.001689189189 ;0.008445945946 ;0.013513513514 ;0.030405405405 ;0.050675675676 ;0.082770270270 ;0.130067567568 ;0.187500000000 ;0.250000000000 ;0.297297297297 ;0.342905405405 ;0.369932432432 ;0.388513513514 ;0.398648648649 ;0.405405405405 ;0.403716216216 ;0.410472972973 ;0.418918918919 ;0.425675675676 ;0.432432432432 ;0.439189189189 ;0.434121621622 ;0.434121621622 ;0.437500000000 ;0.434121621622 ;0.434121621622 ;0.434121621622 ;0.429054054054 ;0.437500000000 ;0.434121621622 ;0.440878378378 ;0.440878378378 ;0.439189189189 ;0.437500000000 ;0.435810810811 ;0.425675675676 ;0.417229729730 ;0.408783783784 ;0.407094594595 ;0.407094594595 ;0.405405405405 ;0.407094594595 ;0.412162162162 ;0.408783783784 ;0.405405405405 ;0.403716216216 ;0.396959459459 ;0.388513513514 ;0.380067567568 ;0.371621621622 ;0.369932432432 ;0.366554054054 ;0.363175675676 ;0.364864864865 ;0.363175675676 ;0.363175675676 ;0.358108108108 ;0.356418918919 ;0.356418918919 ;0.351351351351 ;0.347972972973 ;0.349662162162 ;0.342905405405 ;0.342905405405 ;0.342905405405 ;0.341216216216 ;0.341216216216 ;0.344594594595 ;0.347972972973 ;0.349662162162 ;0.354729729730 ;0.356418918919 ;0.361486486486 ;0.361486486486 ;0.359797297297 ;0.364864864865 ;0.371621621622 ;0.378378378378 ;0.385135135135 ;0.393581081081 ;0.407094594595 ;0.407094594595 ;0.417229729730 ;0.422297297297 ;0.429054054054 ;0.429054054054 ;0.435810810811 ;0.439189189189 ;0.447635135135 ;0.456081081081 ;0.461148648649 ;0.467905405405 ;0.476351351351 ;0.476351351351 ;0.474662162162 ;0.474662162162 ;0.472972972973 ;0.474662162162 ;0.476351351351 ;0.478040540541 ;0.479729729730 ;0.488175675676 ;0.491554054054 ;0.493243243243 ;0.496621621622 ;0.500000000000 ;0.493243243243 ;0.494932432432 ;0.496621621622 ;0.493243243243 ;0.489864864865 ;
0.384615384615 ;0.382739212008 ;0.384615384615 ;0.388367729831 ;0.390243902439 ;0.395872420263 ;0.399624765478 ;0.405253283302 ;0.403377110694 ;0.393996247655 ;0.390243902439 ;0.382739212008 ;0.373358348968 ;0.371482176360 ;0.371482176360 ;0.378986866792 ;0.380863039400 ;0.388367729831 ;0.395872420263 ;0.397748592871 ;0.397748592871 ;0.392120075047 ;0.388367729831 ;0.384615384615 ;0.382739212008 ;0.377110694184 ;0.377110694184 ;0.377110694184 ;0.375234521576 ;0.386491557223 ;0.390243902439 ;0.397748592871 ;0.403377110694 ;0.397748592871 ;0.403377110694 ;0.403377110694 ;0.403377110694 ;0.412757973734 ;0.405253283302 ;0.407129455910 ;0.395872420263 ;0.388367729831 ;0.375234521576 ;0.380863039400 ;0.393996247655 ;0.409005628518 ;0.429643527205 ;0.452157598499 ;0.470919324578 ;0.493433395872 ;0.499061913696 ;0.500938086304 ;0.489681050657 ;0.470919324578 ;0.457786116323 ;0.469043151970 ;0.478424015009 ;0.482176360225 ;0.487804878049 ;0.485928705441 ;0.489681050657 ;0.499061913696 ;0.508442776735 ;0.517823639775 ;0.530956848030 ;0.536585365854 ;0.527204502814 ;0.519699812383 ;0.512195121951 ;0.510318949343 ;0.500938086304 ;0.504690431520 ;0.510318949343 ;0.517823639775 ;0.523452157598 ;0.529080675422 ;0.530956848030 ;0.529080675422 ;0.527204502814 ;0.515947467167 ;0.504690431520 ;0.487804878049 ;0.472795497186 ;0.463414634146 ;0.467166979362 ;0.459662288931 ;0.457786116323 ;0.454033771107 ;0.459662288931 ;0.455909943715 ;0.448405253283 ;0.440900562852 ;0.431519699812 ;0.422138836773 ;0.420262664165 ;0.424015009381 ;0.429643527205 ;0.440900562852 ;0.450281425891 ;0.450281425891 ;0.455909943715 ;0.454033771107 ;0.455909943715 ;0.454033771107 ;0.452157598499 ;0.446529080675 ;0.454033771107 ;0.452157598499 ;0.454033771107 ;0.457786116323 ;0.455909943715 ;0.455909943715 ;0.459662288931 ;0.457786116323 ;0.452157598499 ;0.455909943715 ;0.465290806754 ;0.484052532833 ;0.523452157598 ;0.566604127580 ;0.624765478424 ;0.682926829268 ;0.724202626642 ;0.739212007505 ;0.733583489681 ;0.726078799250 ;0.737335834897 ;0.774859287054 ;0.838649155722 ;0.917448405253 ;0.981238273921 ;1.000000000000 ;0.953095684803 ;0.831144465291 ;0.654784240150 ;0.465290806754 ;0.307692307692 ;0.196998123827 ;0.140712945591 ;0.112570356473 ;0.095684803002 ;0.078799249531 ;0.063789868668 ;0.037523452158 ;0.016885553471 ;0.001876172608 ;0.000000000000 ;0.001876172608 ;0.013133208255 ;0.020637898687 ;0.031894934334 ;0.045028142589 ;0.063789868668 ;0.086303939962 ;0.114446529081 ;0.168855534709 ;0.232645403377 ;0.307692307692 ;0.367729831144 ;0.420262664165 ;0.450281425891 ;0.463414634146 ;0.455909943715 ;0.450281425891 ;0.450281425891 ;0.469043151970 ;0.482176360225 ;0.495309568480 ;0.493433395872 ;0.495309568480 ;0.493433395872 ;0.497185741088 ;0.506566604128 ;0.514071294559 ;0.521575984991 ;0.532833020638 ;0.532833020638 ;0.532833020638 ;0.529080675422 ;0.527204502814 ;0.525328330206 ;0.517823639775 ;0.517823639775 ;0.519699812383 ;0.517823639775 ;0.512195121951 ;0.517823639775 ;0.514071294559 ;0.512195121951 ;0.506566604128 ;0.497185741088 ;0.470919324578 ;0.431519699812 ;0.388367729831 ;0.352720450281 ;0.330206378987 ;0.326454033771 ;0.335834896811 ;0.352720450281 ;0.365853658537 ;0.377110694184 ;0.382739212008 ;0.377110694184 ;0.386491557223 ;0.386491557223 ;0.397748592871 ;0.397748592871 ;0.399624765478 ;0.409005628518 ;0.416510318949 ;0.437148217636 ;0.457786116323 ;0.467166979362 ;0.470919324578 ;0.478424015009 ;0.472795497186 ;0.465290806754 ;0.450281425891 ;0.442776735460 ;0.433395872420 ;0.431519699812 ;0.424015009381 ;0.416510318949 ;0.407129455910 ;0.405253283302 ;0.407129455910 ;0.429643527205 ;0.450281425891 ;0.467166979362 ;0.484052532833 ;0.495309568480 ;0.502814258912 ;0.504690431520 ;0.508442776735 ;0.504690431520 ;0.508442776735 ;0.508442776735 ;0.506566604128 ;0.508442776735 ;0.506566604128 ;0.504690431520 ;0.500938086304 ;0.504690431520 ;0.521575984991 ;0.540337711069 ;0.564727954972 ;0.583489681051 ;0.592870544090 ;0.583489681051 ;0.555347091932 ;0.525328330206 ;0.510318949343 ;0.512195121951 ;0.525328330206 ;0.542213883677 ;0.566604127580 ;0.568480300188 ;0.560975609756 ;0.557223264540 ;0.547842401501 ;
0.490421455939 ;0.486590038314 ;0.484674329502 ;0.490421455939 ;0.488505747126 ;0.490421455939 ;0.492337164751 ;0.498084291188 ;0.501915708812 ;0.496168582375 ;0.501915708812 ;0.503831417625 ;0.500000000000 ;0.500000000000 ;0.498084291188 ;0.498084291188 ;0.498084291188 ;0.498084291188 ;0.494252873563 ;0.496168582375 ;0.500000000000 ;0.503831417625 ;0.507662835249 ;0.501915708812 ;0.501915708812 ;0.505747126437 ;0.500000000000 ;0.494252873563 ;0.496168582375 ;0.490421455939 ;0.492337164751 ;0.498084291188 ;0.500000000000 ;0.507662835249 ;0.511494252874 ;0.507662835249 ;0.513409961686 ;0.509578544061 ;0.509578544061 ;0.509578544061 ;0.503831417625 ;0.511494252874 ;0.517241379310 ;0.522988505747 ;0.524904214559 ;0.534482758621 ;0.538314176245 ;0.551724137931 ;0.551724137931 ;0.557471264368 ;0.555555555556 ;0.549808429119 ;0.557471264368 ;0.567049808429 ;0.576628352490 ;0.591954022989 ;0.590038314176 ;0.588122605364 ;0.588122605364 ;0.580459770115 ;0.568965517241 ;0.567049808429 ;0.555555555556 ;0.545977011494 ;0.544061302682 ;0.549808429119 ;0.557471264368 ;0.574712643678 ;0.584291187739 ;0.588122605364 ;0.590038314176 ;0.576628352490 ;0.561302681992 ;0.545977011494 ;0.526819923372 ;0.519157088123 ;0.509578544061 ;0.503831417625 ;0.501915708812 ;0.500000000000 ;0.496168582375 ;0.490421455939 ;0.492337164751 ;0.490421455939 ;0.484674329502 ;0.478927203065 ;0.477011494253 ;0.471264367816 ;0.471264367816 ;0.473180076628 ;0.475095785441 ;0.480842911877 ;0.480842911877 ;0.482758620690 ;0.478927203065 ;0.482758620690 ;0.477011494253 ;0.473180076628 ;0.471264367816 ;0.469348659004 ;0.467432950192 ;0.471264367816 ;0.473180076628 ;0.477011494253 ;0.471264367816 ;0.478927203065 ;0.484674329502 ;0.488505747126 ;0.488505747126 ;0.488505747126 ;0.484674329502 ;0.473180076628 ;0.480842911877 ;0.473180076628 ;0.467432950192 ;0.471264367816 ;0.473180076628 ;0.492337164751 ;0.519157088123 ;0.570881226054 ;0.626436781609 ;0.695402298851 ;0.745210727969 ;0.793103448276 ;0.808429118774 ;0.796934865900 ;0.779693486590 ;0.785440613027 ;0.825670498084 ;0.881226053640 ;0.948275862069 ;1.000000000000 ;0.996168582375 ;0.923371647510 ;0.772030651341 ;0.568965517241 ;0.375478927203 ;0.212643678161 ;0.109195402299 ;0.061302681992 ;0.049808429119 ;0.045977011494 ;0.049808429119 ;0.042145593870 ;0.030651340996 ;0.019157088123 ;0.005747126437 ;0.001915708812 ;0.000000000000 ;0.003831417625 ;0.005747126437 ;0.005747126437 ;0.017241379310 ;0.042145593870 ;0.065134099617 ;0.103448275862 ;0.143678160920 ;0.203065134100 ;0.250957854406 ;0.310344827586 ;0.348659003831 ;0.383141762452 ;0.404214559387 ;0.423371647510 ;0.431034482759 ;0.436781609195 ;0.450191570881 ;0.459770114943 ;0.452107279693 ;0.454022988506 ;0.448275862069 ;0.452107279693 ;0.454022988506 ;0.452107279693 ;0.450191570881 ;0.454022988506 ;0.465517241379 ;0.463601532567 ;0.465517241379 ;0.467432950192 ;0.454022988506 ;0.448275862069 ;0.448275862069 ;0.442528735632 ;0.438697318008 ;0.434865900383 ;0.434865900383 ;0.431034482759 ;0.434865900383 ;0.432950191571 ;0.425287356322 ;0.419540229885 ;0.419540229885 ;0.411877394636 ;0.408045977011 ;0.394636015326 ;0.392720306513 ;0.379310344828 ;0.381226053640 ;0.381226053640 ;0.375478927203 ;0.375478927203 ;0.385057471264 ;0.383141762452 ;0.369731800766 ;0.371647509579 ;0.363984674330 ;0.356321839080 ;0.350574712644 ;0.346743295019 ;0.344827586207 ;0.348659003831 ;0.348659003831 ;0.352490421456 ;0.358237547893 ;0.360153256705 ;0.356321839080 ;0.356321839080 ;0.356321839080 ;0.350574712644 ;0.354406130268 ;0.358237547893 ;0.360153256705 ;0.365900383142 ;0.371647509579 ;0.379310344828 ;0.392720306513 ;0.398467432950 ;0.406130268199 ;0.411877394636 ;0.417624521073 ;0.421455938697 ;0.429118773946 ;0.431034482759 ;0.440613026820 ;0.450191570881 ;0.450191570881 ;0.459770114943 ;0.469348659004 ;0.469348659004 ;0.475095785441 ;0.478927203065 ;0.478927203065 ;0.478927203065 ;0.482758620690 ;0.482758620690 ;0.478927203065 ;0.490421455939 ;0.492337164751 ;0.492337164751 ;0.498084291188 ;0.488505747126 ;0.496168582375 ;0.498084291188 ;0.498084291188 ;0.490421455939 ;0.494252873563 ;0.492337164751 ;0.492337164751 ;0.496168582375 ;
0.113851992410 ;0.119544592030 ;0.113851992410 ;0.113851992410 ;0.110056925996 ;0.111954459203 ;0.110056925996 ;0.108159392789 ;0.108159392789 ;0.108159392789 ;0.115749525617 ;0.111954459203 ;0.117647058824 ;0.119544592030 ;0.119544592030 ;0.119544592030 ;0.117647058824 ;0.115749525617 ;0.115749525617 ;0.113851992410 ;0.115749525617 ;0.111954459203 ;0.113851992410 ;0.113851992410 ;0.111954459203 ;0.117647058824 ;0.113851992410 ;0.113851992410 ;0.111954459203 ;0.110056925996 ;0.106261859583 ;0.110056925996 ;0.111954459203 ;0.111954459203 ;0.113851992410 ;0.115749525617 ;0.117647058824 ;0.121442125237 ;0.117647058824 ;0.119544592030 ;0.113851992410 ;0.115749525617 ;0.113851992410 ;0.111954459203 ;0.113851992410 ;0.115749525617 ;0.121442125237 ;0.121442125237 ;0.130929791271 ;0.129032258065 ;0.129032258065 ;0.127134724858 ;0.121442125237 ;0.123339658444 ;0.121442125237 ;0.127134724858 ;0.130929791271 ;0.132827324478 ;0.144212523719 ;0.144212523719 ;0.148007590133 ;0.149905123340 ;0.151802656546 ;0.149905123340 ;0.148007590133 ;0.138519924099 ;0.130929791271 ;0.134724857685 ;0.132827324478 ;0.130929791271 ;0.132827324478 ;0.136622390892 ;0.136622390892 ;0.138519924099 ;0.146110056926 ;0.148007590133 ;0.148007590133 ;0.148007590133 ;0.148007590133 ;0.142314990512 ;0.142314990512 ;0.138519924099 ;0.136622390892 ;0.132827324478 ;0.129032258065 ;0.121442125237 ;0.119544592030 ;0.115749525617 ;0.111954459203 ;0.113851992410 ;0.110056925996 ;0.108159392789 ;0.106261859583 ;0.106261859583 ;0.111954459203 ;0.111954459203 ;0.115749525617 ;0.117647058824 ;0.117647058824 ;0.115749525617 ;0.106261859583 ;0.102466793169 ;0.102466793169 ;0.111954459203 ;0.127134724858 ;0.151802656546 ;0.176470588235 ;0.201138519924 ;0.222011385199 ;0.237191650854 ;0.246679316888 ;0.248576850095 ;0.233396584440 ;0.204933586338 ;0.180265654649 ;0.170777988615 ;0.180265654649 ;0.222011385199 ;0.284629981025 ;0.360531309298 ;0.440227703985 ;0.514231499051 ;0.593927893738 ;0.671726755218 ;0.757115749526 ;0.834914611006 ;0.907020872865 ;0.962049335863 ;0.996204933586 ;1.000000000000 ;0.982922201139 ;0.937381404175 ;0.865275142315 ;0.776091081594 ;0.660341555977 ;0.538899430740 ;0.425047438330 ;0.316888045541 ;0.225806451613 ;0.142314990512 ;0.081593927894 ;0.041745730550 ;0.017077798861 ;0.005692599620 ;0.000000000000 ;0.005692599620 ;0.007590132827 ;0.017077798861 ;0.020872865275 ;0.034155597723 ;0.036053130930 ;0.041745730550 ;0.049335863378 ;0.053130929791 ;0.056925996205 ;0.058823529412 ;0.058823529412 ;0.058823529412 ;0.060721062619 ;0.058823529412 ;0.053130929791 ;0.047438330171 ;0.049335863378 ;0.045540796964 ;0.045540796964 ;0.045540796964 ;0.053130929791 ;0.049335863378 ;0.055028462998 ;0.055028462998 ;0.055028462998 ;0.053130929791 ;0.053130929791 ;0.047438330171 ;0.041745730550 ;0.039848197343 ;0.039848197343 ;0.047438330171 ;0.045540796964 ;0.045540796964 ;0.055028462998 ;0.056925996205 ;0.055028462998 ;0.049335863378 ;0.043643263757 ;0.041745730550 ;0.036053130930 ;0.037950664137 ;0.036053130930 ;0.034155597723 ;0.037950664137 ;0.037950664137 ;0.039848197343 ;0.043643263757 ;0.041745730550 ;0.036053130930 ;0.037950664137 ;0.037950664137 ;0.032258064516 ;0.030360531309 ;0.030360531309 ;0.034155597723 ;0.032258064516 ;0.036053130930 ;0.037950664137 ;0.039848197343 ;0.037950664137 ;0.037950664137 ;0.034155597723 ;0.030360531309 ;0.024667931689 ;0.030360531309 ;0.026565464896 ;0.030360531309 ;0.030360531309 ;0.030360531309 ;0.034155597723 ;0.039848197343 ;0.037950664137 ;0.036053130930 ;0.032258064516 ;0.034155597723 ;0.032258064516 ;0.030360531309 ;0.026565464896 ;0.030360531309 ;0.037950664137 ;0.041745730550 ;0.047438330171 ;0.051233396584 ;0.055028462998 ;0.060721062619 ;0.060721062619 ;0.062618595825 ;0.066413662239 ;0.066413662239 ;0.070208728653 ;0.077798861480 ;0.083491461101 ;0.091081593928 ;0.098671726755 ;0.104364326376 ;0.111954459203 ;0.110056925996 ;0.115749525617 ;0.119544592030 ;0.121442125237 ;0.125237191651 ;0.127134724858 ;0.134724857685 ;0.138519924099 ;0.148007590133 ;0.155597722960 ;0.157495256167 ;0.163187855787 ;0.163187855787 ;0.161290322581 ;0.163187855787 ;0.159392789374 ;0.159392789374 ;
0.112648221344 ;0.108695652174 ;0.112648221344 ;0.106719367589 ;0.112648221344 ;0.118577075099 ;0.114624505929 ;0.118577075099 ;0.120553359684 ;0.126482213439 ;0.128458498024 ;0.120553359684 ;0.122529644269 ;0.116600790514 ;0.116600790514 ;0.116600790514 ;0.116600790514 ;0.122529644269 ;0.120553359684 ;0.124505928854 ;0.128458498024 ;0.126482213439 ;0.126482213439 ;0.122529644269 ;0.114624505929 ;0.114624505929 ;0.114624505929 ;0.110671936759 ;0.114624505929 ;0.118577075099 ;0.124505928854 ;0.128458498024 ;0.132411067194 ;0.124505928854 ;0.122529644269 ;0.122529644269 ;0.116600790514 ;0.118577075099 ;0.122529644269 ;0.116600790514 ;0.126482213439 ;0.124505928854 ;0.128458498024 ;0.134387351779 ;0.134387351779 ;0.132411067194 ;0.128458498024 ;0.126482213439 ;0.126482213439 ;0.130434782609 ;0.132411067194 ;0.130434782609 ;0.126482213439 ;0.126482213439 ;0.126482213439 ;0.134387351779 ;0.142292490119 ;0.146245059289 ;0.148221343874 ;0.160079051383 ;0.162055335968 ;0.158102766798 ;0.160079051383 ;0.156126482213 ;0.156126482213 ;0.160079051383 ;0.160079051383 ;0.164031620553 ;0.164031620553 ;0.162055335968 ;0.156126482213 ;0.154150197628 ;0.150197628458 ;0.150197628458 ;0.146245059289 ;0.146245059289 ;0.150197628458 ;0.156126482213 ;0.160079051383 ;0.166007905138 ;0.167984189723 ;0.167984189723 ;0.166007905138 ;0.160079051383 ;0.154150197628 ;0.144268774704 ;0.140316205534 ;0.130434782609 ;0.126482213439 ;0.126482213439 ;0.122529644269 ;0.128458498024 ;0.122529644269 ;0.120553359684 ;0.122529644269 ;0.120553359684 ;0.116600790514 ;0.118577075099 ;0.120553359684 ;0.124505928854 ;0.128458498024 ;0.126482213439 ;0.124505928854 ;0.122529644269 ;0.124505928854 ;0.132411067194 ;0.154150197628 ;0.185770750988 ;0.215415019763 ;0.239130434783 ;0.266798418972 ;0.284584980237 ;0.284584980237 ;0.286561264822 ;0.258893280632 ;0.225296442688 ;0.199604743083 ;0.193675889328 ;0.225296442688 ;0.286561264822 ;0.369565217391 ;0.466403162055 ;0.563241106719 ;0.660079051383 ;0.749011857708 ;0.841897233202 ;0.920948616601 ;0.974308300395 ;1.000000000000 ;0.996047430830 ;0.966403162055 ;0.913043478261 ;0.835968379447 ;0.741106719368 ;0.626482213439 ;0.517786561265 ;0.409090909091 ;0.310276679842 ;0.219367588933 ;0.138339920949 ;0.083003952569 ;0.037549407115 ;0.007905138340 ;0.000000000000 ;0.000000000000 ;0.007905138340 ;0.011857707510 ;0.023715415020 ;0.033596837945 ;0.045454545455 ;0.061264822134 ;0.071146245059 ;0.073122529644 ;0.073122529644 ;0.071146245059 ;0.071146245059 ;0.067193675889 ;0.065217391304 ;0.063241106719 ;0.065217391304 ;0.069169960474 ;0.067193675889 ;0.065217391304 ;0.065217391304 ;0.065217391304 ;0.063241106719 ;0.065217391304 ;0.065217391304 ;0.067193675889 ;0.065217391304 ;0.065217391304 ;0.063241106719 ;0.063241106719 ;0.067193675889 ;0.069169960474 ;0.067193675889 ;0.067193675889 ;0.065217391304 ;0.063241106719 ;0.063241106719 ;0.063241106719 ;0.059288537549 ;0.057312252964 ;0.061264822134 ;0.053359683794 ;0.057312252964 ;0.061264822134 ;0.061264822134 ;0.061264822134 ;0.059288537549 ;0.063241106719 ;0.055335968379 ;0.055335968379 ;0.055335968379 ;0.051383399209 ;0.049407114625 ;0.047430830040 ;0.049407114625 ;0.047430830040 ;0.051383399209 ;0.055335968379 ;0.053359683794 ;0.053359683794 ;0.047430830040 ;0.041501976285 ;0.037549407115 ;0.035573122530 ;0.041501976285 ;0.037549407115 ;0.039525691700 ;0.041501976285 ;0.043478260870 ;0.043478260870 ;0.043478260870 ;0.041501976285 ;0.039525691700 ;0.035573122530 ;0.035573122530 ;0.033596837945 ;0.031620553360 ;0.033596837945 ;0.031620553360 ;0.041501976285 ;0.047430830040 ;0.049407114625 ;0.051383399209 ;0.055335968379 ;0.055335968379 ;0.055335968379 ;0.053359683794 ;0.057312252964 ;0.061264822134 ;0.069169960474 ;0.079051383399 ;0.086956521739 ;0.094861660079 ;0.100790513834 ;0.100790513834 ;0.108695652174 ;0.108695652174 ;0.114624505929 ;0.118577075099 ;0.124505928854 ;0.122529644269 ;0.134387351779 ;0.148221343874 ;0.156126482213 ;0.169960474308 ;0.177865612648 ;0.185770750988 ;0.183794466403 ;0.181818181818 ;0.183794466403 ;0.183794466403 ;0.183794466403 ;0.179841897233 ;0.185770750988 ;0.187747035573 ;0.191699604743 ;0.193675889328 ;
0.426900584795 ;0.412280701754 ;0.388888888889 ;0.383040935673 ;0.377192982456 ;0.371345029240 ;0.353801169591 ;0.339181286550 ;0.321637426901 ;0.318713450292 ;0.315789473684 ;0.292397660819 ;0.280701754386 ;0.263157894737 ;0.254385964912 ;0.260233918129 ;0.248538011696 ;0.236842105263 ;0.225146198830 ;0.204678362573 ;0.216374269006 ;0.228070175439 ;0.228070175439 ;0.236842105263 ;0.230994152047 ;0.210526315789 ;0.216374269006 ;0.219298245614 ;0.228070175439 ;0.228070175439 ;0.225146198830 ;0.219298245614 ;0.219298245614 ;0.236842105263 ;0.242690058480 ;0.233918128655 ;0.230994152047 ;0.225146198830 ;0.228070175439 ;0.242690058480 ;0.248538011696 ;0.251461988304 ;0.239766081871 ;0.248538011696 ;0.245614035088 ;0.251461988304 ;0.254385964912 ;0.254385964912 ;0.248538011696 ;0.245614035088 ;0.245614035088 ;0.254385964912 ;0.266081871345 ;0.266081871345 ;0.266081871345 ;0.254385964912 ;0.248538011696 ;0.260233918129 ;0.269005847953 ;0.263157894737 ;0.260233918129 ;0.263157894737 ;0.266081871345 ;0.271929824561 ;0.274853801170 ;0.263157894737 ;0.260233918129 ;0.260233918129 ;0.271929824561 ;0.295321637427 ;0.315789473684 ;0.321637426901 ;0.318713450292 ;0.318713450292 ;0.330409356725 ;0.345029239766 ;0.359649122807 ;0.371345029240 ;0.383040935673 ;0.388888888889 ;0.409356725146 ;0.415204678363 ;0.423976608187 ;0.415204678363 ;0.406432748538 ;0.391812865497 ;0.403508771930 ;0.403508771930 ;0.385964912281 ;0.362573099415 ;0.333333333333 ;0.301169590643 ;0.269005847953 ;0.263157894737 ;0.271929824561 ;0.251461988304 ;0.242690058480 ;0.230994152047 ;0.216374269006 ;0.216374269006 ;0.225146198830 ;0.207602339181 ;0.204678362573 ;0.190058479532 ;0.195906432749 ;0.195906432749 ;0.201754385965 ;0.190058479532 ;0.184210526316 ;0.163742690058 ;0.163742690058 ;0.178362573099 ;0.192982456140 ;0.190058479532 ;0.181286549708 ;0.181286549708 ;0.184210526316 ;0.190058479532 ;0.198830409357 ;0.201754385965 ;0.207602339181 ;0.228070175439 ;0.266081871345 ;0.327485380117 ;0.406432748538 ;0.491228070175 ;0.602339181287 ;0.725146198830 ;0.862573099415 ;0.964912280702 ;1.000000000000 ;0.894736842105 ;0.678362573099 ;0.412280701754 ;0.198830409357 ;0.081871345029 ;0.067251461988 ;0.093567251462 ;0.105263157895 ;0.093567251462 ;0.070175438596 ;0.061403508772 ;0.040935672515 ;0.017543859649 ;0.008771929825 ;0.000000000000 ;0.008771929825 ;0.023391812865 ;0.026315789474 ;0.020467836257 ;0.011695906433 ;0.000000000000 ;0.011695906433 ;0.026315789474 ;0.038011695906 ;0.055555555556 ;0.070175438596 ;0.090643274854 ;0.137426900585 ;0.172514619883 ;0.216374269006 ;0.233918128655 ;0.228070175439 ;0.230994152047 ;0.239766081871 ;0.260233918129 ;0.271929824561 ;0.280701754386 ;0.277777777778 ;0.280701754386 ;0.277777777778 ;0.292397660819 ;0.298245614035 ;0.304093567251 ;0.301169590643 ;0.301169590643 ;0.304093567251 ;0.307017543860 ;0.324561403509 ;0.324561403509 ;0.315789473684 ;0.315789473684 ;0.318713450292 ;0.327485380117 ;0.342105263158 ;0.347953216374 ;0.350877192982 ;0.353801169591 ;0.362573099415 ;0.365497076023 ;0.365497076023 ;0.377192982456 ;0.383040935673 ;0.385964912281 ;0.394736842105 ;0.415204678363 ;0.426900584795 ;0.423976608187 ;0.426900584795 ;0.421052631579 ;0.426900584795 ;0.453216374269 ;0.461988304094 ;0.473684210526 ;0.470760233918 ;0.470760233918 ;0.479532163743 ;0.488304093567 ;0.491228070175 ;0.482456140351 ;0.479532163743 ;0.479532163743 ;0.485380116959 ;0.491228070175 ;0.497076023392 ;0.479532163743 ;0.464912280702 ;0.441520467836 ;0.432748538012 ;0.423976608187 ;0.421052631579 ;0.403508771930 ;0.388888888889 ;0.368421052632 ;0.362573099415 ;0.347953216374 ;0.336257309942 ;0.324561403509 ;0.312865497076 ;0.289473684211 ;0.280701754386 ;0.286549707602 ;0.283625730994 ;0.266081871345 ;0.239766081871 ;0.233918128655 ;0.219298245614 ;0.225146198830 ;0.225146198830 ;0.228070175439 ;0.216374269006 ;0.210526315789 ;0.210526315789 ;0.210526315789 ;0.201754385965 ;0.201754385965 ;0.190058479532 ;0.187134502924 ;0.192982456140 ;0.195906432749 ;0.204678362573 ;0.210526315789 ;0.204678362573 ;0.190058479532 ;0.195906432749 ;0.192982456140 ;0.198830409357 ;0.198830409357 ;0.187134502924 ;0.192982456140 ;
0.454780361757 ;0.434108527132 ;0.421188630491 ;0.405684754522 ;0.397932816537 ;0.382428940568 ;0.366925064599 ;0.361757105943 ;0.356589147287 ;0.346253229974 ;0.333333333333 ;0.325581395349 ;0.302325581395 ;0.294573643411 ;0.286821705426 ;0.289405684755 ;0.284237726098 ;0.281653746770 ;0.279069767442 ;0.271317829457 ;0.271317829457 ;0.268733850129 ;0.268733850129 ;0.263565891473 ;0.258397932817 ;0.258397932817 ;0.268733850129 ;0.271317829457 ;0.276485788114 ;0.268733850129 ;0.260981912145 ;0.248062015504 ;0.250645994832 ;0.258397932817 ;0.266149870801 ;0.263565891473 ;0.260981912145 ;0.258397932817 ;0.266149870801 ;0.273901808786 ;0.276485788114 ;0.276485788114 ;0.258397932817 ;0.260981912145 ;0.263565891473 ;0.284237726098 ;0.291989664083 ;0.279069767442 ;0.260981912145 ;0.258397932817 ;0.268733850129 ;0.284237726098 ;0.291989664083 ;0.271317829457 ;0.263565891473 ;0.253229974160 ;0.260981912145 ;0.263565891473 ;0.268733850129 ;0.263565891473 ;0.248062015504 ;0.240310077519 ;0.248062015504 ;0.258397932817 ;0.273901808786 ;0.284237726098 ;0.284237726098 ;0.289405684755 ;0.297157622739 ;0.307493540052 ;0.325581395349 ;0.320413436693 ;0.320413436693 ;0.315245478036 ;0.320413436693 ;0.346253229974 ;0.366925064599 ;0.382428940568 ;0.379844961240 ;0.372093023256 ;0.374677002584 ;0.379844961240 ;0.387596899225 ;0.382428940568 ;0.372093023256 ;0.361757105943 ;0.348837209302 ;0.346253229974 ;0.328165374677 ;0.297157622739 ;0.279069767442 ;0.271317829457 ;0.268733850129 ;0.268733850129 ;0.268733850129 ;0.253229974160 ;0.227390180879 ;0.224806201550 ;0.222222222222 ;0.219638242894 ;0.227390180879 ;0.211886304910 ;0.206718346253 ;0.198966408269 ;0.196382428941 ;0.204134366925 ;0.217054263566 ;0.214470284238 ;0.204134366925 ;0.198966408269 ;0.196382428941 ;0.217054263566 ;0.229974160207 ;0.227390180879 ;0.229974160207 ;0.227390180879 ;0.224806201550 ;0.222222222222 ;0.227390180879 ;0.227390180879 ;0.235142118863 ;0.245478036176 ;0.276485788114 ;0.320413436693 ;0.382428940568 ;0.459948320413 ;0.560723514212 ;0.697674418605 ;0.829457364341 ;0.945736434109 ;1.000000000000 ;0.963824289406 ;0.819121447028 ;0.581395348837 ;0.341085271318 ;0.157622739018 ;0.085271317829 ;0.080103359173 ;0.121447028424 ;0.136950904393 ;0.126614987080 ;0.095607235142 ;0.072351421189 ;0.043927648579 ;0.020671834625 ;0.000000000000 ;0.012919896641 ;0.025839793282 ;0.038759689922 ;0.041343669251 ;0.025839793282 ;0.015503875969 ;0.007751937984 ;0.015503875969 ;0.033591731266 ;0.049095607235 ;0.067183462532 ;0.085271317829 ;0.108527131783 ;0.136950904393 ;0.180878552972 ;0.206718346253 ;0.222222222222 ;0.250645994832 ;0.268733850129 ;0.273901808786 ;0.284237726098 ;0.289405684755 ;0.294573643411 ;0.302325581395 ;0.312661498708 ;0.320413436693 ;0.315245478036 ;0.310077519380 ;0.304909560724 ;0.302325581395 ;0.320413436693 ;0.328165374677 ;0.351421188630 ;0.351421188630 ;0.348837209302 ;0.351421188630 ;0.359173126615 ;0.351421188630 ;0.366925064599 ;0.366925064599 ;0.369509043928 ;0.372093023256 ;0.382428940568 ;0.395348837209 ;0.403100775194 ;0.405684754522 ;0.403100775194 ;0.408268733850 ;0.418604651163 ;0.441860465116 ;0.459948320413 ;0.465116279070 ;0.467700258398 ;0.472868217054 ;0.485788113695 ;0.483204134367 ;0.498708010336 ;0.506459948320 ;0.506459948320 ;0.506459948320 ;0.519379844961 ;0.537467700258 ;0.550387596899 ;0.545219638243 ;0.545219638243 ;0.542635658915 ;0.558139534884 ;0.563307493540 ;0.568475452196 ;0.560723514212 ;0.545219638243 ;0.532299741602 ;0.519379844961 ;0.511627906977 ;0.501291989664 ;0.483204134367 ;0.459948320413 ;0.436692506460 ;0.431524547804 ;0.423772609819 ;0.408268733850 ;0.385012919897 ;0.366925064599 ;0.348837209302 ;0.341085271318 ;0.341085271318 ;0.341085271318 ;0.333333333333 ;0.315245478036 ;0.304909560724 ;0.289405684755 ;0.284237726098 ;0.273901808786 ;0.268733850129 ;0.263565891473 ;0.266149870801 ;0.266149870801 ;0.263565891473 ;0.263565891473 ;0.253229974160 ;0.242894056848 ;0.240310077519 ;0.250645994832 ;0.258397932817 ;0.260981912145 ;0.250645994832 ;0.253229974160 ;0.240310077519 ;0.248062015504 ;0.255813953488 ;0.255813953488 ;0.258397932817 ;0.248062015504 ;0.242894056848 ;
0.305084745763 ;0.303201506591 ;0.301318267420 ;0.306967984934 ;0.305084745763 ;0.299435028249 ;0.299435028249 ;0.299435028249 ;0.293785310734 ;0.297551789077 ;0.301318267420 ;0.303201506591 ;0.303201506591 ;0.306967984934 ;0.303201506591 ;0.305084745763 ;0.301318267420 ;0.297551789077 ;0.297551789077 ;0.299435028249 ;0.297551789077 ;0.303201506591 ;0.306967984934 ;0.312617702448 ;0.312617702448 ;0.312617702448 ;0.306967984934 ;0.301318267420 ;0.301318267420 ;0.295668549906 ;0.299435028249 ;0.299435028249 ;0.301318267420 ;0.301318267420 ;0.301318267420 ;0.301318267420 ;0.305084745763 ;0.305084745763 ;0.301318267420 ;0.301318267420 ;0.301318267420 ;0.301318267420 ;0.305084745763 ;0.305084745763 ;0.308851224105 ;0.312617702448 ;0.314500941620 ;0.316384180791 ;0.314500941620 ;0.310734463277 ;0.305084745763 ;0.301318267420 ;0.301318267420 ;0.299435028249 ;0.303201506591 ;0.310734463277 ;0.308851224105 ;0.306967984934 ;0.314500941620 ;0.314500941620 ;0.318267419962 ;0.318267419962 ;0.314500941620 ;0.322033898305 ;0.323917137476 ;0.327683615819 ;0.333333333333 ;0.333333333333 ;0.338983050847 ;0.340866290019 ;0.342749529190 ;0.350282485876 ;0.355932203390 ;0.363465160075 ;0.369114877589 ;0.380414312618 ;0.382297551789 ;0.380414312618 ;0.384180790960 ;0.378531073446 ;0.372881355932 ;0.372881355932 ;0.369114877589 ;0.367231638418 ;0.359698681733 ;0.359698681733 ;0.352165725047 ;0.346516007533 ;0.335216572505 ;0.323917137476 ;0.316384180791 ;0.314500941620 ;0.303201506591 ;0.301318267420 ;0.301318267420 ;0.303201506591 ;0.299435028249 ;0.301318267420 ;0.299435028249 ;0.303201506591 ;0.301318267420 ;0.299435028249 ;0.303201506591 ;0.299435028249 ;0.297551789077 ;0.297551789077 ;0.299435028249 ;0.291902071563 ;0.293785310734 ;0.293785310734 ;0.293785310734 ;0.297551789077 ;0.299435028249 ;0.305084745763 ;0.299435028249 ;0.299435028249 ;0.291902071563 ;0.288135593220 ;0.280602636535 ;0.265536723164 ;0.244821092279 ;0.229755178908 ;0.235404896422 ;0.276836158192 ;0.357815442561 ;0.482109227872 ;0.629001883239 ;0.783427495292 ;0.911487758945 ;0.996233521657 ;1.000000000000 ;0.907721280603 ;0.728813559322 ;0.506591337100 ;0.318267419962 ;0.201506591337 ;0.156308851224 ;0.150659133710 ;0.169491525424 ;0.177024482109 ;0.167608286252 ;0.145009416196 ;0.103578154426 ;0.058380414313 ;0.026365348399 ;0.005649717514 ;0.000000000000 ;0.000000000000 ;0.005649717514 ;0.018832391714 ;0.041431261770 ;0.073446327684 ;0.105461393597 ;0.139359698682 ;0.178907721281 ;0.212806026365 ;0.237288135593 ;0.254237288136 ;0.265536723164 ;0.267419962335 ;0.271186440678 ;0.265536723164 ;0.267419962335 ;0.267419962335 ;0.273069679849 ;0.274952919021 ;0.280602636535 ;0.293785310734 ;0.299435028249 ;0.301318267420 ;0.303201506591 ;0.301318267420 ;0.305084745763 ;0.303201506591 ;0.308851224105 ;0.306967984934 ;0.312617702448 ;0.306967984934 ;0.312617702448 ;0.310734463277 ;0.306967984934 ;0.299435028249 ;0.299435028249 ;0.297551789077 ;0.295668549906 ;0.299435028249 ;0.305084745763 ;0.308851224105 ;0.322033898305 ;0.325800376648 ;0.327683615819 ;0.325800376648 ;0.323917137476 ;0.322033898305 ;0.318267419962 ;0.316384180791 ;0.314500941620 ;0.312617702448 ;0.310734463277 ;0.312617702448 ;0.320150659134 ;0.320150659134 ;0.327683615819 ;0.331450094162 ;0.333333333333 ;0.338983050847 ;0.344632768362 ;0.342749529190 ;0.344632768362 ;0.344632768362 ;0.348399246704 ;0.348399246704 ;0.352165725047 ;0.359698681733 ;0.363465160075 ;0.363465160075 ;0.363465160075 ;0.365348399247 ;0.365348399247 ;0.365348399247 ;0.369114877589 ;0.370998116761 ;0.369114877589 ;0.374764595104 ;0.378531073446 ;0.384180790960 ;0.387947269303 ;0.393596986817 ;0.391713747646 ;0.399246704331 ;0.403013182674 ;0.406779661017 ;0.410546139360 ;0.414312617702 ;0.419962335217 ;0.419962335217 ;0.423728813559 ;0.433145009416 ;0.436911487759 ;0.451977401130 ;0.457627118644 ;0.463276836158 ;0.457627118644 ;0.472693032015 ;0.472693032015 ;0.476459510358 ;0.480225988701 ;0.483992467043 ;0.485875706215 ;0.493408662900 ;0.500941619586 ;0.506591337100 ;0.508474576271 ;0.506591337100 ;0.510357815443 ;0.514124293785 ;0.517890772128 ;0.519774011299 ;0.521657250471 ;0.521657250471 ;
0.324218750000 ;0.320312500000 ;0.318359375000 ;0.320312500000 ;0.314453125000 ;0.314453125000 ;0.316406250000 ;0.318359375000 ;0.320312500000 ;0.312500000000 ;0.312500000000 ;0.316406250000 ;0.310546875000 ;0.306640625000 ;0.304687500000 ;0.302734375000 ;0.298828125000 ;0.308593750000 ;0.312500000000 ;0.316406250000 ;0.314453125000 ;0.312500000000 ;0.312500000000 ;0.306640625000 ;0.306640625000 ;0.302734375000 ;0.302734375000 ;0.302734375000 ;0.300781250000 ;0.302734375000 ;0.300781250000 ;0.302734375000 ;0.306640625000 ;0.304687500000 ;0.310546875000 ;0.308593750000 ;0.306640625000 ;0.304687500000 ;0.300781250000 ;0.298828125000 ;0.300781250000 ;0.300781250000 ;0.300781250000 ;0.306640625000 ;0.310546875000 ;0.312500000000 ;0.308593750000 ;0.306640625000 ;0.300781250000 ;0.304687500000 ;0.300781250000 ;0.302734375000 ;0.306640625000 ;0.310546875000 ;0.314453125000 ;0.324218750000 ;0.324218750000 ;0.326171875000 ;0.332031250000 ;0.332031250000 ;0.337890625000 ;0.333984375000 ;0.332031250000 ;0.333984375000 ;0.335937500000 ;0.345703125000 ;0.347656250000 ;0.357421875000 ;0.367187500000 ;0.365234375000 ;0.369140625000 ;0.367187500000 ;0.367187500000 ;0.361328125000 ;0.353515625000 ;0.349609375000 ;0.347656250000 ;0.347656250000 ;0.343750000000 ;0.345703125000 ;0.341796875000 ;0.337890625000 ;0.333984375000 ;0.326171875000 ;0.318359375000 ;0.306640625000 ;0.304687500000 ;0.304687500000 ;0.296875000000 ;0.298828125000 ;0.298828125000 ;0.302734375000 ;0.300781250000 ;0.302734375000 ;0.298828125000 ;0.298828125000 ;0.294921875000 ;0.292968750000 ;0.287109375000 ;0.291015625000 ;0.287109375000 ;0.289062500000 ;0.291015625000 ;0.291015625000 ;0.294921875000 ;0.296875000000 ;0.294921875000 ;0.292968750000 ;0.289062500000 ;0.287109375000 ;0.287109375000 ;0.285156250000 ;0.283203125000 ;0.287109375000 ;0.289062500000 ;0.289062500000 ;0.287109375000 ;0.277343750000 ;0.257812500000 ;0.230468750000 ;0.201171875000 ;0.187500000000 ;0.201171875000 ;0.265625000000 ;0.371093750000 ;0.519531250000 ;0.687500000000 ;0.845703125000 ;0.966796875000 ;1.000000000000 ;0.939453125000 ;0.779296875000 ;0.582031250000 ;0.402343750000 ;0.279296875000 ;0.216796875000 ;0.203125000000 ;0.205078125000 ;0.203125000000 ;0.185546875000 ;0.146484375000 ;0.099609375000 ;0.052734375000 ;0.017578125000 ;0.000000000000 ;0.000000000000 ;0.005859375000 ;0.021484375000 ;0.050781250000 ;0.083984375000 ;0.119140625000 ;0.158203125000 ;0.195312500000 ;0.224609375000 ;0.250000000000 ;0.263671875000 ;0.273437500000 ;0.275390625000 ;0.279296875000 ;0.279296875000 ;0.279296875000 ;0.281250000000 ;0.285156250000 ;0.292968750000 ;0.302734375000 ;0.302734375000 ;0.304687500000 ;0.300781250000 ;0.304687500000 ;0.298828125000 ;0.294921875000 ;0.296875000000 ;0.298828125000 ;0.304687500000 ;0.306640625000 ;0.308593750000 ;0.308593750000 ;0.308593750000 ;0.312500000000 ;0.310546875000 ;0.306640625000 ;0.308593750000 ;0.306640625000 ;0.306640625000 ;0.308593750000 ;0.314453125000 ;0.316406250000 ;0.322265625000 ;0.328125000000 ;0.326171875000 ;0.326171875000 ;0.324218750000 ;0.326171875000 ;0.324218750000 ;0.326171875000 ;0.332031250000 ;0.330078125000 ;0.333984375000 ;0.333984375000 ;0.341796875000 ;0.345703125000 ;0.347656250000 ;0.345703125000 ;0.345703125000 ;0.347656250000 ;0.347656250000 ;0.345703125000 ;0.345703125000 ;0.351562500000 ;0.357421875000 ;0.359375000000 ;0.367187500000 ;0.369140625000 ;0.367187500000 ;0.375000000000 ;0.369140625000 ;0.375000000000 ;0.376953125000 ;0.375000000000 ;0.376953125000 ;0.380859375000 ;0.378906250000 ;0.386718750000 ;0.388671875000 ;0.400390625000 ;0.402343750000 ;0.406250000000 ;0.404296875000 ;0.408203125000 ;0.406250000000 ;0.408203125000 ;0.412109375000 ;0.416015625000 ;0.423828125000 ;0.425781250000 ;0.431640625000 ;0.437500000000 ;0.443359375000 ;0.443359375000 ;0.447265625000 ;0.447265625000 ;0.447265625000 ;0.451171875000 ;0.451171875000 ;0.455078125000 ;0.457031250000 ;0.462890625000 ;0.464843750000 ;0.470703125000 ;0.470703125000 ;0.470703125000 ;0.472656250000 ;0.476562500000 ;0.474609375000 ;0.474609375000 ;0.478515625000 ;0.484375000000 ;0.488281250000 ;0.490234375000 ;0.494140625000 ;
0.255972696246 ;0.259385665529 ;0.259385665529 ;0.259385665529 ;0.266211604096 ;0.262798634812 ;0.249146757679 ;0.242320819113 ;0.252559726962 ;0.255972696246 ;0.259385665529 ;0.255972696246 ;0.238907849829 ;0.235494880546 ;0.235494880546 ;0.249146757679 ;0.262798634812 ;0.259385665529 ;0.245733788396 ;0.242320819113 ;0.249146757679 ;0.249146757679 ;0.259385665529 ;0.252559726962 ;0.245733788396 ;0.228668941980 ;0.228668941980 ;0.242320819113 ;0.252559726962 ;0.245733788396 ;0.232081911263 ;0.221843003413 ;0.225255972696 ;0.235494880546 ;0.252559726962 ;0.238907849829 ;0.228668941980 ;0.221843003413 ;0.225255972696 ;0.232081911263 ;0.238907849829 ;0.235494880546 ;0.228668941980 ;0.232081911263 ;0.225255972696 ;0.225255972696 ;0.225255972696 ;0.218430034130 ;0.215017064846 ;0.211604095563 ;0.201365187713 ;0.225255972696 ;0.225255972696 ;0.225255972696 ;0.218430034130 ;0.211604095563 ;0.211604095563 ;0.201365187713 ;0.225255972696 ;0.211604095563 ;0.197952218430 ;0.194539249147 ;0.201365187713 ;0.211604095563 ;0.221843003413 ;0.211604095563 ;0.211604095563 ;0.201365187713 ;0.215017064846 ;0.218430034130 ;0.221843003413 ;0.215017064846 ;0.218430034130 ;0.208191126280 ;0.208191126280 ;0.211604095563 ;0.225255972696 ;0.218430034130 ;0.204778156997 ;0.194539249147 ;0.194539249147 ;0.208191126280 ;0.221843003413 ;0.215017064846 ;0.221843003413 ;0.218430034130 ;0.215017064846 ;0.208191126280 ;0.211604095563 ;0.215017064846 ;0.204778156997 ;0.201365187713 ;0.204778156997 ;0.218430034130 ;0.225255972696 ;0.221843003413 ;0.204778156997 ;0.194539249147 ;0.208191126280 ;0.208191126280 ;0.218430034130 ;0.211604095563 ;0.211604095563 ;0.197952218430 ;0.204778156997 ;0.225255972696 ;0.225255972696 ;0.211604095563 ;0.204778156997 ;0.204778156997 ;0.201365187713 ;0.211604095563 ;0.232081911263 ;0.232081911263 ;0.228668941980 ;0.228668941980 ;0.225255972696 ;0.232081911263 ;0.245733788396 ;0.249146757679 ;0.235494880546 ;0.215017064846 ;0.218430034130 ;0.262798634812 ;0.351535836177 ;0.477815699659 ;0.617747440273 ;0.774744027304 ;0.918088737201 ;1.000000000000 ;0.972696245734 ;0.815699658703 ;0.593856655290 ;0.406143344710 ;0.313993174061 ;0.300341296928 ;0.334470989761 ;0.341296928328 ;0.317406143345 ;0.269624573379 ;0.232081911263 ;0.194539249147 ;0.184300341297 ;0.170648464164 ;0.160409556314 ;0.146757679181 ;0.150170648464 ;0.156996587031 ;0.153583617747 ;0.153583617747 ;0.139931740614 ;0.143344709898 ;0.146757679181 ;0.150170648464 ;0.156996587031 ;0.156996587031 ;0.139931740614 ;0.129692832765 ;0.136518771331 ;0.150170648464 ;0.153583617747 ;0.150170648464 ;0.143344709898 ;0.139931740614 ;0.146757679181 ;0.153583617747 ;0.174061433447 ;0.160409556314 ;0.156996587031 ;0.146757679181 ;0.156996587031 ;0.170648464164 ;0.170648464164 ;0.167235494881 ;0.143344709898 ;0.139931740614 ;0.150170648464 ;0.156996587031 ;0.174061433447 ;0.167235494881 ;0.160409556314 ;0.153583617747 ;0.156996587031 ;0.156996587031 ;0.170648464164 ;0.160409556314 ;0.146757679181 ;0.139931740614 ;0.139931740614 ;0.146757679181 ;0.153583617747 ;0.156996587031 ;0.139931740614 ;0.136518771331 ;0.143344709898 ;0.163822525597 ;0.167235494881 ;0.160409556314 ;0.150170648464 ;0.136518771331 ;0.136518771331 ;0.150170648464 ;0.146757679181 ;0.136518771331 ;0.139931740614 ;0.126279863481 ;0.119453924915 ;0.129692832765 ;0.133105802048 ;0.136518771331 ;0.122866894198 ;0.116040955631 ;0.116040955631 ;0.112627986348 ;0.109215017065 ;0.109215017065 ;0.092150170648 ;0.081911262799 ;0.078498293515 ;0.071672354949 ;0.068259385666 ;0.064846416382 ;0.061433447099 ;0.051194539249 ;0.058020477816 ;0.061433447099 ;0.064846416382 ;0.051194539249 ;0.034129692833 ;0.013651877133 ;0.030716723549 ;0.017064846416 ;0.013651877133 ;0.010238907850 ;0.000000000000 ;0.010238907850 ;0.017064846416 ;0.013651877133 ;0.020477815700 ;0.006825938567 ;0.006825938567 ;0.010238907850 ;0.027303754266 ;0.027303754266 ;0.023890784983 ;0.030716723549 ;0.017064846416 ;0.003412969283 ;0.023890784983 ;0.037542662116 ;0.037542662116 ;0.037542662116 ;0.023890784983 ;0.006825938567 ;0.017064846416 ;0.037542662116 ;0.058020477816 ;0.047781569966 ;0.058020477816 ;0.051194539249 ;
